2026-04-19T18:00:40: 
2026-04-19T18:00:40:   ╔══════════════════════════════════════════╗
2026-04-19T18:00:40:   ║                                          ║
2026-04-19T18:00:40:   ║     大乐罗盘 · Dale Compass              ║
2026-04-19T18:00:40:   ║     个人投资分析罗盘                       ║
2026-04-19T18:00:40:   ║                                          ║
2026-04-19T18:00:40:   ║     🌐 http://localhost:3200              ║
2026-04-19T18:00:40:   ║                                          ║
2026-04-19T18:00:40:   ╚══════════════════════════════════════════╝
2026-04-19T18:00:40: 
2026-04-19T18:00:40:   数据源: 雪球基金(Wind) + 动态可用估值网站 + 东方财富行情 + 知有行
2026-04-19T18:00:40:   指数: 配置保存于 data/index-watchlist.json，在基金总览的指数实时行情面板管理
2026-04-19T18:00:40:   股票: 支持关注个股实时行情，配置保存于 data/stock-watchlist.json
2026-04-19T18:00:40:   缓存策略: 5分钟自动刷新，配置变更自动失效，支持手动强制刷新
2026-04-19T18:00:40: 
2026-04-19T18:00:40: [启动] Phase 1: 加载磁盘缓存完成 (32ms)，命中 6/6 个缓存
2026-04-19T18:00:40: [启动] 服务已就绪（使用磁盘缓存秒开），后台刷新数据中...
2026-04-19T18:00:40: [启动] Phase 2: 开始后台并行刷新所有数据...
2026-04-19T18:00:40: [数据] ===== 开始获取所有指数数据 =====
2026-04-19T18:00:40:   [配置] 核心指数: 沪深300, 中证500, 中证红利, 中证红利低波, 中证消费, 科创50, 恒生科技, 标普500, 纳斯达克100
2026-04-19T18:00:40:   [配置] Dashboard额外: 上证指数
2026-04-19T18:00:40: [主动基金] ===== 开始获取主动基金数据 =====
2026-04-19T18:00:40: [股票] ===== 获取关注股票行情 =====
2026-04-19T18:00:40: [ETF] ===== 获取关注 ETF 行情 =====
2026-04-19T18:00:40:   [主动基金] 大成睿享混合A: 净值=1.7715, 近1年=15.14%, 基金经理=徐彦 (东方财富)
2026-04-19T18:00:40:   [主动基金] 华泰柏瑞中证红利低波ETF联接A: 净值=1.6514, 近1年=5.31%, 基金经理=柳军 (东方财富)
2026-04-19T18:00:40:   [主动基金] 汇添富中证主要消费ETF联接A: 净值=2.0267, 近1年=-11%, 基金经理=过蓓蓓 (东方财富)
2026-04-19T18:00:40:   [蛋卷基金] 获取 63 个指数估值数据
2026-04-19T18:00:40:   [蛋卷基金] 获取 63 个指数估值数据
2026-04-19T18:00:40:   [主动基金] 易方达恒生科技ETF联接(QDII)A: 净值=1.207, 近1年=-2.86%, 基金经理=刘依姗 (东方财富)
2026-04-19T18:00:40:   [主动基金] 摩根标普500指数(QDII)人民币A: 净值=1.5824, 近1年=25.42%, 基金经理=张军 (东方财富)
2026-04-19T18:00:40:   [主动基金] 建信中证500指数增强C: 净值=3.4962, 近1年=44.47%, 基金经理=叶乐天 (东方财富)
2026-04-19T18:00:40:   [知有行] 获取 12 个指数温度数据, 全市场温度: 69°
2026-04-19T18:00:40:   [知有行] 获取 12 个指数温度数据, 全市场温度: 69°
2026-04-19T18:00:40:   [主动基金] 易方达上证科创50联接A: 净值=1.099, 近1年=38.66%, 基金经理=林伟斌 (东方财富)
2026-04-19T18:00:40:   [主动基金] 摩根纳斯达克100指数(QDII)人民币A: 净值=1.5912, 近1年=34.68%, 基金经理=何智豪 (东方财富)
2026-04-19T18:00:40:   [主动基金] 易方达沪深300ETF联接A: 净值=1.9016, 近1年=27.23%, 基金经理=余海燕 (东方财富)
2026-04-19T18:00:40:   [主动基金] 兴全商业模式混合(LOF)A: 净值=5.243, 近1年=60.88%, 基金经理=乔迁 (东方财富)
2026-04-19T18:00:40:   [蛋卷基金] 获取 63 个指数估值数据
2026-04-19T18:00:40: [缓存] daily-eval 数据获取完成，耗时 0.6s
2026-04-19T18:00:40:   [预加载] ✅ 每日估值
2026-04-19T18:00:40:   [主动基金] 易方达中证红利ETF联接发起式A: 净值=1.2802, 近1年=10.41%, 基金经理=林伟斌 (东方财富)
2026-04-19T18:00:40:   [主动基金] 123456: 净值=undefined, 近1年=null%, 基金经理=N/A (东方财富)
2026-04-19T18:00:40:   [主动基金] 大成标普500等权重指数(QDII)A人民币: 净值=2.6479, 近1年=17.4%, 基金经理=冉凌浩 (东方财富)
2026-04-19T18:00:41: [主动基金] ===== 完成, 耗时 0.8s =====
2026-04-19T18:00:41: [缓存] active-funds 数据获取完成，耗时 0.8s
2026-04-19T18:00:41:   [预加载] ✅ 严选基金
2026-04-19T18:00:42:   [股票行情] 腾讯备用源获取 6 条
2026-04-19T18:00:42:   [股票行情] 已切换腾讯备用源
2026-04-19T18:00:42:   [ETF行情] 腾讯备用源获取 6 条
2026-04-19T18:00:42:   [ETF行情] 已切换腾讯备用源
2026-04-19T18:00:43: [ETF] ===== 完成，耗时 2.9s =====
2026-04-19T18:00:43: [缓存] etfs 数据获取完成，耗时 2.9s
2026-04-19T18:00:43:   [预加载] ✅ ETF行情
2026-04-19T18:00:43: [股票] ===== 完成，耗时 3.0s =====
2026-04-19T18:00:43: [缓存] stocks 数据获取完成，耗时 3.0s
2026-04-19T18:00:43:   [预加载] ✅ 股票行情
2026-04-19T18:00:46:   [行情] 腾讯备用源获取 8 条
2026-04-19T18:00:46:   [行情] 已切换腾讯备用源
2026-04-19T18:00:46: [缓存] index-quotes 数据获取完成，耗时 6.6s
2026-04-19T18:00:46:   [预加载] ✅ 指数实时行情
2026-04-19T18:00:46:   [行情] 腾讯备用源获取 9 条
2026-04-19T18:00:46:   [行情] 已切换腾讯备用源
2026-04-19T18:00:47:   [沪深300] 开始获取数据...
2026-04-19T18:00:47:   [中证500] 开始获取数据...
2026-04-19T18:00:47:   [中证红利] 开始获取数据...
2026-04-19T18:00:47:   [中证红利低波] 开始获取数据...
2026-04-19T18:00:47:   [中证消费] 开始获取数据...
2026-04-19T18:00:47:   [科创50] 开始获取数据...
2026-04-19T18:00:47:   [K线] 1.000688 获取成功, 1524 条 (lmt=2520)
2026-04-19T18:00:47:   [科创50] 蛋卷基金: PE=159.6906, PE百分位=92.33%, 估值=high
2026-04-19T18:00:47:   [科创50] 完成: price=1423.35, PE=159.6906, PE%=92.33%, temp=N/A, src=danjuan-wind
2026-04-19T18:00:47:   [K线] 1.000905 获取成功, 2520 条 (lmt=2520)
2026-04-19T18:00:47:   [中证500] 蛋卷基金: PE=36.4631, PE百分位=85.52%, 估值=high
2026-04-19T18:00:47:   [中证500] 完成: price=8214.19, PE=36.4631, PE%=85.52%, temp=74°, src=danjuan-wind
2026-04-19T18:00:47:   [K线] 2.H30269 获取成功, 2520 条 (lmt=2520)
2026-04-19T18:00:47:   [中证红利低波] 蛋卷基金: PE=8.4035, PE百分位=77.92%, 估值=high
2026-04-19T18:00:47:   [中证红利低波] 完成: price=11361.19, PE=8.4035, PE%=77.92%, temp=N/A, src=danjuan-wind
2026-04-19T18:00:47:   [K线] 1.000932 获取成功, 2520 条 (lmt=2520)
2026-04-19T18:00:47:   [中证消费] 蛋卷基金: PE=19.9003, PE百分位=7.92%, 估值=low
2026-04-19T18:00:47:   [中证消费] 完成: price=14276.37, PE=19.9003, PE%=7.92%, temp=0°, src=danjuan-wind
2026-04-19T18:00:47:   [K线] 1.000922 获取成功, 2520 条 (lmt=2520)
2026-04-19T18:00:47:   [中证红利] 蛋卷基金: PE=8.6124, PE百分位=80.68%, 估值=high
2026-04-19T18:00:47:   [中证红利] 完成: price=5695.32, PE=8.6124, PE%=80.68%, temp=29°, src=danjuan-wind
2026-04-19T18:00:47:   [K线] 1.000300 获取成功, 2520 条 (lmt=2520)
2026-04-19T18:00:47:   [沪深300] 蛋卷基金: PE=14.4034, PE百分位=89.36%, 估值=high
2026-04-19T18:00:47:   [沪深300] 完成: price=4728.67, PE=14.4034, PE%=89.36%, temp=60°, src=danjuan-wind
2026-04-19T18:00:47:   [恒生科技] 开始获取数据...
2026-04-19T18:00:47:   [标普500] 开始获取数据...
2026-04-19T18:00:47:   [纳斯达克100] 开始获取数据...
2026-04-19T18:00:47:   [上证指数] 开始获取数据...
2026-04-19T18:00:48:   [K线] 100.SPX 获取成功, 2520 条 (lmt=2520)
2026-04-19T18:00:48:   [标普500] 完成: price=7126.06, PE=null, PE%=null%, temp=N/A, src=none
2026-04-19T18:00:48:   [K线] 100.NDX 获取成功, 2520 条 (lmt=2520)
2026-04-19T18:00:48:   [纳斯达克100] 完成: price=26672.43, PE=null, PE%=null%, temp=N/A, src=none
2026-04-19T18:00:48:   [K线] 1.000001 获取成功, 2520 条 (lmt=2520)
2026-04-19T18:00:48:   [上证指数] 完成: price=4051.43, PE=null, PE%=null%, temp=N/A, src=none
2026-04-19T18:00:48:   [K线] 124.HSTECH 获取成功, 2520 条 (lmt=2520)
2026-04-19T18:00:48:   [恒生科技] 蛋卷基金: PE=23.1832, PE百分位=33.98%, 估值=high
2026-04-19T18:00:48:   [恒生科技] 完成: price=5042.68, PE=23.1832, PE%=33.98%, temp=11°, src=danjuan-wind
2026-04-19T18:00:48: [数据] ===== 全部完成，耗时 7.8s =====
2026-04-19T18:00:48: [缓存] indices 数据获取完成，耗时 7.8s
2026-04-19T18:00:48:   [预加载] ✅ 指数完整数据
2026-04-19T18:00:48: [启动] Phase 2: 后台刷新完成 (7.8s)，成功 6/6
2026-04-19T18:17:11: 
2026-04-19T18:17:11:   ╔══════════════════════════════════════════╗
2026-04-19T18:17:11:   ║                                          ║
2026-04-19T18:17:11:   ║     大乐罗盘 · Dale Compass              ║
2026-04-19T18:17:11:   ║     个人投资分析罗盘                       ║
2026-04-19T18:17:11:   ║                                          ║
2026-04-19T18:17:11:   ║     🌐 http://localhost:3200              ║
2026-04-19T18:17:11:   ║                                          ║
2026-04-19T18:17:11:   ╚══════════════════════════════════════════╝
2026-04-19T18:17:11: 
2026-04-19T18:17:11:   数据源: 雪球基金(Wind) + 动态可用估值网站 + 东方财富行情 + 知有行
2026-04-19T18:17:11:   指数: 配置保存于 data/index-watchlist.json，在基金总览的指数实时行情面板管理
2026-04-19T18:17:11:   股票: 支持关注个股实时行情，配置保存于 data/stock-watchlist.json
2026-04-19T18:17:11:   缓存策略: 5分钟自动刷新，配置变更自动失效，支持手动强制刷新
2026-04-19T18:17:11: 
2026-04-19T18:17:11: [启动] Phase 1: 加载磁盘缓存完成 (42ms)，命中 6/6 个缓存
2026-04-19T18:17:11: [启动] 服务已就绪（使用磁盘缓存秒开），后台刷新数据中...
2026-04-19T18:17:11: [启动] Phase 2: 开始后台并行刷新所有数据...
2026-04-19T18:17:11: [数据] ===== 开始获取所有指数数据 =====
2026-04-19T18:17:11:   [配置] 核心指数: 沪深300, 中证500, 中证红利, 中证红利低波, 中证消费, 科创50, 恒生科技, 标普500, 纳斯达克100
2026-04-19T18:17:11:   [配置] Dashboard额外: 上证指数
2026-04-19T18:17:11: [主动基金] ===== 开始获取主动基金数据 =====
2026-04-19T18:17:11: [股票] ===== 获取关注股票行情 =====
2026-04-19T18:17:11: [ETF] ===== 获取关注 ETF 行情 =====
2026-04-19T18:17:11:   [行情] 东方财富批量接口获取 9 条
2026-04-19T18:17:11:   [行情] 东方财富缺失 1 个指数(HSTECH), 用腾讯补漏
2026-04-19T18:17:11:   [行情] 东方财富批量接口获取 8 条
2026-04-19T18:17:11:   [行情] 东方财富缺失 1 个指数(HSTECH), 用腾讯补漏
2026-04-19T18:17:11:   [主动基金] 易方达恒生科技ETF联接(QDII)A: 净值=1.207, 近1年=-2.86%, 基金经理=刘依姗 (东方财富)
2026-04-19T18:17:11:   [主动基金] 汇添富中证主要消费ETF联接A: 净值=2.0267, 近1年=-11%, 基金经理=过蓓蓓 (东方财富)
2026-04-19T18:17:11:   [主动基金] 易方达上证科创50联接A: 净值=1.099, 近1年=38.66%, 基金经理=林伟斌 (东方财富)
2026-04-19T18:17:11:   [主动基金] 兴全商业模式混合(LOF)A: 净值=5.243, 近1年=60.88%, 基金经理=乔迁 (东方财富)
2026-04-19T18:17:11:   [行情] 腾讯备用源获取 1 条
2026-04-19T18:17:11:   [行情] 腾讯补漏成功: HSTECH
2026-04-19T18:17:11:   [主动基金] 大成睿享混合A: 净值=1.7715, 近1年=15.14%, 基金经理=徐彦 (东方财富)
2026-04-19T18:17:11:   [股票行情] 东方财富批量接口获取 6 条
2026-04-19T18:17:11:   [行情] 腾讯备用源获取 1 条
2026-04-19T18:17:11:   [行情] 腾讯补漏成功: HSTECH
2026-04-19T18:17:11:   [主动基金] 华泰柏瑞中证红利低波ETF联接A: 净值=1.6514, 近1年=5.31%, 基金经理=柳军 (东方财富)
2026-04-19T18:17:11:   [主动基金] 大成标普500等权重指数(QDII)A人民币: 净值=2.6479, 近1年=17.4%, 基金经理=冉凌浩 (东方财富)
2026-04-19T18:17:11:   [蛋卷基金] 获取 63 个指数估值数据
2026-04-19T18:17:11:   [主动基金] 摩根纳斯达克100指数(QDII)人民币A: 净值=1.5912, 近1年=34.68%, 基金经理=何智豪 (东方财富)
2026-04-19T18:17:11:   [蛋卷基金] 获取 63 个指数估值数据
2026-04-19T18:17:11:   [知有行] 获取 12 个指数温度数据, 全市场温度: 69°
2026-04-19T18:17:11:   [知有行] 获取 12 个指数温度数据, 全市场温度: 69°
2026-04-19T18:17:11: [缓存] index-quotes 数据获取完成，耗时 0.4s
2026-04-19T18:17:11:   [预加载] ✅ 指数实时行情
2026-04-19T18:17:11:   [ETF行情] 东方财富批量接口获取 6 条
2026-04-19T18:17:11:   [主动基金] 易方达沪深300ETF联接A: 净值=1.9016, 近1年=27.23%, 基金经理=余海燕 (东方财富)
2026-04-19T18:17:11:   [主动基金] 建信中证500指数增强C: 净值=3.4962, 近1年=44.47%, 基金经理=叶乐天 (东方财富)
2026-04-19T18:17:11:   [主动基金] 易方达中证红利ETF联接发起式A: 净值=1.2802, 近1年=10.41%, 基金经理=林伟斌 (东方财富)
2026-04-19T18:17:11:   [主动基金] 摩根标普500指数(QDII)人民币A: 净值=1.5824, 近1年=25.42%, 基金经理=张军 (东方财富)
2026-04-19T18:17:11:   [主动基金] 123456: 净值=undefined, 近1年=null%, 基金经理=N/A (东方财富)
2026-04-19T18:17:11: [主动基金] ===== 完成, 耗时 0.8s =====
2026-04-19T18:17:11: [缓存] active-funds 数据获取完成，耗时 0.8s
2026-04-19T18:17:12:   [预加载] ✅ 严选基金
2026-04-19T18:17:12: [股票] ===== 完成，耗时 1.0s =====
2026-04-19T18:17:12: [缓存] stocks 数据获取完成，耗时 1.0s
2026-04-19T18:17:12:   [预加载] ✅ 股票行情
2026-04-19T18:17:12:   [蛋卷基金] 获取 63 个指数估值数据
2026-04-19T18:17:12: [缓存] daily-eval 数据获取完成，耗时 1.1s
2026-04-19T18:17:12:   [预加载] ✅ 每日估值
2026-04-19T18:17:13:   [沪深300] 开始获取数据...
2026-04-19T18:17:13:   [中证500] 开始获取数据...
2026-04-19T18:17:13:   [中证红利] 开始获取数据...
2026-04-19T18:17:13:   [中证红利低波] 开始获取数据...
2026-04-19T18:17:13:   [中证消费] 开始获取数据...
2026-04-19T18:17:13:   [科创50] 开始获取数据...
2026-04-19T18:17:13: [ETF] ===== 完成，耗时 2.3s =====
2026-04-19T18:17:13: [缓存] etfs 数据获取完成，耗时 2.3s
2026-04-19T18:17:13:   [预加载] ✅ ETF行情
2026-04-19T18:17:14:   [K线] 1.000688 获取成功, 1524 条 (lmt=2520)
2026-04-19T18:17:14:   [科创50] 蛋卷基金: PE=159.6906, PE百分位=92.33%, 估值=high
2026-04-19T18:17:14:   [科创50] 完成: price=1423.35, PE=159.6906, PE%=92.33%, temp=N/A, src=danjuan-wind
2026-04-19T18:17:14:   [K线] 2.H30269 获取成功, 2520 条 (lmt=2520)
2026-04-19T18:17:14:   [中证红利低波] 蛋卷基金: PE=8.4035, PE百分位=77.92%, 估值=high
2026-04-19T18:17:14:   [中证红利低波] 完成: price=11361.19, PE=8.4035, PE%=77.92%, temp=N/A, src=danjuan-wind
2026-04-19T18:17:14:   [K线] 1.000905 获取成功, 2520 条 (lmt=2520)
2026-04-19T18:17:14:   [中证500] 蛋卷基金: PE=36.4631, PE百分位=85.52%, 估值=high
2026-04-19T18:17:14:   [中证500] 完成: price=8214.19, PE=36.4631, PE%=85.52%, temp=74°, src=danjuan-wind
2026-04-19T18:17:14:   [K线] 1.000922 获取成功, 2520 条 (lmt=2520)
2026-04-19T18:17:14:   [中证红利] 蛋卷基金: PE=8.6124, PE百分位=80.68%, 估值=high
2026-04-19T18:17:14:   [中证红利] 完成: price=5695.32, PE=8.6124, PE%=80.68%, temp=29°, src=danjuan-wind
2026-04-19T18:17:14:   [K线] 1.000932 获取成功, 2520 条 (lmt=2520)
2026-04-19T18:17:14:   [中证消费] 蛋卷基金: PE=19.9003, PE百分位=7.92%, 估值=low
2026-04-19T18:17:14:   [中证消费] 完成: price=14276.37, PE=19.9003, PE%=7.92%, temp=0°, src=danjuan-wind
2026-04-19T18:17:15:   [K线] 1.000300 获取成功, 2520 条 (lmt=2520)
2026-04-19T18:17:15:   [沪深300] 蛋卷基金: PE=14.4034, PE百分位=89.36%, 估值=high
2026-04-19T18:17:15:   [沪深300] 完成: price=4728.67, PE=14.4034, PE%=89.36%, temp=60°, src=danjuan-wind
2026-04-19T18:17:15:   [恒生科技] 开始获取数据...
2026-04-19T18:17:15:   [标普500] 开始获取数据...
2026-04-19T18:17:15:   [纳斯达克100] 开始获取数据...
2026-04-19T18:17:15:   [上证指数] 开始获取数据...
2026-04-19T18:17:15:   [K线] 100.NDX 获取成功, 2520 条 (lmt=2520)
2026-04-19T18:17:15:   [纳斯达克100] 完成: price=24468.48, PE=null, PE%=null%, temp=N/A, src=none
2026-04-19T18:17:16:   [K线] 1.000001 获取成功, 2520 条 (lmt=2520)
2026-04-19T18:17:16:   [上证指数] 完成: price=4051.43, PE=null, PE%=null%, temp=N/A, src=none
2026-04-19T18:17:17:   [K线] 124.HSTECH 获取成功, 2520 条 (lmt=2520)
2026-04-19T18:17:17:   [恒生科技] 蛋卷基金: PE=23.1832, PE百分位=33.98%, 估值=high
2026-04-19T18:17:17:   [恒生科技] 完成: price=5042.68, PE=23.1832, PE%=33.98%, temp=11°, src=danjuan-wind
2026-04-19T18:17:17:   [K线] 100.SPX 获取成功, 2520 条 (lmt=2520)
2026-04-19T18:17:17:   [标普500] 完成: price=7126.06, PE=null, PE%=null%, temp=N/A, src=none
2026-04-19T18:17:17: [数据] ===== 全部完成，耗时 6.2s =====
2026-04-19T18:17:17: [缓存] indices 数据获取完成，耗时 6.3s
2026-04-19T18:17:17:   [预加载] ✅ 指数完整数据
2026-04-19T18:17:17: [启动] Phase 2: 后台刷新完成 (6.3s)，成功 6/6
2026-04-19T18:32:20: 
2026-04-19T18:32:20:   ╔══════════════════════════════════════════╗
2026-04-19T18:32:20:   ║                                          ║
2026-04-19T18:32:20:   ║     大乐罗盘 · Dale Compass              ║
2026-04-19T18:32:20:   ║     个人投资分析罗盘                       ║
2026-04-19T18:32:20:   ║                                          ║
2026-04-19T18:32:20:   ║     🌐 http://localhost:3200              ║
2026-04-19T18:32:20:   ║                                          ║
2026-04-19T18:32:20:   ╚══════════════════════════════════════════╝
2026-04-19T18:32:20: 
2026-04-19T18:32:20:   数据源: 雪球基金(Wind) + 动态可用估值网站 + 东方财富行情 + 知有行
2026-04-19T18:32:20:   指数: 配置保存于 data/index-watchlist.json，在基金总览的指数实时行情面板管理
2026-04-19T18:32:20:   股票: 支持关注个股实时行情，配置保存于 data/stock-watchlist.json
2026-04-19T18:32:20:   缓存策略: 5分钟自动刷新，配置变更自动失效，支持手动强制刷新
2026-04-19T18:32:20: 
2026-04-19T18:32:20: [启动] Phase 1: 加载磁盘缓存完成 (42ms)，命中 6/6 个缓存
2026-04-19T18:32:20: [启动] 服务已就绪（使用磁盘缓存秒开），后台刷新数据中...
2026-04-19T18:32:20: [启动] Phase 2: 开始后台并行刷新所有数据...
2026-04-19T18:32:20: [数据] ===== 开始获取所有指数数据 =====
2026-04-19T18:32:20:   [配置] 核心指数: 沪深300, 中证500, 中证红利, 中证红利低波, 中证消费, 科创50, 恒生科技, 标普500, 纳斯达克100
2026-04-19T18:32:20:   [配置] Dashboard额外: 上证指数
2026-04-19T18:32:20: [主动基金] ===== 开始获取主动基金数据 =====
2026-04-19T18:32:20: [股票] ===== 获取关注股票行情 =====
2026-04-19T18:32:20: [ETF] ===== 获取关注 ETF 行情 =====
2026-04-19T18:32:21:   [行情] 东方财富批量接口获取 9 条
2026-04-19T18:32:21:   [行情] 东方财富缺失 1 个指数(HSTECH), 用腾讯补漏
2026-04-19T18:32:21:   [行情] 东方财富批量接口获取 8 条
2026-04-19T18:32:21:   [行情] 东方财富缺失 1 个指数(HSTECH), 用腾讯补漏
2026-04-19T18:32:21:   [主动基金] 易方达恒生科技ETF联接(QDII)A: 净值=1.207, 近1年=-2.86%, 基金经理=刘依姗 (东方财富)
2026-04-19T18:32:21:   [主动基金] 大成睿享混合A: 净值=1.7715, 近1年=15.14%, 基金经理=徐彦 (东方财富)
2026-04-19T18:32:21:   [蛋卷基金] 获取 63 个指数估值数据
2026-04-19T18:32:21:   [主动基金] 建信中证500指数增强C: 净值=3.4962, 近1年=44.47%, 基金经理=叶乐天 (东方财富)
2026-04-19T18:32:21:   [知有行] 获取 12 个指数温度数据, 全市场温度: 69°
2026-04-19T18:32:21:   [主动基金] 兴全商业模式混合(LOF)A: 净值=5.243, 近1年=60.88%, 基金经理=乔迁 (东方财富)
2026-04-19T18:32:21:   [主动基金] 易方达中证红利ETF联接发起式A: 净值=1.2802, 近1年=10.41%, 基金经理=林伟斌 (东方财富)
2026-04-19T18:32:21:   [主动基金] 易方达沪深300ETF联接A: 净值=1.9016, 近1年=27.23%, 基金经理=余海燕 (东方财富)
2026-04-19T18:32:21:   [行情] 腾讯备用源获取 1 条
2026-04-19T18:32:21:   [行情] 腾讯补漏成功: HSTECH
2026-04-19T18:32:21:   [行情] 腾讯备用源获取 1 条
2026-04-19T18:32:21:   [行情] 腾讯补漏成功: HSTECH
2026-04-19T18:32:21:   [股票行情] 东方财富批量接口获取 6 条
2026-04-19T18:32:21:   [ETF行情] 东方财富批量接口获取 6 条
2026-04-19T18:32:21:   [知有行] 获取 12 个指数温度数据, 全市场温度: 69°
2026-04-19T18:32:21:   [主动基金] 易方达上证科创50联接A: 净值=1.099, 近1年=38.66%, 基金经理=林伟斌 (东方财富)
2026-04-19T18:32:21:   [主动基金] 汇添富中证主要消费ETF联接A: 净值=2.0267, 近1年=-11%, 基金经理=过蓓蓓 (东方财富)
2026-04-19T18:32:21:   [主动基金] 摩根纳斯达克100指数(QDII)人民币A: 净值=1.5912, 近1年=34.68%, 基金经理=何智豪 (东方财富)
2026-04-19T18:32:21:   [主动基金] 摩根标普500指数(QDII)人民币A: 净值=1.5824, 近1年=25.42%, 基金经理=张军 (东方财富)
2026-04-19T18:32:21:   [蛋卷基金] 获取 63 个指数估值数据
2026-04-19T18:32:21: [缓存] daily-eval 数据获取完成，耗时 0.6s
2026-04-19T18:32:21:   [预加载] ✅ 每日估值
2026-04-19T18:32:21:   [主动基金] 华泰柏瑞中证红利低波ETF联接A: 净值=1.6514, 近1年=5.31%, 基金经理=柳军 (东方财富)
2026-04-19T18:32:21:   [主动基金] 大成标普500等权重指数(QDII)A人民币: 净值=2.6479, 近1年=17.4%, 基金经理=冉凌浩 (东方财富)
2026-04-19T18:32:21:   [主动基金] 123456: 净值=undefined, 近1年=null%, 基金经理=N/A (东方财富)
2026-04-19T18:32:21:   [沪深300] 开始获取数据...
2026-04-19T18:32:21:   [中证500] 开始获取数据...
2026-04-19T18:32:21:   [中证红利] 开始获取数据...
2026-04-19T18:32:21:   [中证红利低波] 开始获取数据...
2026-04-19T18:32:21:   [中证消费] 开始获取数据...
2026-04-19T18:32:21:   [科创50] 开始获取数据...
2026-04-19T18:32:21: [主动基金] ===== 完成, 耗时 0.8s =====
2026-04-19T18:32:21: [缓存] active-funds 数据获取完成，耗时 0.8s
2026-04-19T18:32:21:   [预加载] ✅ 严选基金
2026-04-19T18:32:22:   [蛋卷基金] 获取 63 个指数估值数据
2026-04-19T18:32:22: [缓存] index-quotes 数据获取完成，耗时 1.1s
2026-04-19T18:32:22:   [预加载] ✅ 指数实时行情
2026-04-19T18:32:22:   [股票K线-腾讯] sh601012 fallback成功, 120 条
2026-04-19T18:32:22:   [股票K线] 东方财富冷却中，国电南瑞 直接使用腾讯备用源
2026-04-19T18:32:22:   [股票K线-腾讯] sh600406 fallback成功, 120 条
2026-04-19T18:32:22:   [股票K线] 东方财富冷却中，先导智能 直接使用腾讯备用源
2026-04-19T18:32:23:   [股票K线-腾讯] sz300450 fallback成功, 120 条
2026-04-19T18:32:23:   [股票K线] 东方财富冷却中，长江电力 直接使用腾讯备用源
2026-04-19T18:32:23:   [股票K线-腾讯] sh600900 fallback成功, 120 条
2026-04-19T18:32:23:   [股票K线] 东方财富冷却中，伊利股份 直接使用腾讯备用源
2026-04-19T18:32:23:   [股票K线-腾讯] sh600845 fallback成功, 120 条
2026-04-19T18:32:23:   [股票K线-腾讯] sh600887 fallback成功, 120 条
2026-04-19T18:32:23: [股票] ===== 完成，耗时 2.5s =====
2026-04-19T18:32:23: [缓存] stocks 数据获取完成，耗时 2.5s
2026-04-19T18:32:23:   [预加载] ✅ 股票行情
2026-04-19T18:32:23:   [K线-腾讯] sh000905 fallback成功, 2000 条
2026-04-19T18:32:23:   [中证500] 蛋卷基金: PE=36.4631, PE百分位=85.52%, 估值=high
2026-04-19T18:32:23:   [中证500] 完成: price=8214.19, PE=36.4631, PE%=85.52%, temp=74°, src=danjuan-wind
2026-04-19T18:32:23:   [K线-腾讯] sh000300 fallback成功, 2000 条
2026-04-19T18:32:23:   [沪深300] 蛋卷基金: PE=14.4034, PE百分位=89.36%, 估值=high
2026-04-19T18:32:23:   [沪深300] 完成: price=4728.67, PE=14.4034, PE%=89.36%, temp=60°, src=danjuan-wind
2026-04-19T18:32:23:   [K线-腾讯] sh000932 fallback成功, 2000 条
2026-04-19T18:32:23:   [中证消费] 蛋卷基金: PE=19.9003, PE百分位=7.92%, 估值=low
2026-04-19T18:32:23:   [中证消费] 完成: price=14276.37, PE=19.9003, PE%=7.92%, temp=0°, src=danjuan-wind
2026-04-19T18:32:23:   [K线-腾讯] sh000922 fallback成功, 2000 条
2026-04-19T18:32:23:   [中证红利] 蛋卷基金: PE=8.6124, PE百分位=80.68%, 估值=high
2026-04-19T18:32:23:   [中证红利] 完成: price=5695.32, PE=8.6124, PE%=80.68%, temp=29°, src=danjuan-wind
2026-04-19T18:32:24: [ETF] ===== 完成，耗时 3.3s =====
2026-04-19T18:32:24: [缓存] etfs 数据获取完成，耗时 3.3s
2026-04-19T18:32:24:   [预加载] ✅ ETF行情
2026-04-19T18:32:25:   [K线-腾讯] sh000688 fallback成功, 1524 条
2026-04-19T18:32:25:   [科创50] 蛋卷基金: PE=159.6906, PE百分位=92.33%, 估值=high
2026-04-19T18:32:25:   [科创50] 完成: price=1423.35, PE=159.6906, PE%=92.33%, temp=N/A, src=danjuan-wind
2026-04-19T18:32:25:   [中证红利低波] 蛋卷基金: PE=8.4035, PE百分位=77.92%, 估值=high
2026-04-19T18:32:25:   [中证红利低波] 完成: price=11361.19, PE=8.4035, PE%=77.92%, temp=N/A, src=danjuan-wind
2026-04-19T18:32:25:   [恒生科技] 开始获取数据...
2026-04-19T18:32:25:   [K线] 东方财富冷却中，恒生科技 直接使用腾讯备用源
2026-04-19T18:32:25:   [标普500] 开始获取数据...
2026-04-19T18:32:25:   [K线] 东方财富冷却中，标普500 直接使用腾讯备用源
2026-04-19T18:32:25:   [纳斯达克100] 开始获取数据...
2026-04-19T18:32:25:   [K线] 东方财富冷却中，纳斯达克100 直接使用腾讯备用源
2026-04-19T18:32:25:   [上证指数] 开始获取数据...
2026-04-19T18:32:25:   [K线] 东方财富冷却中，上证指数 直接使用腾讯备用源
2026-04-19T18:32:25:   [K线-腾讯] hkHSTECH fallback成功, 1408 条
2026-04-19T18:32:25:   [恒生科技] 蛋卷基金: PE=23.1832, PE百分位=33.98%, 估值=high
2026-04-19T18:32:25:   [恒生科技] 完成: price=5042.68, PE=23.1832, PE%=33.98%, temp=11°, src=danjuan-wind
2026-04-19T18:32:25:   [K线-腾讯] sh000001 fallback成功, 2000 条
2026-04-19T18:32:25:   [上证指数] 完成: price=4051.43, PE=null, PE%=null%, temp=N/A, src=none
2026-04-19T18:32:25:   [K线-腾讯] us.NDX fallback成功, 2000 条
2026-04-19T18:32:25:   [纳斯达克100] 完成: price=24468.48, PE=null, PE%=null%, temp=N/A, src=none
2026-04-19T18:32:25:   [K线-腾讯] us.INX fallback成功, 2000 条
2026-04-19T18:32:25:   [标普500] 完成: price=7126.06, PE=null, PE%=null%, temp=N/A, src=none
2026-04-19T18:32:25: [数据] ===== 全部完成，耗时 4.7s =====
2026-04-19T18:32:25: [缓存] indices 数据获取完成，耗时 4.7s
2026-04-19T18:32:25:   [预加载] ✅ 指数完整数据
2026-04-19T18:32:25: [启动] Phase 2: 后台刷新完成 (4.7s)，成功 6/6
2026-04-19T18:33:07: 
2026-04-19T18:33:07:   ╔══════════════════════════════════════════╗
2026-04-19T18:33:07:   ║                                          ║
2026-04-19T18:33:07:   ║     大乐罗盘 · Dale Compass              ║
2026-04-19T18:33:07:   ║     个人投资分析罗盘                       ║
2026-04-19T18:33:07:   ║                                          ║
2026-04-19T18:33:07:   ║     🌐 http://localhost:3200              ║
2026-04-19T18:33:07:   ║                                          ║
2026-04-19T18:33:07:   ╚══════════════════════════════════════════╝
2026-04-19T18:33:07: 
2026-04-19T18:33:07:   数据源: 雪球基金(Wind) + 动态可用估值网站 + 东方财富行情 + 知有行
2026-04-19T18:33:07:   指数: 配置保存于 data/index-watchlist.json，在基金总览的指数实时行情面板管理
2026-04-19T18:33:07:   股票: 支持关注个股实时行情，配置保存于 data/stock-watchlist.json
2026-04-19T18:33:07:   缓存策略: 5分钟自动刷新，配置变更自动失效，支持手动强制刷新
2026-04-19T18:33:07: 
2026-04-19T18:33:07: [启动] Phase 1: 加载磁盘缓存完成 (32ms)，命中 6/6 个缓存
2026-04-19T18:33:07: [启动] 服务已就绪（使用磁盘缓存秒开），后台刷新数据中...
2026-04-19T18:33:07: [启动] Phase 2: 开始后台并行刷新所有数据...
2026-04-19T18:33:07: [数据] ===== 开始获取所有指数数据 =====
2026-04-19T18:33:07:   [配置] 核心指数: 沪深300, 中证500, 中证红利, 中证红利低波, 中证消费, 科创50, 恒生科技, 标普500, 纳斯达克100
2026-04-19T18:33:07:   [配置] Dashboard额外: 上证指数
2026-04-19T18:33:08: [主动基金] ===== 开始获取主动基金数据 =====
2026-04-19T18:33:08: [股票] ===== 获取关注股票行情 =====
2026-04-19T18:33:08: [ETF] ===== 获取关注 ETF 行情 =====
2026-04-19T18:33:08:   [行情] 东方财富批量接口获取 9 条
2026-04-19T18:33:08:   [行情] 东方财富缺失 1 个指数(HSTECH), 用腾讯补漏
2026-04-19T18:33:08:   [行情] 东方财富批量接口获取 8 条
2026-04-19T18:33:08:   [行情] 东方财富缺失 1 个指数(HSTECH), 用腾讯补漏
2026-04-19T18:33:08:   [主动基金] 摩根标普500指数(QDII)人民币A: 净值=1.5824, 近1年=25.42%, 基金经理=张军 (东方财富)
2026-04-19T18:33:08:   [主动基金] 易方达中证红利ETF联接发起式A: 净值=1.2802, 近1年=10.41%, 基金经理=林伟斌 (东方财富)
2026-04-19T18:33:08:   [主动基金] 大成睿享混合A: 净值=1.7715, 近1年=15.14%, 基金经理=徐彦 (东方财富)
2026-04-19T18:33:08:   [主动基金] 摩根纳斯达克100指数(QDII)人民币A: 净值=1.5912, 近1年=34.68%, 基金经理=何智豪 (东方财富)
2026-04-19T18:33:08:   [主动基金] 建信中证500指数增强C: 净值=3.4962, 近1年=44.47%, 基金经理=叶乐天 (东方财富)
2026-04-19T18:33:08:   [主动基金] 兴全商业模式混合(LOF)A: 净值=5.243, 近1年=60.88%, 基金经理=乔迁 (东方财富)
2026-04-19T18:33:08:   [主动基金] 易方达上证科创50联接A: 净值=1.099, 近1年=38.66%, 基金经理=林伟斌 (东方财富)
2026-04-19T18:33:08:   [知有行] 获取 12 个指数温度数据, 全市场温度: 69°
2026-04-19T18:33:08:   [行情] 腾讯备用源获取 1 条
2026-04-19T18:33:08:   [行情] 腾讯补漏成功: HSTECH
2026-04-19T18:33:08:   [行情] 腾讯备用源获取 1 条
2026-04-19T18:33:08:   [行情] 腾讯补漏成功: HSTECH
2026-04-19T18:33:08:   [主动基金] 华泰柏瑞中证红利低波ETF联接A: 净值=1.6514, 近1年=5.31%, 基金经理=柳军 (东方财富)
2026-04-19T18:33:08:   [主动基金] 易方达沪深300ETF联接A: 净值=1.9016, 近1年=27.23%, 基金经理=余海燕 (东方财富)
2026-04-19T18:33:08:   [主动基金] 汇添富中证主要消费ETF联接A: 净值=2.0267, 近1年=-11%, 基金经理=过蓓蓓 (东方财富)
2026-04-19T18:33:08:   [蛋卷基金] 获取 63 个指数估值数据
2026-04-19T18:33:08:   [股票行情] 东方财富批量接口获取 6 条
2026-04-19T18:33:08:   [知有行] 获取 12 个指数温度数据, 全市场温度: 69°
2026-04-19T18:33:08:   [主动基金] 易方达恒生科技ETF联接(QDII)A: 净值=1.207, 近1年=-2.86%, 基金经理=刘依姗 (东方财富)
2026-04-19T18:33:08:   [ETF行情] 东方财富批量接口获取 6 条
2026-04-19T18:33:08:   [主动基金] 大成标普500等权重指数(QDII)A人民币: 净值=2.6479, 近1年=17.4%, 基金经理=冉凌浩 (东方财富)
2026-04-19T18:33:08:   [蛋卷基金] 获取 63 个指数估值数据
2026-04-19T18:33:08: [缓存] daily-eval 数据获取完成，耗时 0.6s
2026-04-19T18:33:08:   [预加载] ✅ 每日估值
2026-04-19T18:33:08:   [沪深300] 开始获取数据...
2026-04-19T18:33:08:   [中证500] 开始获取数据...
2026-04-19T18:33:08:   [中证红利] 开始获取数据...
2026-04-19T18:33:08:   [中证红利低波] 开始获取数据...
2026-04-19T18:33:08:   [中证消费] 开始获取数据...
2026-04-19T18:33:08:   [科创50] 开始获取数据...
2026-04-19T18:33:08:   [主动基金] 123456: 净值=undefined, 近1年=null%, 基金经理=N/A (东方财富)
2026-04-19T18:33:08:   [股票K线-腾讯] sh600845 fallback成功, 120 条
2026-04-19T18:33:08:   [股票K线] 东方财富冷却中，国电南瑞 直接使用腾讯备用源
2026-04-19T18:33:08:   [股票K线-腾讯] sh600406 fallback成功, 120 条
2026-04-19T18:33:08:   [股票K线] 东方财富冷却中，先导智能 直接使用腾讯备用源
2026-04-19T18:33:08:   [股票K线-腾讯] sz300450 fallback成功, 120 条
2026-04-19T18:33:08:   [股票K线] 东方财富冷却中，长江电力 直接使用腾讯备用源
2026-04-19T18:33:08: [主动基金] ===== 完成, 耗时 0.8s =====
2026-04-19T18:33:08: [缓存] active-funds 数据获取完成，耗时 0.8s
2026-04-19T18:33:08:   [预加载] ✅ 严选基金
2026-04-19T18:33:08:   [股票K线-腾讯] sh600900 fallback成功, 120 条
2026-04-19T18:33:08:   [股票K线] 东方财富冷却中，伊利股份 直接使用腾讯备用源
2026-04-19T18:33:08:   [蛋卷基金] 获取 63 个指数估值数据
2026-04-19T18:33:08: [缓存] index-quotes 数据获取完成，耗时 0.9s
2026-04-19T18:33:08:   [预加载] ✅ 指数实时行情
2026-04-19T18:33:08:   [股票K线-腾讯] sh600887 fallback成功, 120 条
2026-04-19T18:33:08:   [股票K线-腾讯] sh601012 fallback成功, 120 条
2026-04-19T18:33:08: [股票] ===== 完成，耗时 0.9s =====
2026-04-19T18:33:08: [缓存] stocks 数据获取完成，耗时 0.9s
2026-04-19T18:33:08:   [预加载] ✅ 股票行情
2026-04-19T18:33:09:   [K线-腾讯] sh000922 fallback成功, 2000 条
2026-04-19T18:33:09:   [中证红利] 蛋卷基金: PE=8.6124, PE百分位=80.68%, 估值=high
2026-04-19T18:33:09:   [中证红利] 完成: price=5695.32, PE=8.6124, PE%=80.68%, temp=29°, src=danjuan-wind
2026-04-19T18:33:09:   [K线-腾讯] sh000932 fallback成功, 2000 条
2026-04-19T18:33:09:   [中证消费] 蛋卷基金: PE=19.9003, PE百分位=7.92%, 估值=low
2026-04-19T18:33:09:   [中证消费] 完成: price=14276.37, PE=19.9003, PE%=7.92%, temp=0°, src=danjuan-wind
2026-04-19T18:33:09:   [K线-腾讯] sh000905 fallback成功, 2000 条
2026-04-19T18:33:09:   [中证500] 蛋卷基金: PE=36.4631, PE百分位=85.52%, 估值=high
2026-04-19T18:33:09:   [中证500] 完成: price=8214.19, PE=36.4631, PE%=85.52%, temp=74°, src=danjuan-wind
2026-04-19T18:33:09:   [K线-腾讯] sh000300 fallback成功, 2000 条
2026-04-19T18:33:09:   [沪深300] 蛋卷基金: PE=14.4034, PE百分位=89.36%, 估值=high
2026-04-19T18:33:09:   [沪深300] 完成: price=4728.67, PE=14.4034, PE%=89.36%, temp=60°, src=danjuan-wind
2026-04-19T18:33:09:   [K线-腾讯] sh000688 fallback成功, 1524 条
2026-04-19T18:33:09:   [科创50] 蛋卷基金: PE=159.6906, PE百分位=92.33%, 估值=high
2026-04-19T18:33:09:   [科创50] 完成: price=1423.35, PE=159.6906, PE%=92.33%, temp=N/A, src=danjuan-wind
2026-04-19T18:33:10:   [中证红利低波] 蛋卷基金: PE=8.4035, PE百分位=77.92%, 估值=high
2026-04-19T18:33:10:   [中证红利低波] 完成: price=11361.19, PE=8.4035, PE%=77.92%, temp=N/A, src=danjuan-wind
2026-04-19T18:33:10:   [恒生科技] 开始获取数据...
2026-04-19T18:33:10:   [K线] 东方财富冷却中，恒生科技 直接使用腾讯备用源
2026-04-19T18:33:10:   [标普500] 开始获取数据...
2026-04-19T18:33:10:   [K线] 东方财富冷却中，标普500 直接使用腾讯备用源
2026-04-19T18:33:10:   [纳斯达克100] 开始获取数据...
2026-04-19T18:33:10:   [K线] 东方财富冷却中，纳斯达克100 直接使用腾讯备用源
2026-04-19T18:33:10:   [上证指数] 开始获取数据...
2026-04-19T18:33:10:   [K线] 东方财富冷却中，上证指数 直接使用腾讯备用源
2026-04-19T18:33:10:   [K线-腾讯] hkHSTECH fallback成功, 1408 条
2026-04-19T18:33:10:   [恒生科技] 蛋卷基金: PE=23.1832, PE百分位=33.98%, 估值=high
2026-04-19T18:33:10:   [恒生科技] 完成: price=5042.68, PE=23.1832, PE%=33.98%, temp=11°, src=danjuan-wind
2026-04-19T18:33:10:   [K线-腾讯] sh000001 fallback成功, 2000 条
2026-04-19T18:33:10:   [上证指数] 完成: price=4051.43, PE=null, PE%=null%, temp=N/A, src=none
2026-04-19T18:33:10:   [K线-腾讯] us.INX fallback成功, 2000 条
2026-04-19T18:33:10:   [标普500] 完成: price=7126.06, PE=null, PE%=null%, temp=N/A, src=none
2026-04-19T18:33:10:   [K线-腾讯] us.NDX fallback成功, 2000 条
2026-04-19T18:33:10:   [纳斯达克100] 完成: price=24468.48, PE=null, PE%=null%, temp=N/A, src=none
2026-04-19T18:33:10: [数据] ===== 全部完成，耗时 2.8s =====
2026-04-19T18:33:10: [缓存] indices 数据获取完成，耗时 2.8s
2026-04-19T18:33:10:   [预加载] ✅ 指数完整数据
2026-04-19T18:33:12: [ETF] ===== 完成，耗时 4.2s =====
2026-04-19T18:33:12: [缓存] etfs 数据获取完成，耗时 4.2s
2026-04-19T18:33:12:   [预加载] ✅ ETF行情
2026-04-19T18:33:12: [启动] Phase 2: 后台刷新完成 (4.3s)，成功 6/6
2026-04-19T18:42:29: 
2026-04-19T18:42:29:   ╔══════════════════════════════════════════╗
2026-04-19T18:42:29:   ║                                          ║
2026-04-19T18:42:29:   ║     大乐罗盘 · Dale Compass              ║
2026-04-19T18:42:29:   ║     个人投资分析罗盘                       ║
2026-04-19T18:42:29:   ║                                          ║
2026-04-19T18:42:29:   ║     🌐 http://localhost:3200              ║
2026-04-19T18:42:29:   ║                                          ║
2026-04-19T18:42:29:   ╚══════════════════════════════════════════╝
2026-04-19T18:42:29: 
2026-04-19T18:42:29:   数据源: 雪球基金(Wind) + 动态可用估值网站 + 东方财富行情 + 知有行
2026-04-19T18:42:29:   指数: 配置保存于 data/index-watchlist.json，在基金总览的指数实时行情面板管理
2026-04-19T18:42:29:   股票: 支持关注个股实时行情，配置保存于 data/stock-watchlist.json
2026-04-19T18:42:29:   缓存策略: 5分钟自动刷新，配置变更自动失效，支持手动强制刷新
2026-04-19T18:42:29: 
2026-04-19T18:42:29: [启动] Phase 1: 加载磁盘缓存完成 (33ms)，命中 6/6 个缓存
2026-04-19T18:42:29: [启动] 服务已就绪（使用磁盘缓存秒开），后台刷新数据中...
2026-04-19T18:42:29: [启动] Phase 2: 开始后台并行刷新所有数据...
2026-04-19T18:42:29: [数据] ===== 开始获取所有指数数据 =====
2026-04-19T18:42:29:   [配置] 核心指数: 沪深300, 中证500, 中证红利, 中证红利低波, 中证消费, 科创50, 恒生科技, 标普500, 纳斯达克100
2026-04-19T18:42:29:   [配置] Dashboard额外: 上证指数
2026-04-19T18:42:29: [主动基金] ===== 开始获取主动基金数据 =====
2026-04-19T18:42:29: [股票] ===== 获取关注股票行情 =====
2026-04-19T18:42:29: [ETF] ===== 获取关注 ETF 行情 =====
2026-04-19T18:42:30:   [主动基金] 汇添富中证主要消费ETF联接A: 净值=2.0267, 近1年=-11%, 基金经理=过蓓蓓 (东方财富)
2026-04-19T18:42:30:   [主动基金] 大成睿享混合A: 净值=1.7715, 近1年=15.14%, 基金经理=徐彦 (东方财富)
2026-04-19T18:42:30:   [主动基金] 兴全商业模式混合(LOF)A: 净值=5.243, 近1年=60.88%, 基金经理=乔迁 (东方财富)
2026-04-19T18:42:30:   [主动基金] 易方达恒生科技ETF联接(QDII)A: 净值=1.207, 近1年=-2.86%, 基金经理=刘依姗 (东方财富)
2026-04-19T18:42:30:   [主动基金] 易方达沪深300ETF联接A: 净值=1.9016, 近1年=27.23%, 基金经理=余海燕 (东方财富)
2026-04-19T18:42:30:   [蛋卷基金] 获取 63 个指数估值数据
2026-04-19T18:42:30:   [主动基金] 华泰柏瑞中证红利低波ETF联接A: 净值=1.6514, 近1年=5.31%, 基金经理=柳军 (东方财富)
2026-04-19T18:42:30:   [主动基金] 易方达上证科创50联接A: 净值=1.099, 近1年=38.66%, 基金经理=林伟斌 (东方财富)
2026-04-19T18:42:30:   [主动基金] 摩根标普500指数(QDII)人民币A: 净值=1.5824, 近1年=25.42%, 基金经理=张军 (东方财富)
2026-04-19T18:42:30:   [蛋卷基金] 获取 63 个指数估值数据
2026-04-19T18:42:30:   [主动基金] 易方达中证红利ETF联接发起式A: 净值=1.2802, 近1年=10.41%, 基金经理=林伟斌 (东方财富)
2026-04-19T18:42:30:   [主动基金] 摩根纳斯达克100指数(QDII)人民币A: 净值=1.5912, 近1年=34.68%, 基金经理=何智豪 (东方财富)
2026-04-19T18:42:30:   [主动基金] 建信中证500指数增强C: 净值=3.4962, 近1年=44.47%, 基金经理=叶乐天 (东方财富)
2026-04-19T18:42:30:   [知有行] 获取 12 个指数温度数据, 全市场温度: 69°
2026-04-19T18:42:30:   [知有行] 获取 12 个指数温度数据, 全市场温度: 69°
2026-04-19T18:42:30:   [主动基金] 大成标普500等权重指数(QDII)A人民币: 净值=2.6479, 近1年=17.4%, 基金经理=冉凌浩 (东方财富)
2026-04-19T18:42:30:   [主动基金] 123456: 净值=undefined, 近1年=null%, 基金经理=N/A (东方财富)
2026-04-19T18:42:30:   [蛋卷基金] 获取 63 个指数估值数据
2026-04-19T18:42:30: [缓存] daily-eval 数据获取完成，耗时 0.7s
2026-04-19T18:42:30:   [预加载] ✅ 每日估值
2026-04-19T18:42:30: [主动基金] ===== 完成, 耗时 0.9s =====
2026-04-19T18:42:30: [缓存] active-funds 数据获取完成，耗时 0.9s
2026-04-19T18:42:30:   [预加载] ✅ 严选基金
2026-04-19T18:42:32:   [ETF行情] 腾讯备用源获取 6 条
2026-04-19T18:42:32:   [ETF行情] 已切换腾讯备用源
2026-04-19T18:42:32:   [股票行情] 腾讯备用源获取 6 条
2026-04-19T18:42:32:   [股票行情] 已切换腾讯备用源
2026-04-19T18:42:32:   [股票K线-腾讯] sh600845 fallback成功, 120 条
2026-04-19T18:42:32:   [股票K线] 东方财富冷却中，国电南瑞 直接使用腾讯备用源
2026-04-19T18:42:32:   [股票K线-腾讯] sh601012 fallback成功, 120 条
2026-04-19T18:42:32:   [股票K线] 东方财富冷却中，先导智能 直接使用腾讯备用源
2026-04-19T18:42:32:   [股票K线-腾讯] sh600406 fallback成功, 120 条
2026-04-19T18:42:32:   [股票K线] 东方财富冷却中，长江电力 直接使用腾讯备用源
2026-04-19T18:42:32:   [股票K线-腾讯] sz300450 fallback成功, 120 条
2026-04-19T18:42:32:   [股票K线] 东方财富冷却中，伊利股份 直接使用腾讯备用源
2026-04-19T18:42:32:   [股票K线-腾讯] sh600900 fallback成功, 120 条
2026-04-19T18:42:32:   [股票K线-腾讯] sh600887 fallback成功, 120 条
2026-04-19T18:42:32: [股票] ===== 完成，耗时 3.0s =====
2026-04-19T18:42:32: [缓存] stocks 数据获取完成，耗时 3.0s
2026-04-19T18:42:32:   [预加载] ✅ 股票行情
2026-04-19T18:42:33: [ETF] ===== 完成，耗时 3.7s =====
2026-04-19T18:42:33: [缓存] etfs 数据获取完成，耗时 3.7s
2026-04-19T18:42:33:   [预加载] ✅ ETF行情
2026-04-19T18:42:36:   [行情] 腾讯备用源获取 8 条
2026-04-19T18:42:36:   [行情] 已切换腾讯备用源
2026-04-19T18:42:36: [缓存] index-quotes 数据获取完成，耗时 6.5s
2026-04-19T18:42:36:   [预加载] ✅ 指数实时行情
2026-04-19T18:42:36:   [行情] 腾讯备用源获取 9 条
2026-04-19T18:42:36:   [行情] 已切换腾讯备用源
2026-04-19T18:42:36:   [沪深300] 开始获取数据...
2026-04-19T18:42:36:   [中证500] 开始获取数据...
2026-04-19T18:42:36:   [中证红利] 开始获取数据...
2026-04-19T18:42:36:   [中证红利低波] 开始获取数据...
2026-04-19T18:42:36:   [中证消费] 开始获取数据...
2026-04-19T18:42:36:   [科创50] 开始获取数据...
2026-04-19T18:42:37:   [K线-腾讯] sh000688 fallback成功, 1524 条
2026-04-19T18:42:37:   [科创50] 蛋卷基金: PE=159.6906, PE百分位=92.33%, 估值=high
2026-04-19T18:42:37:   [科创50] 完成: price=1423.35, PE=159.6906, PE%=92.33%, temp=N/A, src=danjuan-wind
2026-04-19T18:42:37:   [K线-腾讯] sh000932 fallback成功, 2000 条
2026-04-19T18:42:37:   [中证消费] 蛋卷基金: PE=19.9003, PE百分位=7.92%, 估值=low
2026-04-19T18:42:37:   [中证消费] 完成: price=14276.37, PE=19.9003, PE%=7.92%, temp=0°, src=danjuan-wind
2026-04-19T18:42:37:   [K线-腾讯] sh000922 fallback成功, 2000 条
2026-04-19T18:42:37:   [中证红利] 蛋卷基金: PE=8.6124, PE百分位=80.68%, 估值=high
2026-04-19T18:42:37:   [中证红利] 完成: price=5695.32, PE=8.6124, PE%=80.68%, temp=29°, src=danjuan-wind
2026-04-19T18:42:37:   [K线-腾讯] sh000905 fallback成功, 2000 条
2026-04-19T18:42:37:   [中证500] 蛋卷基金: PE=36.4631, PE百分位=85.52%, 估值=high
2026-04-19T18:42:37:   [中证500] 完成: price=8214.19, PE=36.4631, PE%=85.52%, temp=74°, src=danjuan-wind
2026-04-19T18:42:37:   [K线-腾讯] sh000300 fallback成功, 2000 条
2026-04-19T18:42:37:   [沪深300] 蛋卷基金: PE=14.4034, PE百分位=89.36%, 估值=high
2026-04-19T18:42:37:   [沪深300] 完成: price=4728.67, PE=14.4034, PE%=89.36%, temp=60°, src=danjuan-wind
2026-04-19T18:42:38:   [中证红利低波] 蛋卷基金: PE=8.4035, PE百分位=77.92%, 估值=high
2026-04-19T18:42:38:   [中证红利低波] 完成: price=null, PE=8.4035, PE%=77.92%, temp=N/A, src=danjuan-wind
2026-04-19T18:42:38:   [恒生科技] 开始获取数据...
2026-04-19T18:42:38:   [K线] 东方财富冷却中，恒生科技 直接使用腾讯备用源
2026-04-19T18:42:38:   [标普500] 开始获取数据...
2026-04-19T18:42:38:   [K线] 东方财富冷却中，标普500 直接使用腾讯备用源
2026-04-19T18:42:38:   [纳斯达克100] 开始获取数据...
2026-04-19T18:42:38:   [K线] 东方财富冷却中，纳斯达克100 直接使用腾讯备用源
2026-04-19T18:42:38:   [上证指数] 开始获取数据...
2026-04-19T18:42:38:   [K线] 东方财富冷却中，上证指数 直接使用腾讯备用源
2026-04-19T18:42:38:   [K线-腾讯] hkHSTECH fallback成功, 1408 条
2026-04-19T18:42:38:   [恒生科技] 蛋卷基金: PE=23.1832, PE百分位=33.98%, 估值=high
2026-04-19T18:42:38:   [恒生科技] 完成: price=5042.68, PE=23.1832, PE%=33.98%, temp=11°, src=danjuan-wind
2026-04-19T18:42:38:   [K线-腾讯] us.INX fallback成功, 2000 条
2026-04-19T18:42:38:   [标普500] 完成: price=7126.06, PE=null, PE%=null%, temp=N/A, src=none
2026-04-19T18:42:38:   [K线-腾讯] us.NDX fallback成功, 2000 条
2026-04-19T18:42:38:   [纳斯达克100] 完成: price=26672.43, PE=null, PE%=null%, temp=N/A, src=none
2026-04-19T18:42:38:   [K线-腾讯] sh000001 fallback成功, 2000 条
2026-04-19T18:42:38:   [上证指数] 完成: price=4051.43, PE=null, PE%=null%, temp=N/A, src=none
2026-04-19T18:42:38: [数据] ===== 全部完成，耗时 8.8s =====
2026-04-19T18:42:38: [缓存] indices 数据获取完成，耗时 8.8s
2026-04-19T18:42:38:   [预加载] ✅ 指数完整数据
2026-04-19T18:42:38: [启动] Phase 2: 后台刷新完成 (8.8s)，成功 6/6
2026-04-20T09:02:13: [数据] ===== 开始获取所有指数数据 =====
2026-04-20T09:02:13:   [配置] 核心指数: 沪深300, 中证500, 中证红利, 中证红利低波, 中证消费, 科创50, 恒生科技, 标普500, 纳斯达克100
2026-04-20T09:02:13:   [配置] Dashboard额外: 上证指数
2026-04-20T09:02:13: [主动基金] ===== 开始获取主动基金数据 =====
2026-04-20T09:02:14:   [行情] 东方财富批量接口获取 9 条
2026-04-20T09:02:14:   [行情] 东方财富缺失 1 个指数(HSTECH), 用腾讯补漏
2026-04-20T09:02:14:   [主动基金] 摩根纳斯达克100指数(QDII)人民币A: 净值=1.5912, 近1年=34.68%, 基金经理=何智豪 (东方财富)
2026-04-20T09:02:14:   [蛋卷基金] 获取 63 个指数估值数据
2026-04-20T09:02:14:   [主动基金] 易方达恒生科技ETF联接(QDII)A: 净值=1.207, 近1年=-2.86%, 基金经理=刘依姗 (东方财富)
2026-04-20T09:02:14:   [主动基金] 汇添富中证主要消费ETF联接A: 净值=2.0267, 近1年=-11%, 基金经理=过蓓蓓 (东方财富)
2026-04-20T09:02:14:   [主动基金] 易方达沪深300ETF联接A: 净值=1.9016, 近1年=27.23%, 基金经理=余海燕 (东方财富)
2026-04-20T09:02:14:   [主动基金] 易方达中证红利ETF联接发起式A: 净值=1.2802, 近1年=10.41%, 基金经理=林伟斌 (东方财富)
2026-04-20T09:02:14:   [行情] 腾讯备用源获取 1 条
2026-04-20T09:02:14:   [行情] 腾讯补漏成功: HSTECH
2026-04-20T09:02:14:   [主动基金] 建信中证500指数增强C: 净值=3.4962, 近1年=44.47%, 基金经理=叶乐天 (东方财富)
2026-04-20T09:02:14:   [主动基金] 华泰柏瑞中证红利低波ETF联接A: 净值=1.6514, 近1年=5.31%, 基金经理=柳军 (东方财富)
2026-04-20T09:02:14:   [行情] 东方财富批量接口获取 8 条
2026-04-20T09:02:14:   [行情] 东方财富缺失 1 个指数(HSTECH), 用腾讯补漏
2026-04-20T09:02:14:   [主动基金] 大成标普500等权重指数(QDII)A人民币: 净值=2.6479, 近1年=17.4%, 基金经理=冉凌浩 (东方财富)
2026-04-20T09:02:14:   [主动基金] 大成睿享混合A: 净值=1.7715, 近1年=15.14%, 基金经理=徐彦 (东方财富)
2026-04-20T09:02:14:   [主动基金] 摩根标普500指数(QDII)人民币A: 净值=1.5824, 近1年=25.42%, 基金经理=张军 (东方财富)
2026-04-20T09:02:14:   [行情] 腾讯备用源获取 1 条
2026-04-20T09:02:14:   [行情] 腾讯补漏成功: HSTECH
2026-04-20T09:02:14:   [主动基金] 易方达上证科创50联接A: 净值=1.099, 近1年=38.66%, 基金经理=林伟斌 (东方财富)
2026-04-20T09:02:14:   [蛋卷基金] 获取 63 个指数估值数据
2026-04-20T09:02:14:   [主动基金] 兴全商业模式混合(LOF)A: 净值=5.243, 近1年=60.88%, 基金经理=乔迁 (东方财富)
2026-04-20T09:02:14:   [知有行] 获取 12 个指数温度数据, 全市场温度: 69°
2026-04-20T09:02:14:   [知有行] 获取 12 个指数温度数据, 全市场温度: 69°
2026-04-20T09:02:14: [缓存] index-quotes 数据获取完成，耗时 0.7s
2026-04-20T09:02:14:   [主动基金] 123456: 净值=undefined, 近1年=null%, 基金经理=N/A (东方财富)
2026-04-20T09:02:14: [主动基金] ===== 完成, 耗时 1.0s =====
2026-04-20T09:02:14: [缓存] active-funds 数据获取完成，耗时 1.0s
2026-04-20T09:02:15:   [沪深300] 开始获取数据...
2026-04-20T09:02:15:   [中证500] 开始获取数据...
2026-04-20T09:02:15:   [中证红利] 开始获取数据...
2026-04-20T09:02:15:   [中证红利低波] 开始获取数据...
2026-04-20T09:02:15:   [中证消费] 开始获取数据...
2026-04-20T09:02:15:   [科创50] 开始获取数据...
2026-04-20T09:02:16:   [中证500] 蛋卷基金: PE=36.4631, PE百分位=85.52%, 估值=high
2026-04-20T09:02:16:   [中证500] 完成: price=8214.19, PE=36.4631, PE%=85.52%, temp=74°, src=danjuan-wind
2026-04-20T09:02:16:   [中证消费] 蛋卷基金: PE=19.9003, PE百分位=7.92%, 估值=low
2026-04-20T09:02:16:   [中证消费] 完成: price=14276.37, PE=19.9003, PE%=7.92%, temp=0°, src=danjuan-wind
2026-04-20T09:02:16:   [科创50] 蛋卷基金: PE=159.6906, PE百分位=92.33%, 估值=high
2026-04-20T09:02:16:   [科创50] 完成: price=1423.35, PE=159.6906, PE%=92.33%, temp=N/A, src=danjuan-wind
2026-04-20T09:02:16:   [中证红利] 蛋卷基金: PE=8.6124, PE百分位=80.68%, 估值=high
2026-04-20T09:02:16:   [中证红利] 完成: price=5695.32, PE=8.6124, PE%=80.68%, temp=29°, src=danjuan-wind
2026-04-20T09:02:16:   [沪深300] 蛋卷基金: PE=14.4034, PE百分位=89.36%, 估值=high
2026-04-20T09:02:16:   [沪深300] 完成: price=4728.67, PE=14.4034, PE%=89.36%, temp=60°, src=danjuan-wind
2026-04-20T09:02:17:   [中证红利低波] 蛋卷基金: PE=8.4035, PE百分位=77.92%, 估值=high
2026-04-20T09:02:17:   [中证红利低波] 完成: price=11361.19, PE=8.4035, PE%=77.92%, temp=N/A, src=danjuan-wind
2026-04-20T09:02:17:   [恒生科技] 开始获取数据...
2026-04-20T09:02:17:   [K线] 东方财富冷却中，恒生科技 直接复用备用缓存
2026-04-20T09:02:17:   [标普500] 开始获取数据...
2026-04-20T09:02:17:   [K线] 东方财富冷却中，标普500 直接复用备用缓存
2026-04-20T09:02:17:   [纳斯达克100] 开始获取数据...
2026-04-20T09:02:17:   [K线] 东方财富冷却中，纳斯达克100 直接复用备用缓存
2026-04-20T09:02:17:   [上证指数] 开始获取数据...
2026-04-20T09:02:17:   [K线] 东方财富冷却中，上证指数 直接复用备用缓存
2026-04-20T09:02:17:   [恒生科技] 蛋卷基金: PE=23.1832, PE百分位=33.98%, 估值=high
2026-04-20T09:02:17:   [恒生科技] 完成: price=5042.68, PE=23.1832, PE%=33.98%, temp=11°, src=danjuan-wind
2026-04-20T09:02:17:   [标普500] 完成: price=7126.06, PE=null, PE%=null%, temp=N/A, src=none
2026-04-20T09:02:17:   [纳斯达克100] 完成: price=24468.48, PE=null, PE%=null%, temp=N/A, src=none
2026-04-20T09:02:17:   [上证指数] 完成: price=4051.43, PE=null, PE%=null%, temp=N/A, src=none
2026-04-20T09:02:17: [数据] ===== 全部完成，耗时 3.6s =====
2026-04-20T09:02:17: [缓存] indices 数据获取完成，耗时 3.6s
2026-04-20T09:52:28: 
2026-04-20T09:52:28:   ╔══════════════════════════════════════════╗
2026-04-20T09:52:28:   ║                                          ║
2026-04-20T09:52:28:   ║     大乐罗盘 · Dale Compass              ║
2026-04-20T09:52:28:   ║     个人投资分析罗盘                       ║
2026-04-20T09:52:28:   ║                                          ║
2026-04-20T09:52:28:   ║     🌐 http://localhost:3200              ║
2026-04-20T09:52:28:   ║                                          ║
2026-04-20T09:52:28:   ╚══════════════════════════════════════════╝
2026-04-20T09:52:28: 
2026-04-20T09:52:28:   数据源: 雪球基金(Wind) + 动态可用估值网站 + 东方财富行情 + 知有行
2026-04-20T09:52:28:   指数: 配置保存于 data/index-watchlist.json，在基金总览的指数实时行情面板管理
2026-04-20T09:52:28:   股票: 支持关注个股实时行情，配置保存于 data/stock-watchlist.json
2026-04-20T09:52:28:   缓存策略: 5分钟自动刷新，配置变更自动失效，支持手动强制刷新
2026-04-20T09:52:28: 
2026-04-20T09:52:28: [启动] Phase 1: 加载磁盘缓存完成 (36ms)，命中 6/6 个缓存
2026-04-20T09:52:28: [启动] 服务已就绪（使用磁盘缓存秒开），后台刷新数据中...
2026-04-20T09:52:28: [启动] Phase 2: 开始后台并行刷新所有数据...
2026-04-20T09:52:28: [数据] ===== 开始获取所有指数数据 =====
2026-04-20T09:52:28:   [配置] 核心指数: 沪深300, 中证500, 中证红利, 中证红利低波, 中证消费, 科创50, 恒生科技, 标普500, 纳斯达克100
2026-04-20T09:52:28:   [配置] Dashboard额外: 上证指数
2026-04-20T09:52:28: [主动基金] ===== 开始获取主动基金数据 =====
2026-04-20T09:52:28: [股票] ===== 获取关注股票行情 =====
2026-04-20T09:52:28: [ETF] ===== 获取关注 ETF 行情 =====
2026-04-20T09:52:29:   [主动基金] 摩根纳斯达克100指数(QDII)人民币A: 净值=1.5912, 近1年=34.68%, 基金经理=何智豪 (东方财富)
2026-04-20T09:52:29:   [主动基金] 汇添富中证主要消费ETF联接A: 净值=2.0267, 近1年=-11%, 基金经理=过蓓蓓 (东方财富)
2026-04-20T09:52:29:   [主动基金] 易方达恒生科技ETF联接(QDII)A: 净值=1.207, 近1年=-2.86%, 基金经理=刘依姗 (东方财富)
2026-04-20T09:52:29:   [行情] 东方财富批量接口获取 9 条
2026-04-20T09:52:29:   [行情] 东方财富缺失 1 个指数(HSTECH), 用腾讯补漏
2026-04-20T09:52:29:   [主动基金] 易方达上证科创50联接A: 净值=1.099, 近1年=38.66%, 基金经理=林伟斌 (东方财富)
2026-04-20T09:52:29:   [行情] 东方财富批量接口获取 8 条
2026-04-20T09:52:29:   [行情] 东方财富缺失 1 个指数(HSTECH), 用腾讯补漏
2026-04-20T09:52:29:   [主动基金] 摩根标普500指数(QDII)人民币A: 净值=1.5824, 近1年=25.42%, 基金经理=张军 (东方财富)
2026-04-20T09:52:29:   [主动基金] 易方达中证红利ETF联接发起式A: 净值=1.2802, 近1年=10.41%, 基金经理=林伟斌 (东方财富)
2026-04-20T09:52:29:   [主动基金] 大成睿享混合A: 净值=1.7715, 近1年=15.14%, 基金经理=徐彦 (东方财富)
2026-04-20T09:52:29:   [主动基金] 易方达沪深300ETF联接A: 净值=1.9016, 近1年=27.23%, 基金经理=余海燕 (东方财富)
2026-04-20T09:52:29:   [股票行情] 东方财富批量接口获取 6 条
2026-04-20T09:52:29:   [ETF行情] 东方财富批量接口获取 6 条
2026-04-20T09:52:29:   [主动基金] 兴全商业模式混合(LOF)A: 净值=5.243, 近1年=60.88%, 基金经理=乔迁 (东方财富)
2026-04-20T09:52:29:   [行情] 腾讯备用源获取 1 条
2026-04-20T09:52:29:   [行情] 腾讯补漏成功: HSTECH
2026-04-20T09:52:29:   [行情] 腾讯备用源获取 1 条
2026-04-20T09:52:29:   [行情] 腾讯补漏成功: HSTECH
2026-04-20T09:52:29:   [主动基金] 123456: 净值=undefined, 近1年=null%, 基金经理=N/A (东方财富)
2026-04-20T09:52:29:   [主动基金] 建信中证500指数增强C: 净值=3.4962, 近1年=44.47%, 基金经理=叶乐天 (东方财富)
2026-04-20T09:52:29:   [蛋卷基金] 获取 63 个指数估值数据
2026-04-20T09:52:29:   [蛋卷基金] 获取 63 个指数估值数据
2026-04-20T09:52:29:   [蛋卷基金] 获取 63 个指数估值数据
2026-04-20T09:52:29: [缓存] daily-eval 数据获取完成，耗时 0.6s
2026-04-20T09:52:29:   [预加载] ✅ 每日估值
2026-04-20T09:52:29:   [主动基金] 大成标普500等权重指数(QDII)A人民币: 净值=2.6479, 近1年=17.4%, 基金经理=冉凌浩 (东方财富)
2026-04-20T09:52:29:   [知有行] 获取 12 个指数温度数据, 全市场温度: 69°
2026-04-20T09:52:29:   [知有行] 获取 12 个指数温度数据, 全市场温度: 69°
2026-04-20T09:52:29: [缓存] index-quotes 数据获取完成，耗时 0.7s
2026-04-20T09:52:29:   [预加载] ✅ 指数实时行情
2026-04-20T09:52:29:   [主动基金] 华泰柏瑞中证红利低波ETF联接A: 净值=1.6514, 近1年=5.31%, 基金经理=柳军 (东方财富)
2026-04-20T09:52:29: [ETF] ===== 完成，耗时 0.7s =====
2026-04-20T09:52:29: [缓存] etfs 数据获取完成，耗时 0.7s
2026-04-20T09:52:29:   [预加载] ✅ ETF行情
2026-04-20T09:52:29: [股票] ===== 完成，耗时 0.8s =====
2026-04-20T09:52:29: [缓存] stocks 数据获取完成，耗时 0.8s
2026-04-20T09:52:29:   [预加载] ✅ 股票行情
2026-04-20T09:52:29:   [沪深300] 开始获取数据...
2026-04-20T09:52:29:   [中证500] 开始获取数据...
2026-04-20T09:52:29:   [中证红利] 开始获取数据...
2026-04-20T09:52:29:   [中证红利低波] 开始获取数据...
2026-04-20T09:52:29:   [中证消费] 开始获取数据...
2026-04-20T09:52:29:   [科创50] 开始获取数据...
2026-04-20T09:52:29: [主动基金] ===== 完成, 耗时 1.0s =====
2026-04-20T09:52:29: [缓存] active-funds 数据获取完成，耗时 1.0s
2026-04-20T09:52:29:   [预加载] ✅ 严选基金
2026-04-20T09:52:29:   [K线] 1.000688 获取成功, 1525 条 (lmt=2520)
2026-04-20T09:52:29:   [科创50] 蛋卷基金: PE=159.6906, PE百分位=92.33%, 估值=high
2026-04-20T09:52:29:   [科创50] 完成: price=1440.1, PE=159.6906, PE%=92.33%, temp=N/A, src=danjuan-wind
2026-04-20T09:52:29:   [K线] 1.000300 获取成功, 2520 条 (lmt=2520)
2026-04-20T09:52:29:   [沪深300] 蛋卷基金: PE=14.4034, PE百分位=89.36%, 估值=high
2026-04-20T09:52:29:   [沪深300] 完成: price=4747.11, PE=14.4034, PE%=89.36%, temp=60°, src=danjuan-wind
2026-04-20T09:52:29:   [K线] 1.000932 获取成功, 2520 条 (lmt=2520)
2026-04-20T09:52:29:   [中证消费] 蛋卷基金: PE=19.9003, PE百分位=7.92%, 估值=low
2026-04-20T09:52:29:   [中证消费] 完成: price=14262.61, PE=19.9003, PE%=7.92%, temp=0°, src=danjuan-wind
2026-04-20T09:52:29:   [K线] 1.000905 获取成功, 2520 条 (lmt=2520)
2026-04-20T09:52:29:   [中证500] 蛋卷基金: PE=36.4631, PE百分位=85.52%, 估值=high
2026-04-20T09:52:29:   [中证500] 完成: price=8304.49, PE=36.4631, PE%=85.52%, temp=74°, src=danjuan-wind
2026-04-20T09:52:29:   [K线] 2.H30269 获取成功, 2520 条 (lmt=2520)
2026-04-20T09:52:29:   [中证红利低波] 蛋卷基金: PE=8.4035, PE百分位=77.92%, 估值=high
2026-04-20T09:52:29:   [中证红利低波] 完成: price=11361.36, PE=8.4035, PE%=77.92%, temp=N/A, src=danjuan-wind
2026-04-20T09:52:29:   [K线] 1.000922 获取成功, 2520 条 (lmt=2520)
2026-04-20T09:52:29:   [中证红利] 蛋卷基金: PE=8.6124, PE百分位=80.68%, 估值=high
2026-04-20T09:52:29:   [中证红利] 完成: price=5710.12, PE=8.6124, PE%=80.68%, temp=29°, src=danjuan-wind
2026-04-20T09:52:29:   [恒生科技] 开始获取数据...
2026-04-20T09:52:29:   [标普500] 开始获取数据...
2026-04-20T09:52:29:   [纳斯达克100] 开始获取数据...
2026-04-20T09:52:29:   [上证指数] 开始获取数据...
2026-04-20T09:52:29:   [K线] 100.SPX 获取成功, 2520 条 (lmt=2520)
2026-04-20T09:52:29:   [标普500] 完成: price=7126.06, PE=null, PE%=null%, temp=N/A, src=none
2026-04-20T09:52:29:   [K线] 100.NDX 获取成功, 2520 条 (lmt=2520)
2026-04-20T09:52:29:   [纳斯达克100] 完成: price=24468.48, PE=null, PE%=null%, temp=N/A, src=none
2026-04-20T09:52:29:   [K线] 1.000001 获取成功, 2520 条 (lmt=2520)
2026-04-20T09:52:29:   [上证指数] 完成: price=4072.84, PE=null, PE%=null%, temp=N/A, src=none
2026-04-20T09:52:29:   [K线] 124.HSTECH 获取成功, 2520 条 (lmt=2520)
2026-04-20T09:52:29:   [恒生科技] 蛋卷基金: PE=23.1832, PE百分位=33.98%, 估值=high
2026-04-20T09:52:29:   [恒生科技] 完成: price=5057.45, PE=23.1832, PE%=33.98%, temp=11°, src=danjuan-wind
2026-04-20T09:52:29: [数据] ===== 全部完成，耗时 1.4s =====
2026-04-20T09:52:29: [缓存] indices 数据获取完成，耗时 1.4s
2026-04-20T09:52:30:   [预加载] ✅ 指数完整数据
2026-04-20T09:52:30: [启动] Phase 2: 后台刷新完成 (1.4s)，成功 6/6
2026-04-20T09:52:32: [数据] ===== 开始获取所有指数数据 =====
2026-04-20T09:52:32:   [配置] 核心指数: 沪深300, 中证500, 中证红利, 中证红利低波, 中证消费, 科创50, 恒生科技, 标普500, 纳斯达克100
2026-04-20T09:52:32:   [配置] Dashboard额外: 上证指数
2026-04-20T09:52:32:   [行情] 东方财富批量接口获取 9 条
2026-04-20T09:52:32:   [行情] 东方财富缺失 1 个指数(HSTECH), 用腾讯补漏
2026-04-20T09:52:32:   [行情] 腾讯备用源获取 1 条
2026-04-20T09:52:32:   [行情] 腾讯补漏成功: HSTECH
2026-04-20T09:52:32:   [天天基金] 最近连续失败，暂时跳过重试
2026-04-20T09:52:32:   [沪深300] 开始获取数据...
2026-04-20T09:52:32:   [中证500] 开始获取数据...
2026-04-20T09:52:32:   [中证红利] 开始获取数据...
2026-04-20T09:52:32:   [中证红利低波] 开始获取数据...
2026-04-20T09:52:32:   [中证消费] 开始获取数据...
2026-04-20T09:52:32:   [科创50] 开始获取数据...
2026-04-20T09:52:32:   [沪深300] 蛋卷基金: PE=14.4034, PE百分位=89.36%, 估值=high
2026-04-20T09:52:32:   [沪深300] 完成: price=4746.64, PE=14.4034, PE%=89.36%, temp=60°, src=danjuan-wind
2026-04-20T09:52:32:   [中证500] 蛋卷基金: PE=36.4631, PE百分位=85.52%, 估值=high
2026-04-20T09:52:32:   [中证500] 完成: price=8303.77, PE=36.4631, PE%=85.52%, temp=74°, src=danjuan-wind
2026-04-20T09:52:32:   [中证红利] 蛋卷基金: PE=8.6124, PE百分位=80.68%, 估值=high
2026-04-20T09:52:32:   [中证红利] 完成: price=5710.13, PE=8.6124, PE%=80.68%, temp=29°, src=danjuan-wind
2026-04-20T09:52:32:   [中证红利低波] 蛋卷基金: PE=8.4035, PE百分位=77.92%, 估值=high
2026-04-20T09:52:32:   [中证红利低波] 完成: price=11362.01, PE=8.4035, PE%=77.92%, temp=N/A, src=danjuan-wind
2026-04-20T09:52:32:   [中证消费] 蛋卷基金: PE=19.9003, PE百分位=7.92%, 估值=low
2026-04-20T09:52:32:   [中证消费] 完成: price=14261.94, PE=19.9003, PE%=7.92%, temp=0°, src=danjuan-wind
2026-04-20T09:52:32:   [科创50] 蛋卷基金: PE=159.6906, PE百分位=92.33%, 估值=high
2026-04-20T09:52:32:   [科创50] 完成: price=1439.97, PE=159.6906, PE%=92.33%, temp=N/A, src=danjuan-wind
2026-04-20T09:52:32:   [恒生科技] 开始获取数据...
2026-04-20T09:52:32:   [标普500] 开始获取数据...
2026-04-20T09:52:32:   [纳斯达克100] 开始获取数据...
2026-04-20T09:52:32:   [上证指数] 开始获取数据...
2026-04-20T09:52:32:   [恒生科技] 蛋卷基金: PE=23.1832, PE百分位=33.98%, 估值=high
2026-04-20T09:52:32:   [恒生科技] 完成: price=5057.59, PE=23.1832, PE%=33.98%, temp=11°, src=danjuan-wind
2026-04-20T09:52:32:   [标普500] 完成: price=7126.06, PE=null, PE%=null%, temp=N/A, src=none
2026-04-20T09:52:32:   [纳斯达克100] 完成: price=24468.48, PE=null, PE%=null%, temp=N/A, src=none
2026-04-20T09:52:32:   [上证指数] 完成: price=4072.98, PE=null, PE%=null%, temp=N/A, src=none
2026-04-20T09:52:32: [数据] ===== 全部完成，耗时 0.6s =====
2026-04-20T09:52:32: [缓存] indices 数据获取完成，耗时 0.6s
2026-04-20T09:52:34: [数据] ===== 开始获取所有指数数据 =====
2026-04-20T09:52:34:   [配置] 核心指数: 沪深300, 中证500, 中证红利, 中证红利低波, 中证消费, 科创50, 恒生科技, 标普500, 纳斯达克100
2026-04-20T09:52:34:   [配置] Dashboard额外: 上证指数
2026-04-20T09:52:34:   [行情] 东方财富批量接口获取 9 条
2026-04-20T09:52:34:   [行情] 东方财富缺失 1 个指数(HSTECH), 用腾讯补漏
2026-04-20T09:52:34:   [行情] 腾讯备用源获取 1 条
2026-04-20T09:52:34:   [行情] 腾讯补漏成功: HSTECH
2026-04-20T09:52:34:   [天天基金] 最近连续失败，暂时跳过重试
2026-04-20T09:52:35:   [沪深300] 开始获取数据...
2026-04-20T09:52:35:   [中证500] 开始获取数据...
2026-04-20T09:52:35:   [中证红利] 开始获取数据...
2026-04-20T09:52:35:   [中证红利低波] 开始获取数据...
2026-04-20T09:52:35:   [中证消费] 开始获取数据...
2026-04-20T09:52:35:   [科创50] 开始获取数据...
2026-04-20T09:52:35:   [沪深300] 蛋卷基金: PE=14.4034, PE百分位=89.36%, 估值=high
2026-04-20T09:52:35:   [沪深300] 完成: price=4746.67, PE=14.4034, PE%=89.36%, temp=60°, src=danjuan-wind
2026-04-20T09:52:35:   [中证500] 蛋卷基金: PE=36.4631, PE百分位=85.52%, 估值=high
2026-04-20T09:52:35:   [中证500] 完成: price=8303.74, PE=36.4631, PE%=85.52%, temp=74°, src=danjuan-wind
2026-04-20T09:52:35:   [中证红利] 蛋卷基金: PE=8.6124, PE百分位=80.68%, 估值=high
2026-04-20T09:52:35:   [中证红利] 完成: price=5710.13, PE=8.6124, PE%=80.68%, temp=29°, src=danjuan-wind
2026-04-20T09:52:35:   [中证红利低波] 蛋卷基金: PE=8.4035, PE百分位=77.92%, 估值=high
2026-04-20T09:52:35:   [中证红利低波] 完成: price=11362.01, PE=8.4035, PE%=77.92%, temp=N/A, src=danjuan-wind
2026-04-20T09:52:35:   [中证消费] 蛋卷基金: PE=19.9003, PE百分位=7.92%, 估值=low
2026-04-20T09:52:35:   [中证消费] 完成: price=14260.53, PE=19.9003, PE%=7.92%, temp=0°, src=danjuan-wind
2026-04-20T09:52:35:   [科创50] 蛋卷基金: PE=159.6906, PE百分位=92.33%, 估值=high
2026-04-20T09:52:35:   [科创50] 完成: price=1439.96, PE=159.6906, PE%=92.33%, temp=N/A, src=danjuan-wind
2026-04-20T09:52:35:   [恒生科技] 开始获取数据...
2026-04-20T09:52:35:   [标普500] 开始获取数据...
2026-04-20T09:52:35:   [纳斯达克100] 开始获取数据...
2026-04-20T09:52:35:   [上证指数] 开始获取数据...
2026-04-20T09:52:35:   [恒生科技] 蛋卷基金: PE=23.1832, PE百分位=33.98%, 估值=high
2026-04-20T09:52:35:   [恒生科技] 完成: price=5059.3, PE=23.1832, PE%=33.98%, temp=11°, src=danjuan-wind
2026-04-20T09:52:35:   [标普500] 完成: price=7126.06, PE=null, PE%=null%, temp=N/A, src=none
2026-04-20T09:52:35:   [纳斯达克100] 完成: price=24468.48, PE=null, PE%=null%, temp=N/A, src=none
2026-04-20T09:52:35:   [上证指数] 完成: price=4072.79, PE=null, PE%=null%, temp=N/A, src=none
2026-04-20T09:52:35: [数据] ===== 全部完成，耗时 0.2s =====
2026-04-20T09:52:35: [缓存] indices 数据获取完成，耗时 0.2s
2026-04-20T09:52:38: [数据] ===== 开始获取所有指数数据 =====
2026-04-20T09:52:38:   [配置] 核心指数: 沪深300, 中证500, 中证红利, 中证红利低波, 中证消费, 科创50, 恒生科技, 标普500, 纳斯达克100
2026-04-20T09:52:38:   [配置] Dashboard额外: 上证指数
2026-04-20T09:52:38:   [行情] 东方财富批量接口获取 9 条
2026-04-20T09:52:38:   [行情] 东方财富缺失 1 个指数(HSTECH), 用腾讯补漏
2026-04-20T09:52:38:   [行情] 腾讯备用源获取 1 条
2026-04-20T09:52:38:   [行情] 腾讯补漏成功: HSTECH
2026-04-20T09:52:38:   [天天基金] 最近连续失败，暂时跳过重试
2026-04-20T09:52:38:   [沪深300] 开始获取数据...
2026-04-20T09:52:38:   [中证500] 开始获取数据...
2026-04-20T09:52:38:   [中证红利] 开始获取数据...
2026-04-20T09:52:38:   [中证红利低波] 开始获取数据...
2026-04-20T09:52:38:   [中证消费] 开始获取数据...
2026-04-20T09:52:38:   [科创50] 开始获取数据...
2026-04-20T09:52:38:   [沪深300] 蛋卷基金: PE=14.4034, PE百分位=89.36%, 估值=high
2026-04-20T09:52:38:   [沪深300] 完成: price=4747.43, PE=14.4034, PE%=89.36%, temp=60°, src=danjuan-wind
2026-04-20T09:52:38:   [中证500] 蛋卷基金: PE=36.4631, PE百分位=85.52%, 估值=high
2026-04-20T09:52:38:   [中证500] 完成: price=8304.68, PE=36.4631, PE%=85.52%, temp=74°, src=danjuan-wind
2026-04-20T09:52:38:   [中证红利] 蛋卷基金: PE=8.6124, PE百分位=80.68%, 估值=high
2026-04-20T09:52:38:   [中证红利] 完成: price=5709.79, PE=8.6124, PE%=80.68%, temp=29°, src=danjuan-wind
2026-04-20T09:52:38:   [中证红利低波] 蛋卷基金: PE=8.4035, PE百分位=77.92%, 估值=high
2026-04-20T09:52:38:   [中证红利低波] 完成: price=11360.83, PE=8.4035, PE%=77.92%, temp=N/A, src=danjuan-wind
2026-04-20T09:52:38:   [中证消费] 蛋卷基金: PE=19.9003, PE百分位=7.92%, 估值=low
2026-04-20T09:52:38:   [中证消费] 完成: price=14261.96, PE=19.9003, PE%=7.92%, temp=0°, src=danjuan-wind
2026-04-20T09:52:38:   [科创50] 蛋卷基金: PE=159.6906, PE百分位=92.33%, 估值=high
2026-04-20T09:52:38:   [科创50] 完成: price=1440.22, PE=159.6906, PE%=92.33%, temp=N/A, src=danjuan-wind
2026-04-20T09:52:38:   [恒生科技] 开始获取数据...
2026-04-20T09:52:38:   [标普500] 开始获取数据...
2026-04-20T09:52:38:   [纳斯达克100] 开始获取数据...
2026-04-20T09:52:38:   [上证指数] 开始获取数据...
2026-04-20T09:52:38:   [恒生科技] 蛋卷基金: PE=23.1832, PE百分位=33.98%, 估值=high
2026-04-20T09:52:38:   [恒生科技] 完成: price=5059.3, PE=23.1832, PE%=33.98%, temp=11°, src=danjuan-wind
2026-04-20T09:52:38:   [标普500] 完成: price=7126.06, PE=null, PE%=null%, temp=N/A, src=none
2026-04-20T09:52:38:   [纳斯达克100] 完成: price=24468.48, PE=null, PE%=null%, temp=N/A, src=none
2026-04-20T09:52:38:   [上证指数] 完成: price=4073.51, PE=null, PE%=null%, temp=N/A, src=none
2026-04-20T09:52:38: [数据] ===== 全部完成，耗时 0.6s =====
2026-04-20T09:52:38: [缓存] indices 数据获取完成，耗时 0.6s
2026-04-20T09:52:40: [数据] ===== 开始获取所有指数数据 =====
2026-04-20T09:52:40:   [配置] 核心指数: 沪深300, 中证500, 中证红利, 中证红利低波, 中证消费, 科创50, 恒生科技, 标普500, 纳斯达克100
2026-04-20T09:52:40:   [配置] Dashboard额外: 上证指数
2026-04-20T09:52:40:   [行情] 东方财富批量接口获取 9 条
2026-04-20T09:52:40:   [行情] 东方财富缺失 1 个指数(HSTECH), 用腾讯补漏
2026-04-20T09:52:40:   [行情] 腾讯备用源获取 1 条
2026-04-20T09:52:40:   [行情] 腾讯补漏成功: HSTECH
2026-04-20T09:52:40:   [天天基金] 最近连续失败，暂时跳过重试
2026-04-20T09:52:40:   [沪深300] 开始获取数据...
2026-04-20T09:52:40:   [中证500] 开始获取数据...
2026-04-20T09:52:40:   [中证红利] 开始获取数据...
2026-04-20T09:52:40:   [中证红利低波] 开始获取数据...
2026-04-20T09:52:40:   [中证消费] 开始获取数据...
2026-04-20T09:52:40:   [科创50] 开始获取数据...
2026-04-20T09:52:40:   [沪深300] 蛋卷基金: PE=14.4034, PE百分位=89.36%, 估值=high
2026-04-20T09:52:40:   [沪深300] 完成: price=4746.87, PE=14.4034, PE%=89.36%, temp=60°, src=danjuan-wind
2026-04-20T09:52:40:   [中证500] 蛋卷基金: PE=36.4631, PE百分位=85.52%, 估值=high
2026-04-20T09:52:40:   [中证500] 完成: price=8305.07, PE=36.4631, PE%=85.52%, temp=74°, src=danjuan-wind
2026-04-20T09:52:40:   [中证红利] 蛋卷基金: PE=8.6124, PE百分位=80.68%, 估值=high
2026-04-20T09:52:40:   [中证红利] 完成: price=5709.79, PE=8.6124, PE%=80.68%, temp=29°, src=danjuan-wind
2026-04-20T09:52:40:   [中证红利低波] 蛋卷基金: PE=8.4035, PE百分位=77.92%, 估值=high
2026-04-20T09:52:40:   [中证红利低波] 完成: price=11360.83, PE=8.4035, PE%=77.92%, temp=N/A, src=danjuan-wind
2026-04-20T09:52:40:   [中证消费] 蛋卷基金: PE=19.9003, PE百分位=7.92%, 估值=low
2026-04-20T09:52:40:   [中证消费] 完成: price=14262.29, PE=19.9003, PE%=7.92%, temp=0°, src=danjuan-wind
2026-04-20T09:52:40:   [科创50] 蛋卷基金: PE=159.6906, PE百分位=92.33%, 估值=high
2026-04-20T09:52:40:   [科创50] 完成: price=1440.12, PE=159.6906, PE%=92.33%, temp=N/A, src=danjuan-wind
2026-04-20T09:52:40:   [恒生科技] 开始获取数据...
2026-04-20T09:52:40:   [标普500] 开始获取数据...
2026-04-20T09:52:40:   [纳斯达克100] 开始获取数据...
2026-04-20T09:52:40:   [上证指数] 开始获取数据...
2026-04-20T09:52:40:   [恒生科技] 蛋卷基金: PE=23.1832, PE百分位=33.98%, 估值=high
2026-04-20T09:52:40:   [恒生科技] 完成: price=5059.69, PE=23.1832, PE%=33.98%, temp=11°, src=danjuan-wind
2026-04-20T09:52:40:   [标普500] 完成: price=7126.06, PE=null, PE%=null%, temp=N/A, src=none
2026-04-20T09:52:40:   [纳斯达克100] 完成: price=24468.48, PE=null, PE%=null%, temp=N/A, src=none
2026-04-20T09:52:40:   [上证指数] 完成: price=4073.04, PE=null, PE%=null%, temp=N/A, src=none
2026-04-20T09:52:40: [数据] ===== 全部完成，耗时 0.7s =====
2026-04-20T09:52:40: [缓存] indices 数据获取完成，耗时 0.7s
2026-04-20T09:52:42: [数据] ===== 开始获取所有指数数据 =====
2026-04-20T09:52:42:   [配置] 核心指数: 沪深300, 中证500, 中证红利, 中证红利低波, 中证消费, 科创50, 恒生科技, 标普500, 纳斯达克100
2026-04-20T09:52:42:   [配置] Dashboard额外: 上证指数
2026-04-20T09:52:42:   [行情] 东方财富批量接口获取 9 条
2026-04-20T09:52:42:   [行情] 东方财富缺失 1 个指数(HSTECH), 用腾讯补漏
2026-04-20T09:52:42:   [行情] 腾讯备用源获取 1 条
2026-04-20T09:52:42:   [行情] 腾讯补漏成功: HSTECH
2026-04-20T09:52:42:   [天天基金] 最近连续失败，暂时跳过重试
2026-04-20T09:52:42:   [沪深300] 开始获取数据...
2026-04-20T09:52:42:   [中证500] 开始获取数据...
2026-04-20T09:52:42:   [中证红利] 开始获取数据...
2026-04-20T09:52:42:   [中证红利低波] 开始获取数据...
2026-04-20T09:52:42:   [中证消费] 开始获取数据...
2026-04-20T09:52:42:   [科创50] 开始获取数据...
2026-04-20T09:52:42:   [沪深300] 蛋卷基金: PE=14.4034, PE百分位=89.36%, 估值=high
2026-04-20T09:52:42:   [沪深300] 完成: price=4747.13, PE=14.4034, PE%=89.36%, temp=60°, src=danjuan-wind
2026-04-20T09:52:42:   [中证500] 蛋卷基金: PE=36.4631, PE百分位=85.52%, 估值=high
2026-04-20T09:52:42:   [中证500] 完成: price=8306.92, PE=36.4631, PE%=85.52%, temp=74°, src=danjuan-wind
2026-04-20T09:52:42:   [中证红利] 蛋卷基金: PE=8.6124, PE百分位=80.68%, 估值=high
2026-04-20T09:52:42:   [中证红利] 完成: price=5709.41, PE=8.6124, PE%=80.68%, temp=29°, src=danjuan-wind
2026-04-20T09:52:42:   [中证红利低波] 蛋卷基金: PE=8.4035, PE百分位=77.92%, 估值=high
2026-04-20T09:52:42:   [中证红利低波] 完成: price=11358.74, PE=8.4035, PE%=77.92%, temp=N/A, src=danjuan-wind
2026-04-20T09:52:42:   [中证消费] 蛋卷基金: PE=19.9003, PE百分位=7.92%, 估值=low
2026-04-20T09:52:42:   [中证消费] 完成: price=14262.14, PE=19.9003, PE%=7.92%, temp=0°, src=danjuan-wind
2026-04-20T09:52:42:   [科创50] 蛋卷基金: PE=159.6906, PE百分位=92.33%, 估值=high
2026-04-20T09:52:42:   [科创50] 完成: price=1440.43, PE=159.6906, PE%=92.33%, temp=N/A, src=danjuan-wind
2026-04-20T09:52:42:   [恒生科技] 开始获取数据...
2026-04-20T09:52:42:   [标普500] 开始获取数据...
2026-04-20T09:52:42:   [纳斯达克100] 开始获取数据...
2026-04-20T09:52:42:   [上证指数] 开始获取数据...
2026-04-20T09:52:42:   [恒生科技] 蛋卷基金: PE=23.1832, PE百分位=33.98%, 估值=high
2026-04-20T09:52:42:   [恒生科技] 完成: price=5060.05, PE=23.1832, PE%=33.98%, temp=11°, src=danjuan-wind
2026-04-20T09:52:42:   [标普500] 完成: price=7126.06, PE=null, PE%=null%, temp=N/A, src=none
2026-04-20T09:52:42:   [纳斯达克100] 完成: price=24468.48, PE=null, PE%=null%, temp=N/A, src=none
2026-04-20T09:52:42:   [上证指数] 完成: price=4073.4, PE=null, PE%=null%, temp=N/A, src=none
2026-04-20T09:52:42: [数据] ===== 全部完成，耗时 0.4s =====
2026-04-20T09:52:42: [缓存] indices 数据获取完成，耗时 0.4s
2026-04-20T09:52:44: [ETF] ===== 获取关注 ETF 行情 =====
2026-04-20T09:52:44:   [ETF行情] 东方财富批量接口获取 6 条
2026-04-20T09:52:44: [ETF] ===== 完成，耗时 0.0s =====
2026-04-20T09:52:44: [缓存] etfs 数据获取完成，耗时 0.0s
2026-04-20T09:52:45: [股票] ===== 获取关注股票行情 =====
2026-04-20T09:52:45:   [股票行情] 东方财富批量接口获取 6 条
2026-04-20T09:52:45: [股票] ===== 完成，耗时 0.1s =====
2026-04-20T09:52:45: [缓存] stocks 数据获取完成，耗时 0.1s
2026-04-20T09:52:45: [股票] ===== 获取关注股票行情 =====
2026-04-20T09:52:45:   [股票行情] 东方财富批量接口获取 6 条
2026-04-20T09:52:45: [股票] ===== 完成，耗时 0.0s =====
2026-04-20T09:52:45: [缓存] stocks 数据获取完成，耗时 0.0s
2026-04-20T09:52:50: [ETF] ===== 获取关注 ETF 行情 =====
2026-04-20T09:52:50:   [ETF行情] 东方财富批量接口获取 6 条
2026-04-20T09:52:50: [ETF] ===== 完成，耗时 0.0s =====
2026-04-20T09:52:50: [缓存] etfs 数据获取完成，耗时 0.0s
2026-04-20T09:52:53: [数据] ===== 开始获取所有指数数据 =====
2026-04-20T09:52:53:   [配置] 核心指数: 沪深300, 中证500, 中证红利, 中证红利低波, 中证消费, 科创50, 恒生科技, 标普500, 纳斯达克100
2026-04-20T09:52:53:   [配置] Dashboard额外: 上证指数
2026-04-20T09:52:53:   [行情] 东方财富批量接口获取 9 条
2026-04-20T09:52:53:   [行情] 东方财富缺失 1 个指数(HSTECH), 用腾讯补漏
2026-04-20T09:52:53:   [行情] 腾讯备用源获取 1 条
2026-04-20T09:52:53:   [行情] 腾讯补漏成功: HSTECH
2026-04-20T09:52:53:   [天天基金] 最近连续失败，暂时跳过重试
2026-04-20T09:52:54:   [沪深300] 开始获取数据...
2026-04-20T09:52:54:   [中证500] 开始获取数据...
2026-04-20T09:52:54:   [中证红利] 开始获取数据...
2026-04-20T09:52:54:   [中证红利低波] 开始获取数据...
2026-04-20T09:52:54:   [中证消费] 开始获取数据...
2026-04-20T09:52:54:   [科创50] 开始获取数据...
2026-04-20T09:52:54:   [沪深300] 蛋卷基金: PE=14.4034, PE百分位=89.36%, 估值=high
2026-04-20T09:52:54:   [沪深300] 完成: price=4747.58, PE=14.4034, PE%=89.36%, temp=60°, src=danjuan-wind
2026-04-20T09:52:54:   [中证500] 蛋卷基金: PE=36.4631, PE百分位=85.52%, 估值=high
2026-04-20T09:52:54:   [中证500] 完成: price=8308.06, PE=36.4631, PE%=85.52%, temp=74°, src=danjuan-wind
2026-04-20T09:52:54:   [中证红利] 蛋卷基金: PE=8.6124, PE百分位=80.68%, 估值=high
2026-04-20T09:52:54:   [中证红利] 完成: price=5711.57, PE=8.6124, PE%=80.68%, temp=29°, src=danjuan-wind
2026-04-20T09:52:54:   [中证红利低波] 蛋卷基金: PE=8.4035, PE百分位=77.92%, 估值=high
2026-04-20T09:52:54:   [中证红利低波] 完成: price=11364.23, PE=8.4035, PE%=77.92%, temp=N/A, src=danjuan-wind
2026-04-20T09:52:54:   [中证消费] 蛋卷基金: PE=19.9003, PE百分位=7.92%, 估值=low
2026-04-20T09:52:54:   [中证消费] 完成: price=14264.11, PE=19.9003, PE%=7.92%, temp=0°, src=danjuan-wind
2026-04-20T09:52:54:   [科创50] 蛋卷基金: PE=159.6906, PE百分位=92.33%, 估值=high
2026-04-20T09:52:54:   [科创50] 完成: price=1440.31, PE=159.6906, PE%=92.33%, temp=N/A, src=danjuan-wind
2026-04-20T09:52:54:   [恒生科技] 开始获取数据...
2026-04-20T09:52:54:   [标普500] 开始获取数据...
2026-04-20T09:52:54:   [纳斯达克100] 开始获取数据...
2026-04-20T09:52:54:   [上证指数] 开始获取数据...
2026-04-20T09:52:54:   [恒生科技] 蛋卷基金: PE=23.1832, PE百分位=33.98%, 估值=high
2026-04-20T09:52:54:   [恒生科技] 完成: price=5062.37, PE=23.1832, PE%=33.98%, temp=11°, src=danjuan-wind
2026-04-20T09:52:54:   [标普500] 完成: price=7126.06, PE=null, PE%=null%, temp=N/A, src=none
2026-04-20T09:52:54:   [纳斯达克100] 完成: price=24468.48, PE=null, PE%=null%, temp=N/A, src=none
2026-04-20T09:52:54:   [上证指数] 完成: price=4073.14, PE=null, PE%=null%, temp=N/A, src=none
2026-04-20T09:52:54: [数据] ===== 全部完成，耗时 1.1s =====
2026-04-20T09:52:54: [缓存] indices 数据获取完成，耗时 1.1s
2026-04-20T09:52:55: [数据] ===== 开始获取所有指数数据 =====
2026-04-20T09:52:55:   [配置] 核心指数: 沪深300, 中证500, 中证红利, 中证红利低波, 中证消费, 科创50, 恒生科技, 标普500, 纳斯达克100
2026-04-20T09:52:55:   [配置] Dashboard额外: 上证指数
2026-04-20T09:52:55:   [行情] 东方财富批量接口获取 9 条
2026-04-20T09:52:55:   [行情] 东方财富缺失 1 个指数(HSTECH), 用腾讯补漏
2026-04-20T09:52:55:   [行情] 腾讯备用源获取 1 条
2026-04-20T09:52:55:   [行情] 腾讯补漏成功: HSTECH
2026-04-20T09:52:55:   [天天基金] 最近连续失败，暂时跳过重试
2026-04-20T09:52:55:   [沪深300] 开始获取数据...
2026-04-20T09:52:55:   [中证500] 开始获取数据...
2026-04-20T09:52:55:   [中证红利] 开始获取数据...
2026-04-20T09:52:55:   [中证红利低波] 开始获取数据...
2026-04-20T09:52:55:   [中证消费] 开始获取数据...
2026-04-20T09:52:55:   [科创50] 开始获取数据...
2026-04-20T09:52:55:   [沪深300] 蛋卷基金: PE=14.4034, PE百分位=89.36%, 估值=high
2026-04-20T09:52:55:   [沪深300] 完成: price=4748.1, PE=14.4034, PE%=89.36%, temp=60°, src=danjuan-wind
2026-04-20T09:52:55:   [中证500] 蛋卷基金: PE=36.4631, PE百分位=85.52%, 估值=high
2026-04-20T09:52:55:   [中证500] 完成: price=8309.49, PE=36.4631, PE%=85.52%, temp=74°, src=danjuan-wind
2026-04-20T09:52:55:   [中证红利] 蛋卷基金: PE=8.6124, PE百分位=80.68%, 估值=high
2026-04-20T09:52:55:   [中证红利] 完成: price=5711.57, PE=8.6124, PE%=80.68%, temp=29°, src=danjuan-wind
2026-04-20T09:52:55:   [中证红利低波] 蛋卷基金: PE=8.4035, PE百分位=77.92%, 估值=high
2026-04-20T09:52:55:   [中证红利低波] 完成: price=11364.23, PE=8.4035, PE%=77.92%, temp=N/A, src=danjuan-wind
2026-04-20T09:52:55:   [中证消费] 蛋卷基金: PE=19.9003, PE百分位=7.92%, 估值=low
2026-04-20T09:52:55:   [中证消费] 完成: price=14265.42, PE=19.9003, PE%=7.92%, temp=0°, src=danjuan-wind
2026-04-20T09:52:55:   [科创50] 蛋卷基金: PE=159.6906, PE百分位=92.33%, 估值=high
2026-04-20T09:52:55:   [科创50] 完成: price=1440.36, PE=159.6906, PE%=92.33%, temp=N/A, src=danjuan-wind
2026-04-20T09:52:56:   [恒生科技] 开始获取数据...
2026-04-20T09:52:56:   [标普500] 开始获取数据...
2026-04-20T09:52:56:   [纳斯达克100] 开始获取数据...
2026-04-20T09:52:56:   [上证指数] 开始获取数据...
2026-04-20T09:52:56:   [恒生科技] 蛋卷基金: PE=23.1832, PE百分位=33.98%, 估值=high
2026-04-20T09:52:56:   [恒生科技] 完成: price=5062.37, PE=23.1832, PE%=33.98%, temp=11°, src=danjuan-wind
2026-04-20T09:52:56:   [标普500] 完成: price=7126.06, PE=null, PE%=null%, temp=N/A, src=none
2026-04-20T09:52:56:   [纳斯达克100] 完成: price=24468.48, PE=null, PE%=null%, temp=N/A, src=none
2026-04-20T09:52:56:   [上证指数] 完成: price=4073.52, PE=null, PE%=null%, temp=N/A, src=none
2026-04-20T09:52:56: [数据] ===== 全部完成，耗时 0.4s =====
2026-04-20T09:52:56: [缓存] indices 数据获取完成，耗时 0.4s
2026-04-20T09:52:58: [数据] ===== 开始获取所有指数数据 =====
2026-04-20T09:52:58:   [配置] 核心指数: 沪深300, 中证500, 中证红利, 中证红利低波, 中证消费, 科创50, 恒生科技, 标普500, 纳斯达克100
2026-04-20T09:52:58:   [配置] Dashboard额外: 上证指数
2026-04-20T09:52:58:   [行情] 东方财富批量接口获取 9 条
2026-04-20T09:52:58:   [行情] 东方财富缺失 1 个指数(HSTECH), 用腾讯补漏
2026-04-20T09:52:58:   [行情] 腾讯备用源获取 1 条
2026-04-20T09:52:58:   [行情] 腾讯补漏成功: HSTECH
2026-04-20T09:52:58:   [天天基金] 最近连续失败，暂时跳过重试
2026-04-20T09:52:59:   [沪深300] 开始获取数据...
2026-04-20T09:52:59:   [中证500] 开始获取数据...
2026-04-20T09:52:59:   [中证红利] 开始获取数据...
2026-04-20T09:52:59:   [中证红利低波] 开始获取数据...
2026-04-20T09:52:59:   [中证消费] 开始获取数据...
2026-04-20T09:52:59:   [科创50] 开始获取数据...
2026-04-20T09:52:59:   [沪深300] 蛋卷基金: PE=14.4034, PE百分位=89.36%, 估值=high
2026-04-20T09:52:59:   [沪深300] 完成: price=4747.99, PE=14.4034, PE%=89.36%, temp=60°, src=danjuan-wind
2026-04-20T09:52:59:   [中证500] 蛋卷基金: PE=36.4631, PE百分位=85.52%, 估值=high
2026-04-20T09:52:59:   [中证500] 完成: price=8309.85, PE=36.4631, PE%=85.52%, temp=74°, src=danjuan-wind
2026-04-20T09:52:59:   [中证红利] 蛋卷基金: PE=8.6124, PE百分位=80.68%, 估值=high
2026-04-20T09:52:59:   [中证红利] 完成: price=5710.86, PE=8.6124, PE%=80.68%, temp=29°, src=danjuan-wind
2026-04-20T09:52:59:   [中证红利低波] 蛋卷基金: PE=8.4035, PE百分位=77.92%, 估值=high
2026-04-20T09:52:59:   [中证红利低波] 完成: price=11363.47, PE=8.4035, PE%=77.92%, temp=N/A, src=danjuan-wind
2026-04-20T09:52:59:   [中证消费] 蛋卷基金: PE=19.9003, PE百分位=7.92%, 估值=low
2026-04-20T09:52:59:   [中证消费] 完成: price=14266.34, PE=19.9003, PE%=7.92%, temp=0°, src=danjuan-wind
2026-04-20T09:52:59:   [科创50] 蛋卷基金: PE=159.6906, PE百分位=92.33%, 估值=high
2026-04-20T09:52:59:   [科创50] 完成: price=1440.01, PE=159.6906, PE%=92.33%, temp=N/A, src=danjuan-wind
2026-04-20T09:52:59:   [恒生科技] 开始获取数据...
2026-04-20T09:52:59:   [标普500] 开始获取数据...
2026-04-20T09:52:59:   [纳斯达克100] 开始获取数据...
2026-04-20T09:52:59:   [上证指数] 开始获取数据...
2026-04-20T09:52:59:   [恒生科技] 蛋卷基金: PE=23.1832, PE百分位=33.98%, 估值=high
2026-04-20T09:52:59:   [恒生科技] 完成: price=5063.14, PE=23.1832, PE%=33.98%, temp=11°, src=danjuan-wind
2026-04-20T09:52:59:   [标普500] 完成: price=7126.06, PE=null, PE%=null%, temp=N/A, src=none
2026-04-20T09:52:59:   [纳斯达克100] 完成: price=24468.48, PE=null, PE%=null%, temp=N/A, src=none
2026-04-20T09:52:59:   [上证指数] 完成: price=4073.34, PE=null, PE%=null%, temp=N/A, src=none
2026-04-20T09:52:59: [数据] ===== 全部完成，耗时 0.7s =====
2026-04-20T09:52:59: [缓存] indices 数据获取完成，耗时 0.7s
2026-04-20T09:52:59:   [行情] 东方财富批量接口获取 8 条
2026-04-20T09:52:59:   [行情] 东方财富缺失 1 个指数(HSTECH), 用腾讯补漏
2026-04-20T09:52:59:   [行情] 腾讯备用源获取 1 条
2026-04-20T09:52:59:   [行情] 腾讯补漏成功: HSTECH
2026-04-20T09:52:59: [缓存] index-quotes 数据获取完成，耗时 0.0s
2026-04-20T09:53:03: [数据] ===== 开始获取所有指数数据 =====
2026-04-20T09:53:03:   [配置] 核心指数: 沪深300, 中证500, 中证红利, 中证红利低波, 中证消费, 科创50, 恒生科技, 标普500, 纳斯达克100
2026-04-20T09:53:03:   [配置] Dashboard额外: 上证指数
2026-04-20T09:53:03:   [行情] 东方财富批量接口获取 9 条
2026-04-20T09:53:03:   [行情] 东方财富缺失 1 个指数(HSTECH), 用腾讯补漏
2026-04-20T09:53:03:   [行情] 腾讯备用源获取 1 条
2026-04-20T09:53:03:   [行情] 腾讯补漏成功: HSTECH
2026-04-20T09:53:03:   [天天基金] 最近连续失败，暂时跳过重试
2026-04-20T09:53:03:   [沪深300] 开始获取数据...
2026-04-20T09:53:03:   [中证500] 开始获取数据...
2026-04-20T09:53:03:   [中证红利] 开始获取数据...
2026-04-20T09:53:03:   [中证红利低波] 开始获取数据...
2026-04-20T09:53:03:   [中证消费] 开始获取数据...
2026-04-20T09:53:03:   [科创50] 开始获取数据...
2026-04-20T09:53:03:   [沪深300] 蛋卷基金: PE=14.4034, PE百分位=89.36%, 估值=high
2026-04-20T09:53:03:   [沪深300] 完成: price=4748.57, PE=14.4034, PE%=89.36%, temp=60°, src=danjuan-wind
2026-04-20T09:53:03:   [中证500] 蛋卷基金: PE=36.4631, PE百分位=85.52%, 估值=high
2026-04-20T09:53:03:   [中证500] 完成: price=8309.43, PE=36.4631, PE%=85.52%, temp=74°, src=danjuan-wind
2026-04-20T09:53:03:   [中证红利] 蛋卷基金: PE=8.6124, PE百分位=80.68%, 估值=high
2026-04-20T09:53:03:   [中证红利] 完成: price=5712.26, PE=8.6124, PE%=80.68%, temp=29°, src=danjuan-wind
2026-04-20T09:53:03:   [中证红利低波] 蛋卷基金: PE=8.4035, PE百分位=77.92%, 估值=high
2026-04-20T09:53:03:   [中证红利低波] 完成: price=11361.75, PE=8.4035, PE%=77.92%, temp=N/A, src=danjuan-wind
2026-04-20T09:53:03:   [中证消费] 蛋卷基金: PE=19.9003, PE百分位=7.92%, 估值=low
2026-04-20T09:53:03:   [中证消费] 完成: price=14265.46, PE=19.9003, PE%=7.92%, temp=0°, src=danjuan-wind
2026-04-20T09:53:03:   [科创50] 蛋卷基金: PE=159.6906, PE百分位=92.33%, 估值=high
2026-04-20T09:53:03:   [科创50] 完成: price=1440.15, PE=159.6906, PE%=92.33%, temp=N/A, src=danjuan-wind
2026-04-20T09:53:03:   [恒生科技] 开始获取数据...
2026-04-20T09:53:03:   [标普500] 开始获取数据...
2026-04-20T09:53:03:   [纳斯达克100] 开始获取数据...
2026-04-20T09:53:03:   [上证指数] 开始获取数据...
2026-04-20T09:53:03:   [恒生科技] 蛋卷基金: PE=23.1832, PE百分位=33.98%, 估值=high
2026-04-20T09:53:03:   [恒生科技] 完成: price=5065.49, PE=23.1832, PE%=33.98%, temp=11°, src=danjuan-wind
2026-04-20T09:53:03:   [标普500] 完成: price=7126.06, PE=null, PE%=null%, temp=N/A, src=none
2026-04-20T09:53:03:   [纳斯达克100] 完成: price=24468.48, PE=null, PE%=null%, temp=N/A, src=none
2026-04-20T09:53:03:   [上证指数] 完成: price=4073.36, PE=null, PE%=null%, temp=N/A, src=none
2026-04-20T09:53:03: [数据] ===== 全部完成，耗时 0.4s =====
2026-04-20T09:53:03: [缓存] indices 数据获取完成，耗时 0.4s
2026-04-20T09:53:04: [股票] ===== 获取关注股票行情 =====
2026-04-20T09:53:04:   [股票行情] 东方财富批量接口获取 6 条
2026-04-20T09:53:04: [股票] ===== 完成，耗时 0.1s =====
2026-04-20T09:53:04: [缓存] stocks 数据获取完成，耗时 0.1s
2026-04-20T09:53:06: [数据] ===== 开始获取所有指数数据 =====
2026-04-20T09:53:06:   [配置] 核心指数: 沪深300, 中证500, 中证红利, 中证红利低波, 中证消费, 科创50, 恒生科技, 标普500, 纳斯达克100
2026-04-20T09:53:06:   [配置] Dashboard额外: 上证指数
2026-04-20T09:53:06:   [行情] 东方财富批量接口获取 9 条
2026-04-20T09:53:06:   [行情] 东方财富缺失 1 个指数(HSTECH), 用腾讯补漏
2026-04-20T09:53:06:   [行情] 腾讯备用源获取 1 条
2026-04-20T09:53:06:   [行情] 腾讯补漏成功: HSTECH
2026-04-20T09:53:06:   [天天基金] 最近连续失败，暂时跳过重试
2026-04-20T09:53:06:   [沪深300] 开始获取数据...
2026-04-20T09:53:06:   [中证500] 开始获取数据...
2026-04-20T09:53:06:   [中证红利] 开始获取数据...
2026-04-20T09:53:06:   [中证红利低波] 开始获取数据...
2026-04-20T09:53:06:   [中证消费] 开始获取数据...
2026-04-20T09:53:06:   [科创50] 开始获取数据...
2026-04-20T09:53:06:   [沪深300] 蛋卷基金: PE=14.4034, PE百分位=89.36%, 估值=high
2026-04-20T09:53:06:   [沪深300] 完成: price=4748.44, PE=14.4034, PE%=89.36%, temp=60°, src=danjuan-wind
2026-04-20T09:53:06:   [中证500] 蛋卷基金: PE=36.4631, PE百分位=85.52%, 估值=high
2026-04-20T09:53:06:   [中证500] 完成: price=8307.57, PE=36.4631, PE%=85.52%, temp=74°, src=danjuan-wind
2026-04-20T09:53:06:   [中证红利] 蛋卷基金: PE=8.6124, PE百分位=80.68%, 估值=high
2026-04-20T09:53:06:   [中证红利] 完成: price=5711.3, PE=8.6124, PE%=80.68%, temp=29°, src=danjuan-wind
2026-04-20T09:53:06:   [中证红利低波] 蛋卷基金: PE=8.4035, PE百分位=77.92%, 估值=high
2026-04-20T09:53:06:   [中证红利低波] 完成: price=11362.4, PE=8.4035, PE%=77.92%, temp=N/A, src=danjuan-wind
2026-04-20T09:53:06:   [中证消费] 蛋卷基金: PE=19.9003, PE百分位=7.92%, 估值=low
2026-04-20T09:53:06:   [中证消费] 完成: price=14264.52, PE=19.9003, PE%=7.92%, temp=0°, src=danjuan-wind
2026-04-20T09:53:06:   [科创50] 蛋卷基金: PE=159.6906, PE百分位=92.33%, 估值=high
2026-04-20T09:53:06:   [科创50] 完成: price=1439.91, PE=159.6906, PE%=92.33%, temp=N/A, src=danjuan-wind
2026-04-20T09:53:06:   [恒生科技] 开始获取数据...
2026-04-20T09:53:06:   [标普500] 开始获取数据...
2026-04-20T09:53:06:   [纳斯达克100] 开始获取数据...
2026-04-20T09:53:06:   [上证指数] 开始获取数据...
2026-04-20T09:53:06:   [恒生科技] 蛋卷基金: PE=23.1832, PE百分位=33.98%, 估值=high
2026-04-20T09:53:06:   [恒生科技] 完成: price=5067.8, PE=23.1832, PE%=33.98%, temp=11°, src=danjuan-wind
2026-04-20T09:53:06:   [标普500] 完成: price=7126.06, PE=null, PE%=null%, temp=N/A, src=none
2026-04-20T09:53:06:   [纳斯达克100] 完成: price=24468.48, PE=null, PE%=null%, temp=N/A, src=none
2026-04-20T09:53:06:   [上证指数] 完成: price=4072.92, PE=null, PE%=null%, temp=N/A, src=none
2026-04-20T09:53:06: [数据] ===== 全部完成，耗时 0.4s =====
2026-04-20T09:53:06: [缓存] indices 数据获取完成，耗时 0.4s
2026-04-20T09:53:08: [数据] ===== 开始获取所有指数数据 =====
2026-04-20T09:53:08:   [配置] 核心指数: 沪深300, 中证500, 中证红利, 中证红利低波, 中证消费, 科创50, 恒生科技, 标普500, 纳斯达克100
2026-04-20T09:53:08:   [配置] Dashboard额外: 上证指数
2026-04-20T09:53:08:   [行情] 东方财富批量接口获取 9 条
2026-04-20T09:53:08:   [行情] 东方财富缺失 1 个指数(HSTECH), 用腾讯补漏
2026-04-20T09:53:08:   [行情] 腾讯备用源获取 1 条
2026-04-20T09:53:08:   [行情] 腾讯补漏成功: HSTECH
2026-04-20T09:53:08:   [天天基金] 最近连续失败，暂时跳过重试
2026-04-20T09:53:08:   [沪深300] 开始获取数据...
2026-04-20T09:53:08:   [中证500] 开始获取数据...
2026-04-20T09:53:08:   [中证红利] 开始获取数据...
2026-04-20T09:53:08:   [中证红利低波] 开始获取数据...
2026-04-20T09:53:08:   [中证消费] 开始获取数据...
2026-04-20T09:53:08:   [科创50] 开始获取数据...
2026-04-20T09:53:08:   [沪深300] 蛋卷基金: PE=14.4034, PE百分位=89.36%, 估值=high
2026-04-20T09:53:08:   [沪深300] 完成: price=4748.44, PE=14.4034, PE%=89.36%, temp=60°, src=danjuan-wind
2026-04-20T09:53:08:   [中证500] 蛋卷基金: PE=36.4631, PE百分位=85.52%, 估值=high
2026-04-20T09:53:08:   [中证500] 完成: price=8307.57, PE=36.4631, PE%=85.52%, temp=74°, src=danjuan-wind
2026-04-20T09:53:08:   [中证红利] 蛋卷基金: PE=8.6124, PE百分位=80.68%, 估值=high
2026-04-20T09:53:08:   [中证红利] 完成: price=5711.3, PE=8.6124, PE%=80.68%, temp=29°, src=danjuan-wind
2026-04-20T09:53:08:   [中证红利低波] 蛋卷基金: PE=8.4035, PE百分位=77.92%, 估值=high
2026-04-20T09:53:08:   [中证红利低波] 完成: price=11362.4, PE=8.4035, PE%=77.92%, temp=N/A, src=danjuan-wind
2026-04-20T09:53:08:   [中证消费] 蛋卷基金: PE=19.9003, PE百分位=7.92%, 估值=low
2026-04-20T09:53:08:   [中证消费] 完成: price=14264.52, PE=19.9003, PE%=7.92%, temp=0°, src=danjuan-wind
2026-04-20T09:53:08:   [科创50] 蛋卷基金: PE=159.6906, PE百分位=92.33%, 估值=high
2026-04-20T09:53:08:   [科创50] 完成: price=1439.91, PE=159.6906, PE%=92.33%, temp=N/A, src=danjuan-wind
2026-04-20T09:53:08:   [恒生科技] 开始获取数据...
2026-04-20T09:53:08:   [标普500] 开始获取数据...
2026-04-20T09:53:08:   [纳斯达克100] 开始获取数据...
2026-04-20T09:53:08:   [上证指数] 开始获取数据...
2026-04-20T09:53:08:   [恒生科技] 蛋卷基金: PE=23.1832, PE百分位=33.98%, 估值=high
2026-04-20T09:53:08:   [恒生科技] 完成: price=5067.14, PE=23.1832, PE%=33.98%, temp=11°, src=danjuan-wind
2026-04-20T09:53:08:   [标普500] 完成: price=7126.06, PE=null, PE%=null%, temp=N/A, src=none
2026-04-20T09:53:08:   [纳斯达克100] 完成: price=24468.48, PE=null, PE%=null%, temp=N/A, src=none
2026-04-20T09:53:08:   [上证指数] 完成: price=4072.92, PE=null, PE%=null%, temp=N/A, src=none
2026-04-20T09:53:08: [数据] ===== 全部完成，耗时 0.4s =====
2026-04-20T09:53:08: [缓存] indices 数据获取完成，耗时 0.4s
2026-04-20T09:53:11: [数据] ===== 开始获取所有指数数据 =====
2026-04-20T09:53:11:   [配置] 核心指数: 沪深300, 中证500, 中证红利, 中证红利低波, 中证消费, 科创50, 恒生科技, 标普500, 纳斯达克100
2026-04-20T09:53:11:   [配置] Dashboard额外: 上证指数
2026-04-20T09:53:11:   [行情] 东方财富批量接口获取 9 条
2026-04-20T09:53:11:   [行情] 东方财富缺失 1 个指数(HSTECH), 用腾讯补漏
2026-04-20T09:53:11:   [行情] 腾讯备用源获取 1 条
2026-04-20T09:53:11:   [行情] 腾讯补漏成功: HSTECH
2026-04-20T09:53:11:   [天天基金] 最近连续失败，暂时跳过重试
2026-04-20T09:53:11:   [沪深300] 开始获取数据...
2026-04-20T09:53:11:   [中证500] 开始获取数据...
2026-04-20T09:53:11:   [中证红利] 开始获取数据...
2026-04-20T09:53:11:   [中证红利低波] 开始获取数据...
2026-04-20T09:53:11:   [中证消费] 开始获取数据...
2026-04-20T09:53:11:   [科创50] 开始获取数据...
2026-04-20T09:53:11:   [沪深300] 蛋卷基金: PE=14.4034, PE百分位=89.36%, 估值=high
2026-04-20T09:53:11:   [沪深300] 完成: price=4748.48, PE=14.4034, PE%=89.36%, temp=60°, src=danjuan-wind
2026-04-20T09:53:11:   [中证500] 蛋卷基金: PE=36.4631, PE百分位=85.52%, 估值=high
2026-04-20T09:53:11:   [中证500] 完成: price=8307.37, PE=36.4631, PE%=85.52%, temp=74°, src=danjuan-wind
2026-04-20T09:53:11:   [中证红利] 蛋卷基金: PE=8.6124, PE百分位=80.68%, 估值=high
2026-04-20T09:53:11:   [中证红利] 完成: price=5708.88, PE=8.6124, PE%=80.68%, temp=29°, src=danjuan-wind
2026-04-20T09:53:11:   [中证红利低波] 蛋卷基金: PE=8.4035, PE百分位=77.92%, 估值=high
2026-04-20T09:53:11:   [中证红利低波] 完成: price=11357.03, PE=8.4035, PE%=77.92%, temp=N/A, src=danjuan-wind
2026-04-20T09:53:11:   [中证消费] 蛋卷基金: PE=19.9003, PE百分位=7.92%, 估值=low
2026-04-20T09:53:11:   [中证消费] 完成: price=14263.23, PE=19.9003, PE%=7.92%, temp=0°, src=danjuan-wind
2026-04-20T09:53:11:   [科创50] 蛋卷基金: PE=159.6906, PE百分位=92.33%, 估值=high
2026-04-20T09:53:11:   [科创50] 完成: price=1440.28, PE=159.6906, PE%=92.33%, temp=N/A, src=danjuan-wind
2026-04-20T09:53:11:   [恒生科技] 开始获取数据...
2026-04-20T09:53:11:   [标普500] 开始获取数据...
2026-04-20T09:53:11:   [纳斯达克100] 开始获取数据...
2026-04-20T09:53:11:   [上证指数] 开始获取数据...
2026-04-20T09:53:11:   [恒生科技] 蛋卷基金: PE=23.1832, PE百分位=33.98%, 估值=high
2026-04-20T09:53:11:   [恒生科技] 完成: price=5067.46, PE=23.1832, PE%=33.98%, temp=11°, src=danjuan-wind
2026-04-20T09:53:11:   [标普500] 完成: price=7126.06, PE=null, PE%=null%, temp=N/A, src=none
2026-04-20T09:53:11:   [纳斯达克100] 完成: price=24468.48, PE=null, PE%=null%, temp=N/A, src=none
2026-04-20T09:53:11:   [上证指数] 完成: price=4072.98, PE=null, PE%=null%, temp=N/A, src=none
2026-04-20T09:53:11: [数据] ===== 全部完成，耗时 0.4s =====
2026-04-20T09:53:11: [缓存] indices 数据获取完成，耗时 0.4s
2026-04-20T09:53:14: [数据] ===== 开始获取所有指数数据 =====
2026-04-20T09:53:14:   [配置] 核心指数: 沪深300, 中证500, 中证红利, 中证红利低波, 中证消费, 科创50, 恒生科技, 标普500, 纳斯达克100
2026-04-20T09:53:14:   [配置] Dashboard额外: 上证指数
2026-04-20T09:53:14:   [行情] 东方财富批量接口获取 9 条
2026-04-20T09:53:14:   [行情] 东方财富缺失 1 个指数(HSTECH), 用腾讯补漏
2026-04-20T09:53:14:   [行情] 腾讯备用源获取 1 条
2026-04-20T09:53:14:   [行情] 腾讯补漏成功: HSTECH
2026-04-20T09:53:14:   [天天基金] 最近连续失败，暂时跳过重试
2026-04-20T09:53:15:   [沪深300] 开始获取数据...
2026-04-20T09:53:15:   [中证500] 开始获取数据...
2026-04-20T09:53:15:   [中证红利] 开始获取数据...
2026-04-20T09:53:15:   [中证红利低波] 开始获取数据...
2026-04-20T09:53:15:   [中证消费] 开始获取数据...
2026-04-20T09:53:15:   [科创50] 开始获取数据...
2026-04-20T09:53:15:   [沪深300] 蛋卷基金: PE=14.4034, PE百分位=89.36%, 估值=high
2026-04-20T09:53:15:   [沪深300] 完成: price=4749.19, PE=14.4034, PE%=89.36%, temp=60°, src=danjuan-wind
2026-04-20T09:53:15:   [中证500] 蛋卷基金: PE=36.4631, PE百分位=85.52%, 估值=high
2026-04-20T09:53:15:   [中证500] 完成: price=8307.71, PE=36.4631, PE%=85.52%, temp=74°, src=danjuan-wind
2026-04-20T09:53:15:   [中证红利] 蛋卷基金: PE=8.6124, PE百分位=80.68%, 估值=high
2026-04-20T09:53:15:   [中证红利] 完成: price=5708.88, PE=8.6124, PE%=80.68%, temp=29°, src=danjuan-wind
2026-04-20T09:53:15:   [中证红利低波] 蛋卷基金: PE=8.4035, PE百分位=77.92%, 估值=high
2026-04-20T09:53:15:   [中证红利低波] 完成: price=11357.03, PE=8.4035, PE%=77.92%, temp=N/A, src=danjuan-wind
2026-04-20T09:53:15:   [中证消费] 蛋卷基金: PE=19.9003, PE百分位=7.92%, 估值=low
2026-04-20T09:53:15:   [中证消费] 完成: price=14263.71, PE=19.9003, PE%=7.92%, temp=0°, src=danjuan-wind
2026-04-20T09:53:15:   [科创50] 蛋卷基金: PE=159.6906, PE百分位=92.33%, 估值=high
2026-04-20T09:53:15:   [科创50] 完成: price=1440.62, PE=159.6906, PE%=92.33%, temp=N/A, src=danjuan-wind
2026-04-20T09:53:15:   [恒生科技] 开始获取数据...
2026-04-20T09:53:15:   [标普500] 开始获取数据...
2026-04-20T09:53:15:   [纳斯达克100] 开始获取数据...
2026-04-20T09:53:15:   [上证指数] 开始获取数据...
2026-04-20T09:53:15:   [恒生科技] 蛋卷基金: PE=23.1832, PE百分位=33.98%, 估值=high
2026-04-20T09:53:15:   [恒生科技] 完成: price=5071.29, PE=23.1832, PE%=33.98%, temp=11°, src=danjuan-wind
2026-04-20T09:53:15:   [标普500] 完成: price=7126.06, PE=null, PE%=null%, temp=N/A, src=none
2026-04-20T09:53:15:   [纳斯达克100] 完成: price=24468.48, PE=null, PE%=null%, temp=N/A, src=none
2026-04-20T09:53:15:   [上证指数] 完成: price=4073.35, PE=null, PE%=null%, temp=N/A, src=none
2026-04-20T09:53:15: [数据] ===== 全部完成，耗时 0.7s =====
2026-04-20T09:53:15: [缓存] indices 数据获取完成，耗时 0.7s
2026-04-20T09:53:17: [数据] ===== 开始获取所有指数数据 =====
2026-04-20T09:53:17:   [配置] 核心指数: 沪深300, 中证500, 中证红利, 中证红利低波, 中证消费, 科创50, 恒生科技, 标普500, 纳斯达克100
2026-04-20T09:53:17:   [配置] Dashboard额外: 上证指数
2026-04-20T09:53:17:   [行情] 东方财富批量接口获取 9 条
2026-04-20T09:53:17:   [行情] 东方财富缺失 1 个指数(HSTECH), 用腾讯补漏
2026-04-20T09:53:17:   [行情] 腾讯备用源获取 1 条
2026-04-20T09:53:17:   [行情] 腾讯补漏成功: HSTECH
2026-04-20T09:53:17:   [天天基金] 最近连续失败，暂时跳过重试
2026-04-20T09:53:18:   [沪深300] 开始获取数据...
2026-04-20T09:53:18:   [中证500] 开始获取数据...
2026-04-20T09:53:18:   [中证红利] 开始获取数据...
2026-04-20T09:53:18:   [中证红利低波] 开始获取数据...
2026-04-20T09:53:18:   [中证消费] 开始获取数据...
2026-04-20T09:53:18:   [科创50] 开始获取数据...
2026-04-20T09:53:18:   [沪深300] 蛋卷基金: PE=14.4034, PE百分位=89.36%, 估值=high
2026-04-20T09:53:18:   [沪深300] 完成: price=4748.77, PE=14.4034, PE%=89.36%, temp=60°, src=danjuan-wind
2026-04-20T09:53:18:   [中证500] 蛋卷基金: PE=36.4631, PE百分位=85.52%, 估值=high
2026-04-20T09:53:18:   [中证500] 完成: price=8306.7, PE=36.4631, PE%=85.52%, temp=74°, src=danjuan-wind
2026-04-20T09:53:18:   [中证红利] 蛋卷基金: PE=8.6124, PE百分位=80.68%, 估值=high
2026-04-20T09:53:18:   [中证红利] 完成: price=5709.18, PE=8.6124, PE%=80.68%, temp=29°, src=danjuan-wind
2026-04-20T09:53:18:   [中证红利低波] 蛋卷基金: PE=8.4035, PE百分位=77.92%, 估值=high
2026-04-20T09:53:18:   [中证红利低波] 完成: price=11356.94, PE=8.4035, PE%=77.92%, temp=N/A, src=danjuan-wind
2026-04-20T09:53:18:   [中证消费] 蛋卷基金: PE=19.9003, PE百分位=7.92%, 估值=low
2026-04-20T09:53:18:   [中证消费] 完成: price=14263, PE=19.9003, PE%=7.92%, temp=0°, src=danjuan-wind
2026-04-20T09:53:18:   [科创50] 蛋卷基金: PE=159.6906, PE百分位=92.33%, 估值=high
2026-04-20T09:53:18:   [科创50] 完成: price=1440.26, PE=159.6906, PE%=92.33%, temp=N/A, src=danjuan-wind
2026-04-20T09:53:18:   [恒生科技] 开始获取数据...
2026-04-20T09:53:18:   [标普500] 开始获取数据...
2026-04-20T09:53:18:   [纳斯达克100] 开始获取数据...
2026-04-20T09:53:18:   [上证指数] 开始获取数据...
2026-04-20T09:53:18:   [恒生科技] 蛋卷基金: PE=23.1832, PE百分位=33.98%, 估值=high
2026-04-20T09:53:18:   [恒生科技] 完成: price=5073.9, PE=23.1832, PE%=33.98%, temp=11°, src=danjuan-wind
2026-04-20T09:53:18:   [标普500] 完成: price=7126.06, PE=null, PE%=null%, temp=N/A, src=none
2026-04-20T09:53:18:   [纳斯达克100] 完成: price=24468.48, PE=null, PE%=null%, temp=N/A, src=none
2026-04-20T09:53:18:   [上证指数] 完成: price=4072.66, PE=null, PE%=null%, temp=N/A, src=none
2026-04-20T09:53:18: [数据] ===== 全部完成，耗时 0.8s =====
2026-04-20T09:53:18: [缓存] indices 数据获取完成，耗时 0.8s
2026-04-20T09:53:20: [数据] ===== 开始获取所有指数数据 =====
2026-04-20T09:53:20:   [配置] 核心指数: 沪深300, 中证500, 中证红利, 中证红利低波, 中证消费, 科创50, 恒生科技, 标普500, 纳斯达克100
2026-04-20T09:53:20:   [配置] Dashboard额外: 上证指数
2026-04-20T09:53:20:   [行情] 东方财富批量接口获取 9 条
2026-04-20T09:53:20:   [行情] 东方财富缺失 1 个指数(HSTECH), 用腾讯补漏
2026-04-20T09:53:20:   [行情] 腾讯备用源获取 1 条
2026-04-20T09:53:20:   [行情] 腾讯补漏成功: HSTECH
2026-04-20T09:53:20:   [天天基金] 最近连续失败，暂时跳过重试
2026-04-20T09:53:20:   [沪深300] 开始获取数据...
2026-04-20T09:53:20:   [中证500] 开始获取数据...
2026-04-20T09:53:20:   [中证红利] 开始获取数据...
2026-04-20T09:53:20:   [中证红利低波] 开始获取数据...
2026-04-20T09:53:20:   [中证消费] 开始获取数据...
2026-04-20T09:53:20:   [科创50] 开始获取数据...
2026-04-20T09:53:20:   [沪深300] 蛋卷基金: PE=14.4034, PE百分位=89.36%, 估值=high
2026-04-20T09:53:20:   [沪深300] 完成: price=4748.74, PE=14.4034, PE%=89.36%, temp=60°, src=danjuan-wind
2026-04-20T09:53:20:   [中证500] 蛋卷基金: PE=36.4631, PE百分位=85.52%, 估值=high
2026-04-20T09:53:20:   [中证500] 完成: price=8306.02, PE=36.4631, PE%=85.52%, temp=74°, src=danjuan-wind
2026-04-20T09:53:20:   [中证红利] 蛋卷基金: PE=8.6124, PE百分位=80.68%, 估值=high
2026-04-20T09:53:20:   [中证红利] 完成: price=5709.18, PE=8.6124, PE%=80.68%, temp=29°, src=danjuan-wind
2026-04-20T09:53:20:   [中证红利低波] 蛋卷基金: PE=8.4035, PE百分位=77.92%, 估值=high
2026-04-20T09:53:20:   [中证红利低波] 完成: price=11356.94, PE=8.4035, PE%=77.92%, temp=N/A, src=danjuan-wind
2026-04-20T09:53:20:   [中证消费] 蛋卷基金: PE=19.9003, PE百分位=7.92%, 估值=low
2026-04-20T09:53:20:   [中证消费] 完成: price=14262.15, PE=19.9003, PE%=7.92%, temp=0°, src=danjuan-wind
2026-04-20T09:53:20:   [科创50] 蛋卷基金: PE=159.6906, PE百分位=92.33%, 估值=high
2026-04-20T09:53:20:   [科创50] 完成: price=1440.02, PE=159.6906, PE%=92.33%, temp=N/A, src=danjuan-wind
2026-04-20T09:53:20:   [恒生科技] 开始获取数据...
2026-04-20T09:53:20:   [标普500] 开始获取数据...
2026-04-20T09:53:20:   [纳斯达克100] 开始获取数据...
2026-04-20T09:53:20:   [上证指数] 开始获取数据...
2026-04-20T09:53:20:   [恒生科技] 蛋卷基金: PE=23.1832, PE百分位=33.98%, 估值=high
2026-04-20T09:53:20:   [恒生科技] 完成: price=5075.34, PE=23.1832, PE%=33.98%, temp=11°, src=danjuan-wind
2026-04-20T09:53:20:   [标普500] 完成: price=7126.06, PE=null, PE%=null%, temp=N/A, src=none
2026-04-20T09:53:20:   [纳斯达克100] 完成: price=24468.48, PE=null, PE%=null%, temp=N/A, src=none
2026-04-20T09:53:20:   [上证指数] 完成: price=4072.33, PE=null, PE%=null%, temp=N/A, src=none
2026-04-20T09:53:20: [数据] ===== 全部完成，耗时 0.7s =====
2026-04-20T09:53:20: [缓存] indices 数据获取完成，耗时 0.7s
2026-04-20T09:53:23: [数据] ===== 开始获取所有指数数据 =====
2026-04-20T09:53:23:   [配置] 核心指数: 沪深300, 中证500, 中证红利, 中证红利低波, 中证消费, 科创50, 恒生科技, 标普500, 纳斯达克100
2026-04-20T09:53:23:   [配置] Dashboard额外: 上证指数
2026-04-20T09:53:23:   [行情] 东方财富批量接口获取 9 条
2026-04-20T09:53:23:   [行情] 东方财富缺失 1 个指数(HSTECH), 用腾讯补漏
2026-04-20T09:53:23:   [行情] 腾讯备用源获取 1 条
2026-04-20T09:53:23:   [行情] 腾讯补漏成功: HSTECH
2026-04-20T09:53:23:   [天天基金] 最近连续失败，暂时跳过重试
2026-04-20T09:53:23:   [沪深300] 开始获取数据...
2026-04-20T09:53:23:   [中证500] 开始获取数据...
2026-04-20T09:53:23:   [中证红利] 开始获取数据...
2026-04-20T09:53:23:   [中证红利低波] 开始获取数据...
2026-04-20T09:53:23:   [中证消费] 开始获取数据...
2026-04-20T09:53:23:   [科创50] 开始获取数据...
2026-04-20T09:53:23:   [沪深300] 蛋卷基金: PE=14.4034, PE百分位=89.36%, 估值=high
2026-04-20T09:53:23:   [沪深300] 完成: price=4748.88, PE=14.4034, PE%=89.36%, temp=60°, src=danjuan-wind
2026-04-20T09:53:23:   [中证500] 蛋卷基金: PE=36.4631, PE百分位=85.52%, 估值=high
2026-04-20T09:53:23:   [中证500] 完成: price=8305.41, PE=36.4631, PE%=85.52%, temp=74°, src=danjuan-wind
2026-04-20T09:53:23:   [中证红利] 蛋卷基金: PE=8.6124, PE百分位=80.68%, 估值=high
2026-04-20T09:53:23:   [中证红利] 完成: price=5707.8, PE=8.6124, PE%=80.68%, temp=29°, src=danjuan-wind
2026-04-20T09:53:23:   [中证红利低波] 蛋卷基金: PE=8.4035, PE百分位=77.92%, 估值=high
2026-04-20T09:53:23:   [中证红利低波] 完成: price=11357.38, PE=8.4035, PE%=77.92%, temp=N/A, src=danjuan-wind
2026-04-20T09:53:23:   [中证消费] 蛋卷基金: PE=19.9003, PE百分位=7.92%, 估值=low
2026-04-20T09:53:23:   [中证消费] 完成: price=14260.55, PE=19.9003, PE%=7.92%, temp=0°, src=danjuan-wind
2026-04-20T09:53:23:   [科创50] 蛋卷基金: PE=159.6906, PE百分位=92.33%, 估值=high
2026-04-20T09:53:23:   [科创50] 完成: price=1440.11, PE=159.6906, PE%=92.33%, temp=N/A, src=danjuan-wind
2026-04-20T09:53:23:   [恒生科技] 开始获取数据...
2026-04-20T09:53:23:   [标普500] 开始获取数据...
2026-04-20T09:53:23:   [纳斯达克100] 开始获取数据...
2026-04-20T09:53:23:   [上证指数] 开始获取数据...
2026-04-20T09:53:23:   [恒生科技] 蛋卷基金: PE=23.1832, PE百分位=33.98%, 估值=high
2026-04-20T09:53:23:   [恒生科技] 完成: price=5075.34, PE=23.1832, PE%=33.98%, temp=11°, src=danjuan-wind
2026-04-20T09:53:23:   [标普500] 完成: price=7126.06, PE=null, PE%=null%, temp=N/A, src=none
2026-04-20T09:53:23:   [纳斯达克100] 完成: price=24468.48, PE=null, PE%=null%, temp=N/A, src=none
2026-04-20T09:53:23:   [上证指数] 完成: price=4072.26, PE=null, PE%=null%, temp=N/A, src=none
2026-04-20T09:53:23: [数据] ===== 全部完成，耗时 0.4s =====
2026-04-20T09:53:23: [缓存] indices 数据获取完成，耗时 0.4s
2026-04-20T09:53:25: [数据] ===== 开始获取所有指数数据 =====
2026-04-20T09:53:25:   [配置] 核心指数: 沪深300, 中证500, 中证红利, 中证红利低波, 中证消费, 科创50, 恒生科技, 标普500, 纳斯达克100
2026-04-20T09:53:25:   [配置] Dashboard额外: 上证指数
2026-04-20T09:53:25:   [行情] 东方财富批量接口获取 9 条
2026-04-20T09:53:25:   [行情] 东方财富缺失 1 个指数(HSTECH), 用腾讯补漏
2026-04-20T09:53:25:   [行情] 腾讯备用源获取 1 条
2026-04-20T09:53:25:   [行情] 腾讯补漏成功: HSTECH
2026-04-20T09:53:25:   [天天基金] 最近连续失败，暂时跳过重试
2026-04-20T09:53:26:   [沪深300] 开始获取数据...
2026-04-20T09:53:26:   [中证500] 开始获取数据...
2026-04-20T09:53:26:   [中证红利] 开始获取数据...
2026-04-20T09:53:26:   [中证红利低波] 开始获取数据...
2026-04-20T09:53:26:   [中证消费] 开始获取数据...
2026-04-20T09:53:26:   [科创50] 开始获取数据...
2026-04-20T09:53:26:   [沪深300] 蛋卷基金: PE=14.4034, PE百分位=89.36%, 估值=high
2026-04-20T09:53:26:   [沪深300] 完成: price=4748.74, PE=14.4034, PE%=89.36%, temp=60°, src=danjuan-wind
2026-04-20T09:53:26:   [中证500] 蛋卷基金: PE=36.4631, PE百分位=85.52%, 估值=high
2026-04-20T09:53:26:   [中证500] 完成: price=8305.74, PE=36.4631, PE%=85.52%, temp=74°, src=danjuan-wind
2026-04-20T09:53:26:   [中证红利] 蛋卷基金: PE=8.6124, PE百分位=80.68%, 估值=high
2026-04-20T09:53:26:   [中证红利] 完成: price=5707.8, PE=8.6124, PE%=80.68%, temp=29°, src=danjuan-wind
2026-04-20T09:53:26:   [中证红利低波] 蛋卷基金: PE=8.4035, PE百分位=77.92%, 估值=high
2026-04-20T09:53:26:   [中证红利低波] 完成: price=11357.38, PE=8.4035, PE%=77.92%, temp=N/A, src=danjuan-wind
2026-04-20T09:53:26:   [中证消费] 蛋卷基金: PE=19.9003, PE百分位=7.92%, 估值=low
2026-04-20T09:53:26:   [中证消费] 完成: price=14259.72, PE=19.9003, PE%=7.92%, temp=0°, src=danjuan-wind
2026-04-20T09:53:26:   [科创50] 蛋卷基金: PE=159.6906, PE百分位=92.33%, 估值=high
2026-04-20T09:53:26:   [科创50] 完成: price=1439.9, PE=159.6906, PE%=92.33%, temp=N/A, src=danjuan-wind
2026-04-20T09:53:26:   [恒生科技] 开始获取数据...
2026-04-20T09:53:26:   [标普500] 开始获取数据...
2026-04-20T09:53:26:   [纳斯达克100] 开始获取数据...
2026-04-20T09:53:26:   [上证指数] 开始获取数据...
2026-04-20T09:53:26:   [恒生科技] 蛋卷基金: PE=23.1832, PE百分位=33.98%, 估值=high
2026-04-20T09:53:26:   [恒生科技] 完成: price=5074.68, PE=23.1832, PE%=33.98%, temp=11°, src=danjuan-wind
2026-04-20T09:53:26:   [标普500] 完成: price=7126.06, PE=null, PE%=null%, temp=N/A, src=none
2026-04-20T09:53:26:   [纳斯达克100] 完成: price=24468.48, PE=null, PE%=null%, temp=N/A, src=none
2026-04-20T09:53:26:   [上证指数] 完成: price=4072.12, PE=null, PE%=null%, temp=N/A, src=none
2026-04-20T09:53:26: [数据] ===== 全部完成，耗时 0.8s =====
2026-04-20T09:53:26: [缓存] indices 数据获取完成，耗时 0.8s
2026-04-20T09:53:28: [数据] ===== 开始获取所有指数数据 =====
2026-04-20T09:53:28:   [配置] 核心指数: 沪深300, 中证500, 中证红利, 中证红利低波, 中证消费, 科创50, 恒生科技, 标普500, 纳斯达克100
2026-04-20T09:53:28:   [配置] Dashboard额外: 上证指数
2026-04-20T09:53:28:   [行情] 东方财富批量接口获取 9 条
2026-04-20T09:53:28:   [行情] 东方财富缺失 1 个指数(HSTECH), 用腾讯补漏
2026-04-20T09:53:28:   [行情] 腾讯备用源获取 1 条
2026-04-20T09:53:28:   [行情] 腾讯补漏成功: HSTECH
2026-04-20T09:53:28:   [天天基金] 最近连续失败，暂时跳过重试
2026-04-20T09:53:28:   [沪深300] 开始获取数据...
2026-04-20T09:53:28:   [中证500] 开始获取数据...
2026-04-20T09:53:28:   [中证红利] 开始获取数据...
2026-04-20T09:53:28:   [中证红利低波] 开始获取数据...
2026-04-20T09:53:28:   [中证消费] 开始获取数据...
2026-04-20T09:53:28:   [科创50] 开始获取数据...
2026-04-20T09:53:28:   [沪深300] 蛋卷基金: PE=14.4034, PE百分位=89.36%, 估值=high
2026-04-20T09:53:28:   [沪深300] 完成: price=4748.31, PE=14.4034, PE%=89.36%, temp=60°, src=danjuan-wind
2026-04-20T09:53:28:   [中证500] 蛋卷基金: PE=36.4631, PE百分位=85.52%, 估值=high
2026-04-20T09:53:28:   [中证500] 完成: price=8304.61, PE=36.4631, PE%=85.52%, temp=74°, src=danjuan-wind
2026-04-20T09:53:28:   [中证红利] 蛋卷基金: PE=8.6124, PE百分位=80.68%, 估值=high
2026-04-20T09:53:28:   [中证红利] 完成: price=5707.96, PE=8.6124, PE%=80.68%, temp=29°, src=danjuan-wind
2026-04-20T09:53:28:   [中证红利低波] 蛋卷基金: PE=8.4035, PE百分位=77.92%, 估值=high
2026-04-20T09:53:28:   [中证红利低波] 完成: price=11356.27, PE=8.4035, PE%=77.92%, temp=N/A, src=danjuan-wind
2026-04-20T09:53:28:   [中证消费] 蛋卷基金: PE=19.9003, PE百分位=7.92%, 估值=low
2026-04-20T09:53:28:   [中证消费] 完成: price=14258.53, PE=19.9003, PE%=7.92%, temp=0°, src=danjuan-wind
2026-04-20T09:53:28:   [科创50] 蛋卷基金: PE=159.6906, PE百分位=92.33%, 估值=high
2026-04-20T09:53:28:   [科创50] 完成: price=1439.53, PE=159.6906, PE%=92.33%, temp=N/A, src=danjuan-wind
2026-04-20T09:53:28:   [恒生科技] 开始获取数据...
2026-04-20T09:53:28:   [标普500] 开始获取数据...
2026-04-20T09:53:28:   [纳斯达克100] 开始获取数据...
2026-04-20T09:53:28:   [上证指数] 开始获取数据...
2026-04-20T09:53:28:   [恒生科技] 蛋卷基金: PE=23.1832, PE百分位=33.98%, 估值=high
2026-04-20T09:53:28:   [恒生科技] 完成: price=5075.91, PE=23.1832, PE%=33.98%, temp=11°, src=danjuan-wind
2026-04-20T09:53:28:   [标普500] 完成: price=7126.06, PE=null, PE%=null%, temp=N/A, src=none
2026-04-20T09:53:28:   [纳斯达克100] 完成: price=24468.48, PE=null, PE%=null%, temp=N/A, src=none
2026-04-20T09:53:28:   [上证指数] 完成: price=4071.69, PE=null, PE%=null%, temp=N/A, src=none
2026-04-20T09:53:28: [数据] ===== 全部完成，耗时 0.6s =====
2026-04-20T09:53:28: [缓存] indices 数据获取完成，耗时 0.6s
2026-04-20T09:53:30: [数据] ===== 开始获取所有指数数据 =====
2026-04-20T09:53:30:   [配置] 核心指数: 沪深300, 中证500, 中证红利, 中证红利低波, 中证消费, 科创50, 恒生科技, 标普500, 纳斯达克100
2026-04-20T09:53:30:   [配置] Dashboard额外: 上证指数
2026-04-20T09:53:30:   [行情] 东方财富批量接口获取 9 条
2026-04-20T09:53:30:   [行情] 东方财富缺失 1 个指数(HSTECH), 用腾讯补漏
2026-04-20T09:53:30:   [行情] 腾讯备用源获取 1 条
2026-04-20T09:53:30:   [行情] 腾讯补漏成功: HSTECH
2026-04-20T09:53:30:   [天天基金] 最近连续失败，暂时跳过重试
2026-04-20T09:53:31:   [沪深300] 开始获取数据...
2026-04-20T09:53:31:   [中证500] 开始获取数据...
2026-04-20T09:53:31:   [中证红利] 开始获取数据...
2026-04-20T09:53:31:   [中证红利低波] 开始获取数据...
2026-04-20T09:53:31:   [中证消费] 开始获取数据...
2026-04-20T09:53:31:   [科创50] 开始获取数据...
2026-04-20T09:53:31:   [沪深300] 蛋卷基金: PE=14.4034, PE百分位=89.36%, 估值=high
2026-04-20T09:53:31:   [沪深300] 完成: price=4747.94, PE=14.4034, PE%=89.36%, temp=60°, src=danjuan-wind
2026-04-20T09:53:31:   [中证500] 蛋卷基金: PE=36.4631, PE百分位=85.52%, 估值=high
2026-04-20T09:53:31:   [中证500] 完成: price=8304.39, PE=36.4631, PE%=85.52%, temp=74°, src=danjuan-wind
2026-04-20T09:53:31:   [中证红利] 蛋卷基金: PE=8.6124, PE百分位=80.68%, 估值=high
2026-04-20T09:53:31:   [中证红利] 完成: price=5707.96, PE=8.6124, PE%=80.68%, temp=29°, src=danjuan-wind
2026-04-20T09:53:31:   [中证红利低波] 蛋卷基金: PE=8.4035, PE百分位=77.92%, 估值=high
2026-04-20T09:53:31:   [中证红利低波] 完成: price=11356.27, PE=8.4035, PE%=77.92%, temp=N/A, src=danjuan-wind
2026-04-20T09:53:31:   [中证消费] 蛋卷基金: PE=19.9003, PE百分位=7.92%, 估值=low
2026-04-20T09:53:31:   [中证消费] 完成: price=14258.51, PE=19.9003, PE%=7.92%, temp=0°, src=danjuan-wind
2026-04-20T09:53:31:   [科创50] 蛋卷基金: PE=159.6906, PE百分位=92.33%, 估值=high
2026-04-20T09:53:31:   [科创50] 完成: price=1439.48, PE=159.6906, PE%=92.33%, temp=N/A, src=danjuan-wind
2026-04-20T09:53:31:   [恒生科技] 开始获取数据...
2026-04-20T09:53:31:   [标普500] 开始获取数据...
2026-04-20T09:53:31:   [纳斯达克100] 开始获取数据...
2026-04-20T09:53:31:   [上证指数] 开始获取数据...
2026-04-20T09:53:31:   [恒生科技] 蛋卷基金: PE=23.1832, PE百分位=33.98%, 估值=high
2026-04-20T09:53:31:   [恒生科技] 完成: price=5078.48, PE=23.1832, PE%=33.98%, temp=11°, src=danjuan-wind
2026-04-20T09:53:31:   [标普500] 完成: price=7126.06, PE=null, PE%=null%, temp=N/A, src=none
2026-04-20T09:53:31:   [纳斯达克100] 完成: price=24468.48, PE=null, PE%=null%, temp=N/A, src=none
2026-04-20T09:53:31:   [上证指数] 完成: price=4071.75, PE=null, PE%=null%, temp=N/A, src=none
2026-04-20T09:53:31: [数据] ===== 全部完成，耗时 1.2s =====
2026-04-20T09:53:31: [缓存] indices 数据获取完成，耗时 1.2s
2026-04-20T09:53:31:   [行情] 东方财富批量接口获取 8 条
2026-04-20T09:53:31:   [行情] 东方财富缺失 1 个指数(HSTECH), 用腾讯补漏
2026-04-20T09:53:31:   [行情] 腾讯备用源获取 1 条
2026-04-20T09:53:31:   [行情] 腾讯补漏成功: HSTECH
2026-04-20T09:53:31: [缓存] index-quotes 数据获取完成，耗时 0.0s
2026-04-20T09:53:34: [数据] ===== 开始获取所有指数数据 =====
2026-04-20T09:53:34:   [配置] 核心指数: 沪深300, 中证500, 中证红利, 中证红利低波, 中证消费, 科创50, 恒生科技, 标普500, 纳斯达克100
2026-04-20T09:53:34:   [配置] Dashboard额外: 上证指数
2026-04-20T09:53:34:   [行情] 东方财富批量接口获取 9 条
2026-04-20T09:53:34:   [行情] 东方财富缺失 1 个指数(HSTECH), 用腾讯补漏
2026-04-20T09:53:34:   [行情] 腾讯备用源获取 1 条
2026-04-20T09:53:34:   [行情] 腾讯补漏成功: HSTECH
2026-04-20T09:53:34:   [天天基金] 最近连续失败，暂时跳过重试
2026-04-20T09:53:35:   [沪深300] 开始获取数据...
2026-04-20T09:53:35:   [中证500] 开始获取数据...
2026-04-20T09:53:35:   [中证红利] 开始获取数据...
2026-04-20T09:53:35:   [中证红利低波] 开始获取数据...
2026-04-20T09:53:35:   [中证消费] 开始获取数据...
2026-04-20T09:53:35:   [科创50] 开始获取数据...
2026-04-20T09:53:35:   [沪深300] 蛋卷基金: PE=14.4034, PE百分位=89.36%, 估值=high
2026-04-20T09:53:35:   [沪深300] 完成: price=4747.84, PE=14.4034, PE%=89.36%, temp=60°, src=danjuan-wind
2026-04-20T09:53:35:   [中证500] 蛋卷基金: PE=36.4631, PE百分位=85.52%, 估值=high
2026-04-20T09:53:35:   [中证500] 完成: price=8305.86, PE=36.4631, PE%=85.52%, temp=74°, src=danjuan-wind
2026-04-20T09:53:35:   [中证红利] 蛋卷基金: PE=8.6124, PE百分位=80.68%, 估值=high
2026-04-20T09:53:35:   [中证红利] 完成: price=5706.58, PE=8.6124, PE%=80.68%, temp=29°, src=danjuan-wind
2026-04-20T09:53:35:   [中证红利低波] 蛋卷基金: PE=8.4035, PE百分位=77.92%, 估值=high
2026-04-20T09:53:35:   [中证红利低波] 完成: price=11355.13, PE=8.4035, PE%=77.92%, temp=N/A, src=danjuan-wind
2026-04-20T09:53:35:   [中证消费] 蛋卷基金: PE=19.9003, PE百分位=7.92%, 估值=low
2026-04-20T09:53:35:   [中证消费] 完成: price=14258.77, PE=19.9003, PE%=7.92%, temp=0°, src=danjuan-wind
2026-04-20T09:53:35:   [科创50] 蛋卷基金: PE=159.6906, PE百分位=92.33%, 估值=high
2026-04-20T09:53:35:   [科创50] 完成: price=1439.53, PE=159.6906, PE%=92.33%, temp=N/A, src=danjuan-wind
2026-04-20T09:53:35:   [恒生科技] 开始获取数据...
2026-04-20T09:53:35:   [标普500] 开始获取数据...
2026-04-20T09:53:35:   [纳斯达克100] 开始获取数据...
2026-04-20T09:53:35:   [上证指数] 开始获取数据...
2026-04-20T09:53:35:   [恒生科技] 蛋卷基金: PE=23.1832, PE百分位=33.98%, 估值=high
2026-04-20T09:53:35:   [恒生科技] 完成: price=5078.33, PE=23.1832, PE%=33.98%, temp=11°, src=danjuan-wind
2026-04-20T09:53:35:   [标普500] 完成: price=7126.06, PE=null, PE%=null%, temp=N/A, src=none
2026-04-20T09:53:35:   [纳斯达克100] 完成: price=24468.48, PE=null, PE%=null%, temp=N/A, src=none
2026-04-20T09:53:35:   [上证指数] 完成: price=4071.58, PE=null, PE%=null%, temp=N/A, src=none
2026-04-20T09:53:35: [数据] ===== 全部完成，耗时 0.6s =====
2026-04-20T09:53:35: [缓存] indices 数据获取完成，耗时 0.6s
2026-04-20T09:53:37: [数据] ===== 开始获取所有指数数据 =====
2026-04-20T09:53:37:   [配置] 核心指数: 沪深300, 中证500, 中证红利, 中证红利低波, 中证消费, 科创50, 恒生科技, 标普500, 纳斯达克100
2026-04-20T09:53:37:   [配置] Dashboard额外: 上证指数
2026-04-20T09:53:37:   [行情] 东方财富批量接口获取 9 条
2026-04-20T09:53:37:   [行情] 东方财富缺失 1 个指数(HSTECH), 用腾讯补漏
2026-04-20T09:53:37:   [行情] 腾讯备用源获取 1 条
2026-04-20T09:53:37:   [行情] 腾讯补漏成功: HSTECH
2026-04-20T09:53:37:   [天天基金] 最近连续失败，暂时跳过重试
2026-04-20T09:53:37:   [沪深300] 开始获取数据...
2026-04-20T09:53:37:   [中证500] 开始获取数据...
2026-04-20T09:53:37:   [中证红利] 开始获取数据...
2026-04-20T09:53:37:   [中证红利低波] 开始获取数据...
2026-04-20T09:53:37:   [中证消费] 开始获取数据...
2026-04-20T09:53:37:   [科创50] 开始获取数据...
2026-04-20T09:53:37:   [沪深300] 蛋卷基金: PE=14.4034, PE百分位=89.36%, 估值=high
2026-04-20T09:53:37:   [沪深300] 完成: price=4747.98, PE=14.4034, PE%=89.36%, temp=60°, src=danjuan-wind
2026-04-20T09:53:37:   [中证500] 蛋卷基金: PE=36.4631, PE百分位=85.52%, 估值=high
2026-04-20T09:53:37:   [中证500] 完成: price=8306.84, PE=36.4631, PE%=85.52%, temp=74°, src=danjuan-wind
2026-04-20T09:53:37:   [中证红利] 蛋卷基金: PE=8.6124, PE百分位=80.68%, 估值=high
2026-04-20T09:53:37:   [中证红利] 完成: price=5708.09, PE=8.6124, PE%=80.68%, temp=29°, src=danjuan-wind
2026-04-20T09:53:37:   [中证红利低波] 蛋卷基金: PE=8.4035, PE百分位=77.92%, 估值=high
2026-04-20T09:53:37:   [中证红利低波] 完成: price=11356.72, PE=8.4035, PE%=77.92%, temp=N/A, src=danjuan-wind
2026-04-20T09:53:37:   [中证消费] 蛋卷基金: PE=19.9003, PE百分位=7.92%, 估值=low
2026-04-20T09:53:37:   [中证消费] 完成: price=14259.48, PE=19.9003, PE%=7.92%, temp=0°, src=danjuan-wind
2026-04-20T09:53:37:   [科创50] 蛋卷基金: PE=159.6906, PE百分位=92.33%, 估值=high
2026-04-20T09:53:37:   [科创50] 完成: price=1439.46, PE=159.6906, PE%=92.33%, temp=N/A, src=danjuan-wind
2026-04-20T09:53:37:   [恒生科技] 开始获取数据...
2026-04-20T09:53:37:   [标普500] 开始获取数据...
2026-04-20T09:53:37:   [纳斯达克100] 开始获取数据...
2026-04-20T09:53:37:   [上证指数] 开始获取数据...
2026-04-20T09:53:37:   [恒生科技] 蛋卷基金: PE=23.1832, PE百分位=33.98%, 估值=high
2026-04-20T09:53:37:   [恒生科技] 完成: price=5079.26, PE=23.1832, PE%=33.98%, temp=11°, src=danjuan-wind
2026-04-20T09:53:37:   [标普500] 完成: price=7126.06, PE=null, PE%=null%, temp=N/A, src=none
2026-04-20T09:53:37:   [纳斯达克100] 完成: price=24468.48, PE=null, PE%=null%, temp=N/A, src=none
2026-04-20T09:53:37:   [上证指数] 完成: price=4071.78, PE=null, PE%=null%, temp=N/A, src=none
2026-04-20T09:53:37: [数据] ===== 全部完成，耗时 0.7s =====
2026-04-20T09:53:37: [缓存] indices 数据获取完成，耗时 0.7s
2026-04-20T09:53:40: [数据] ===== 开始获取所有指数数据 =====
2026-04-20T09:53:40:   [配置] 核心指数: 沪深300, 中证500, 中证红利, 中证红利低波, 中证消费, 科创50, 恒生科技, 标普500, 纳斯达克100
2026-04-20T09:53:40:   [配置] Dashboard额外: 上证指数
2026-04-20T09:53:40:   [行情] 东方财富批量接口获取 9 条
2026-04-20T09:53:40:   [行情] 东方财富缺失 1 个指数(HSTECH), 用腾讯补漏
2026-04-20T09:53:40:   [行情] 腾讯备用源获取 1 条
2026-04-20T09:53:40:   [行情] 腾讯补漏成功: HSTECH
2026-04-20T09:53:40:   [天天基金] 最近连续失败，暂时跳过重试
2026-04-20T09:53:40:   [沪深300] 开始获取数据...
2026-04-20T09:53:40:   [中证500] 开始获取数据...
2026-04-20T09:53:40:   [中证红利] 开始获取数据...
2026-04-20T09:53:40:   [中证红利低波] 开始获取数据...
2026-04-20T09:53:40:   [中证消费] 开始获取数据...
2026-04-20T09:53:40:   [科创50] 开始获取数据...
2026-04-20T09:53:40:   [沪深300] 蛋卷基金: PE=14.4034, PE百分位=89.36%, 估值=high
2026-04-20T09:53:40:   [沪深300] 完成: price=4748, PE=14.4034, PE%=89.36%, temp=60°, src=danjuan-wind
2026-04-20T09:53:40:   [中证500] 蛋卷基金: PE=36.4631, PE百分位=85.52%, 估值=high
2026-04-20T09:53:40:   [中证500] 完成: price=8306.8, PE=36.4631, PE%=85.52%, temp=74°, src=danjuan-wind
2026-04-20T09:53:40:   [中证红利] 蛋卷基金: PE=8.6124, PE百分位=80.68%, 估值=high
2026-04-20T09:53:40:   [中证红利] 完成: price=5708.09, PE=8.6124, PE%=80.68%, temp=29°, src=danjuan-wind
2026-04-20T09:53:40:   [中证红利低波] 蛋卷基金: PE=8.4035, PE百分位=77.92%, 估值=high
2026-04-20T09:53:40:   [中证红利低波] 完成: price=11356.72, PE=8.4035, PE%=77.92%, temp=N/A, src=danjuan-wind
2026-04-20T09:53:40:   [中证消费] 蛋卷基金: PE=19.9003, PE百分位=7.92%, 估值=low
2026-04-20T09:53:40:   [中证消费] 完成: price=14259.94, PE=19.9003, PE%=7.92%, temp=0°, src=danjuan-wind
2026-04-20T09:53:40:   [科创50] 蛋卷基金: PE=159.6906, PE百分位=92.33%, 估值=high
2026-04-20T09:53:40:   [科创50] 完成: price=1439.57, PE=159.6906, PE%=92.33%, temp=N/A, src=danjuan-wind
2026-04-20T09:53:40:   [恒生科技] 开始获取数据...
2026-04-20T09:53:40:   [标普500] 开始获取数据...
2026-04-20T09:53:40:   [纳斯达克100] 开始获取数据...
2026-04-20T09:53:40:   [上证指数] 开始获取数据...
2026-04-20T09:53:40:   [恒生科技] 蛋卷基金: PE=23.1832, PE百分位=33.98%, 估值=high
2026-04-20T09:53:40:   [恒生科技] 完成: price=5077.39, PE=23.1832, PE%=33.98%, temp=11°, src=danjuan-wind
2026-04-20T09:53:40:   [标普500] 完成: price=7126.06, PE=null, PE%=null%, temp=N/A, src=none
2026-04-20T09:53:40:   [纳斯达克100] 完成: price=24468.48, PE=null, PE%=null%, temp=N/A, src=none
2026-04-20T09:53:40:   [上证指数] 完成: price=4071.88, PE=null, PE%=null%, temp=N/A, src=none
2026-04-20T09:53:40: [数据] ===== 全部完成，耗时 0.5s =====
2026-04-20T09:53:40: [缓存] indices 数据获取完成，耗时 0.5s
2026-04-20T09:53:43: [数据] ===== 开始获取所有指数数据 =====
2026-04-20T09:53:43:   [配置] 核心指数: 沪深300, 中证500, 中证红利, 中证红利低波, 中证消费, 科创50, 恒生科技, 标普500, 纳斯达克100
2026-04-20T09:53:43:   [配置] Dashboard额外: 上证指数
2026-04-20T09:53:43:   [行情] 东方财富批量接口获取 9 条
2026-04-20T09:53:43:   [行情] 东方财富缺失 1 个指数(HSTECH), 用腾讯补漏
2026-04-20T09:53:43:   [行情] 腾讯备用源获取 1 条
2026-04-20T09:53:43:   [行情] 腾讯补漏成功: HSTECH
2026-04-20T09:53:43:   [天天基金] 最近连续失败，暂时跳过重试
2026-04-20T09:53:43:   [沪深300] 开始获取数据...
2026-04-20T09:53:43:   [中证500] 开始获取数据...
2026-04-20T09:53:43:   [中证红利] 开始获取数据...
2026-04-20T09:53:43:   [中证红利低波] 开始获取数据...
2026-04-20T09:53:43:   [中证消费] 开始获取数据...
2026-04-20T09:53:43:   [科创50] 开始获取数据...
2026-04-20T09:53:43:   [沪深300] 蛋卷基金: PE=14.4034, PE百分位=89.36%, 估值=high
2026-04-20T09:53:43:   [沪深300] 完成: price=4748.27, PE=14.4034, PE%=89.36%, temp=60°, src=danjuan-wind
2026-04-20T09:53:43:   [中证500] 蛋卷基金: PE=36.4631, PE百分位=85.52%, 估值=high
2026-04-20T09:53:43:   [中证500] 完成: price=8307.09, PE=36.4631, PE%=85.52%, temp=74°, src=danjuan-wind
2026-04-20T09:53:43:   [中证红利] 蛋卷基金: PE=8.6124, PE百分位=80.68%, 估值=high
2026-04-20T09:53:43:   [中证红利] 完成: price=5707.43, PE=8.6124, PE%=80.68%, temp=29°, src=danjuan-wind
2026-04-20T09:53:43:   [中证红利低波] 蛋卷基金: PE=8.4035, PE百分位=77.92%, 估值=high
2026-04-20T09:53:43:   [中证红利低波] 完成: price=11355.84, PE=8.4035, PE%=77.92%, temp=N/A, src=danjuan-wind
2026-04-20T09:53:43:   [中证消费] 蛋卷基金: PE=19.9003, PE百分位=7.92%, 估值=low
2026-04-20T09:53:43:   [中证消费] 完成: price=14260.89, PE=19.9003, PE%=7.92%, temp=0°, src=danjuan-wind
2026-04-20T09:53:43:   [科创50] 蛋卷基金: PE=159.6906, PE百分位=92.33%, 估值=high
2026-04-20T09:53:43:   [科创50] 完成: price=1439.45, PE=159.6906, PE%=92.33%, temp=N/A, src=danjuan-wind
2026-04-20T09:53:43:   [恒生科技] 开始获取数据...
2026-04-20T09:53:43:   [标普500] 开始获取数据...
2026-04-20T09:53:43:   [纳斯达克100] 开始获取数据...
2026-04-20T09:53:43:   [上证指数] 开始获取数据...
2026-04-20T09:53:43:   [恒生科技] 蛋卷基金: PE=23.1832, PE百分位=33.98%, 估值=high
2026-04-20T09:53:43:   [恒生科技] 完成: price=5079.02, PE=23.1832, PE%=33.98%, temp=11°, src=danjuan-wind
2026-04-20T09:53:43:   [标普500] 完成: price=7126.06, PE=null, PE%=null%, temp=N/A, src=none
2026-04-20T09:53:43:   [纳斯达克100] 完成: price=24468.48, PE=null, PE%=null%, temp=N/A, src=none
2026-04-20T09:53:43:   [上证指数] 完成: price=4072.07, PE=null, PE%=null%, temp=N/A, src=none
2026-04-20T09:53:43: [数据] ===== 全部完成，耗时 0.4s =====
2026-04-20T09:53:43: [缓存] indices 数据获取完成，耗时 0.4s
2026-04-20T09:53:45: [数据] ===== 开始获取所有指数数据 =====
2026-04-20T09:53:45:   [配置] 核心指数: 沪深300, 中证500, 中证红利, 中证红利低波, 中证消费, 科创50, 恒生科技, 标普500, 纳斯达克100
2026-04-20T09:53:45:   [配置] Dashboard额外: 上证指数
2026-04-20T09:53:45:   [行情] 东方财富批量接口获取 9 条
2026-04-20T09:53:45:   [行情] 东方财富缺失 1 个指数(HSTECH), 用腾讯补漏
2026-04-20T09:53:45:   [行情] 腾讯备用源获取 1 条
2026-04-20T09:53:45:   [行情] 腾讯补漏成功: HSTECH
2026-04-20T09:53:45:   [天天基金] 最近连续失败，暂时跳过重试
2026-04-20T09:53:46:   [沪深300] 开始获取数据...
2026-04-20T09:53:46:   [中证500] 开始获取数据...
2026-04-20T09:53:46:   [中证红利] 开始获取数据...
2026-04-20T09:53:46:   [中证红利低波] 开始获取数据...
2026-04-20T09:53:46:   [中证消费] 开始获取数据...
2026-04-20T09:53:46:   [科创50] 开始获取数据...
2026-04-20T09:53:46:   [沪深300] 蛋卷基金: PE=14.4034, PE百分位=89.36%, 估值=high
2026-04-20T09:53:46:   [沪深300] 完成: price=4748.38, PE=14.4034, PE%=89.36%, temp=60°, src=danjuan-wind
2026-04-20T09:53:46:   [中证500] 蛋卷基金: PE=36.4631, PE百分位=85.52%, 估值=high
2026-04-20T09:53:46:   [中证500] 完成: price=8306.82, PE=36.4631, PE%=85.52%, temp=74°, src=danjuan-wind
2026-04-20T09:53:46:   [中证红利] 蛋卷基金: PE=8.6124, PE百分位=80.68%, 估值=high
2026-04-20T09:53:46:   [中证红利] 完成: price=5707.43, PE=8.6124, PE%=80.68%, temp=29°, src=danjuan-wind
2026-04-20T09:53:46:   [中证红利低波] 蛋卷基金: PE=8.4035, PE百分位=77.92%, 估值=high
2026-04-20T09:53:46:   [中证红利低波] 完成: price=11355.84, PE=8.4035, PE%=77.92%, temp=N/A, src=danjuan-wind
2026-04-20T09:53:46:   [中证消费] 蛋卷基金: PE=19.9003, PE百分位=7.92%, 估值=low
2026-04-20T09:53:46:   [中证消费] 完成: price=14260.15, PE=19.9003, PE%=7.92%, temp=0°, src=danjuan-wind
2026-04-20T09:53:46:   [科创50] 蛋卷基金: PE=159.6906, PE百分位=92.33%, 估值=high
2026-04-20T09:53:46:   [科创50] 完成: price=1439.52, PE=159.6906, PE%=92.33%, temp=N/A, src=danjuan-wind
2026-04-20T09:53:46:   [恒生科技] 开始获取数据...
2026-04-20T09:53:46:   [标普500] 开始获取数据...
2026-04-20T09:53:46:   [纳斯达克100] 开始获取数据...
2026-04-20T09:53:46:   [上证指数] 开始获取数据...
2026-04-20T09:53:46:   [恒生科技] 蛋卷基金: PE=23.1832, PE百分位=33.98%, 估值=high
2026-04-20T09:53:46:   [恒生科技] 完成: price=5078.69, PE=23.1832, PE%=33.98%, temp=11°, src=danjuan-wind
2026-04-20T09:53:46:   [标普500] 完成: price=7126.06, PE=null, PE%=null%, temp=N/A, src=none
2026-04-20T09:53:46:   [纳斯达克100] 完成: price=24468.48, PE=null, PE%=null%, temp=N/A, src=none
2026-04-20T09:53:46:   [上证指数] 完成: price=4071.96, PE=null, PE%=null%, temp=N/A, src=none
2026-04-20T09:53:46: [数据] ===== 全部完成，耗时 0.5s =====
2026-04-20T09:53:46: [缓存] indices 数据获取完成，耗时 0.5s
2026-04-20T09:53:47: [数据] ===== 开始获取所有指数数据 =====
2026-04-20T09:53:47:   [配置] 核心指数: 沪深300, 中证500, 中证红利, 中证红利低波, 中证消费, 科创50, 恒生科技, 标普500, 纳斯达克100
2026-04-20T09:53:47:   [配置] Dashboard额外: 上证指数
2026-04-20T09:53:47:   [行情] 东方财富批量接口获取 9 条
2026-04-20T09:53:47:   [行情] 东方财富缺失 1 个指数(HSTECH), 用腾讯补漏
2026-04-20T09:53:47:   [行情] 腾讯备用源获取 1 条
2026-04-20T09:53:47:   [行情] 腾讯补漏成功: HSTECH
2026-04-20T09:53:47:   [天天基金] 最近连续失败，暂时跳过重试
2026-04-20T09:53:47:   [沪深300] 开始获取数据...
2026-04-20T09:53:47:   [中证500] 开始获取数据...
2026-04-20T09:53:47:   [中证红利] 开始获取数据...
2026-04-20T09:53:47:   [中证红利低波] 开始获取数据...
2026-04-20T09:53:47:   [中证消费] 开始获取数据...
2026-04-20T09:53:47:   [科创50] 开始获取数据...
2026-04-20T09:53:47:   [沪深300] 蛋卷基金: PE=14.4034, PE百分位=89.36%, 估值=high
2026-04-20T09:53:47:   [沪深300] 完成: price=4748.38, PE=14.4034, PE%=89.36%, temp=60°, src=danjuan-wind
2026-04-20T09:53:47:   [中证500] 蛋卷基金: PE=36.4631, PE百分位=85.52%, 估值=high
2026-04-20T09:53:47:   [中证500] 完成: price=8306.82, PE=36.4631, PE%=85.52%, temp=74°, src=danjuan-wind
2026-04-20T09:53:47:   [中证红利] 蛋卷基金: PE=8.6124, PE百分位=80.68%, 估值=high
2026-04-20T09:53:47:   [中证红利] 完成: price=5707.85, PE=8.6124, PE%=80.68%, temp=29°, src=danjuan-wind
2026-04-20T09:53:47:   [中证红利低波] 蛋卷基金: PE=8.4035, PE百分位=77.92%, 估值=high
2026-04-20T09:53:47:   [中证红利低波] 完成: price=11356.77, PE=8.4035, PE%=77.92%, temp=N/A, src=danjuan-wind
2026-04-20T09:53:47:   [中证消费] 蛋卷基金: PE=19.9003, PE百分位=7.92%, 估值=low
2026-04-20T09:53:47:   [中证消费] 完成: price=14260.15, PE=19.9003, PE%=7.92%, temp=0°, src=danjuan-wind
2026-04-20T09:53:47:   [科创50] 蛋卷基金: PE=159.6906, PE百分位=92.33%, 估值=high
2026-04-20T09:53:47:   [科创50] 完成: price=1439.52, PE=159.6906, PE%=92.33%, temp=N/A, src=danjuan-wind
2026-04-20T09:53:47:   [恒生科技] 开始获取数据...
2026-04-20T09:53:47:   [标普500] 开始获取数据...
2026-04-20T09:53:47:   [纳斯达克100] 开始获取数据...
2026-04-20T09:53:47:   [上证指数] 开始获取数据...
2026-04-20T09:53:47:   [恒生科技] 蛋卷基金: PE=23.1832, PE百分位=33.98%, 估值=high
2026-04-20T09:53:47:   [恒生科技] 完成: price=5078.69, PE=23.1832, PE%=33.98%, temp=11°, src=danjuan-wind
2026-04-20T09:53:47:   [标普500] 完成: price=7126.06, PE=null, PE%=null%, temp=N/A, src=none
2026-04-20T09:53:47:   [纳斯达克100] 完成: price=24468.48, PE=null, PE%=null%, temp=N/A, src=none
2026-04-20T09:53:47:   [上证指数] 完成: price=4071.96, PE=null, PE%=null%, temp=N/A, src=none
2026-04-20T09:53:47: [数据] ===== 全部完成，耗时 0.3s =====
2026-04-20T09:53:47: [缓存] indices 数据获取完成，耗时 0.3s
2026-04-20T09:53:50: [数据] ===== 开始获取所有指数数据 =====
2026-04-20T09:53:50:   [配置] 核心指数: 沪深300, 中证500, 中证红利, 中证红利低波, 中证消费, 科创50, 恒生科技, 标普500, 纳斯达克100
2026-04-20T09:53:50:   [配置] Dashboard额外: 上证指数
2026-04-20T09:53:50:   [行情] 东方财富批量接口获取 9 条
2026-04-20T09:53:50:   [行情] 东方财富缺失 1 个指数(HSTECH), 用腾讯补漏
2026-04-20T09:53:50:   [行情] 腾讯备用源获取 1 条
2026-04-20T09:53:50:   [行情] 腾讯补漏成功: HSTECH
2026-04-20T09:53:50:   [天天基金] 最近连续失败，暂时跳过重试
2026-04-20T09:53:51:   [沪深300] 开始获取数据...
2026-04-20T09:53:51:   [中证500] 开始获取数据...
2026-04-20T09:53:51:   [中证红利] 开始获取数据...
2026-04-20T09:53:51:   [中证红利低波] 开始获取数据...
2026-04-20T09:53:51:   [中证消费] 开始获取数据...
2026-04-20T09:53:51:   [科创50] 开始获取数据...
2026-04-20T09:53:51:   [沪深300] 蛋卷基金: PE=14.4034, PE百分位=89.36%, 估值=high
2026-04-20T09:53:51:   [沪深300] 完成: price=4748.44, PE=14.4034, PE%=89.36%, temp=60°, src=danjuan-wind
2026-04-20T09:53:51:   [中证500] 蛋卷基金: PE=36.4631, PE百分位=85.52%, 估值=high
2026-04-20T09:53:51:   [中证500] 完成: price=8305.64, PE=36.4631, PE%=85.52%, temp=74°, src=danjuan-wind
2026-04-20T09:53:51:   [中证红利] 蛋卷基金: PE=8.6124, PE百分位=80.68%, 估值=high
2026-04-20T09:53:51:   [中证红利] 完成: price=5707.85, PE=8.6124, PE%=80.68%, temp=29°, src=danjuan-wind
2026-04-20T09:53:51:   [中证红利低波] 蛋卷基金: PE=8.4035, PE百分位=77.92%, 估值=high
2026-04-20T09:53:51:   [中证红利低波] 完成: price=11356.77, PE=8.4035, PE%=77.92%, temp=N/A, src=danjuan-wind
2026-04-20T09:53:51:   [中证消费] 蛋卷基金: PE=19.9003, PE百分位=7.92%, 估值=low
2026-04-20T09:53:51:   [中证消费] 完成: price=14260.63, PE=19.9003, PE%=7.92%, temp=0°, src=danjuan-wind
2026-04-20T09:53:51:   [科创50] 蛋卷基金: PE=159.6906, PE百分位=92.33%, 估值=high
2026-04-20T09:53:51:   [科创50] 完成: price=1439.65, PE=159.6906, PE%=92.33%, temp=N/A, src=danjuan-wind
2026-04-20T09:53:51:   [恒生科技] 开始获取数据...
2026-04-20T09:53:51:   [标普500] 开始获取数据...
2026-04-20T09:53:51:   [纳斯达克100] 开始获取数据...
2026-04-20T09:53:51:   [上证指数] 开始获取数据...
2026-04-20T09:53:51:   [恒生科技] 蛋卷基金: PE=23.1832, PE百分位=33.98%, 估值=high
2026-04-20T09:53:51:   [恒生科技] 完成: price=5078.23, PE=23.1832, PE%=33.98%, temp=11°, src=danjuan-wind
2026-04-20T09:53:51:   [标普500] 完成: price=7126.06, PE=null, PE%=null%, temp=N/A, src=none
2026-04-20T09:53:51:   [纳斯达克100] 完成: price=24468.48, PE=null, PE%=null%, temp=N/A, src=none
2026-04-20T09:53:51:   [上证指数] 完成: price=4071.94, PE=null, PE%=null%, temp=N/A, src=none
2026-04-20T09:53:51: [数据] ===== 全部完成，耗时 1.4s =====
2026-04-20T09:53:51: [缓存] indices 数据获取完成，耗时 1.4s
2026-04-20T09:53:54: [数据] ===== 开始获取所有指数数据 =====
2026-04-20T09:53:54:   [配置] 核心指数: 沪深300, 中证500, 中证红利, 中证红利低波, 中证消费, 科创50, 恒生科技, 标普500, 纳斯达克100
2026-04-20T09:53:54:   [配置] Dashboard额外: 上证指数
2026-04-20T09:53:54:   [行情] 东方财富批量接口获取 9 条
2026-04-20T09:53:54:   [行情] 东方财富缺失 1 个指数(HSTECH), 用腾讯补漏
2026-04-20T09:53:54:   [行情] 腾讯备用源获取 1 条
2026-04-20T09:53:54:   [行情] 腾讯补漏成功: HSTECH
2026-04-20T09:53:54:   [天天基金] 最近连续失败，暂时跳过重试
2026-04-20T09:53:54:   [沪深300] 开始获取数据...
2026-04-20T09:53:54:   [中证500] 开始获取数据...
2026-04-20T09:53:54:   [中证红利] 开始获取数据...
2026-04-20T09:53:54:   [中证红利低波] 开始获取数据...
2026-04-20T09:53:54:   [中证消费] 开始获取数据...
2026-04-20T09:53:54:   [科创50] 开始获取数据...
2026-04-20T09:53:54:   [沪深300] 蛋卷基金: PE=14.4034, PE百分位=89.36%, 估值=high
2026-04-20T09:53:54:   [沪深300] 完成: price=4748.41, PE=14.4034, PE%=89.36%, temp=60°, src=danjuan-wind
2026-04-20T09:53:54:   [中证500] 蛋卷基金: PE=36.4631, PE百分位=85.52%, 估值=high
2026-04-20T09:53:54:   [中证500] 完成: price=8307.02, PE=36.4631, PE%=85.52%, temp=74°, src=danjuan-wind
2026-04-20T09:53:54:   [中证红利] 蛋卷基金: PE=8.6124, PE百分位=80.68%, 估值=high
2026-04-20T09:53:54:   [中证红利] 完成: price=5707.72, PE=8.6124, PE%=80.68%, temp=29°, src=danjuan-wind
2026-04-20T09:53:54:   [中证红利低波] 蛋卷基金: PE=8.4035, PE百分位=77.92%, 估值=high
2026-04-20T09:53:54:   [中证红利低波] 完成: price=11356.49, PE=8.4035, PE%=77.92%, temp=N/A, src=danjuan-wind
2026-04-20T09:53:54:   [中证消费] 蛋卷基金: PE=19.9003, PE百分位=7.92%, 估值=low
2026-04-20T09:53:54:   [中证消费] 完成: price=14263.43, PE=19.9003, PE%=7.92%, temp=0°, src=danjuan-wind
2026-04-20T09:53:54:   [科创50] 蛋卷基金: PE=159.6906, PE百分位=92.33%, 估值=high
2026-04-20T09:53:54:   [科创50] 完成: price=1440.18, PE=159.6906, PE%=92.33%, temp=N/A, src=danjuan-wind
2026-04-20T09:53:55:   [恒生科技] 开始获取数据...
2026-04-20T09:53:55:   [标普500] 开始获取数据...
2026-04-20T09:53:55:   [纳斯达克100] 开始获取数据...
2026-04-20T09:53:55:   [上证指数] 开始获取数据...
2026-04-20T09:53:55:   [恒生科技] 蛋卷基金: PE=23.1832, PE百分位=33.98%, 估值=high
2026-04-20T09:53:55:   [恒生科技] 完成: price=5077.3, PE=23.1832, PE%=33.98%, temp=11°, src=danjuan-wind
2026-04-20T09:53:55:   [标普500] 完成: price=7126.06, PE=null, PE%=null%, temp=N/A, src=none
2026-04-20T09:53:55:   [纳斯达克100] 完成: price=24468.48, PE=null, PE%=null%, temp=N/A, src=none
2026-04-20T09:53:55:   [上证指数] 完成: price=4071.98, PE=null, PE%=null%, temp=N/A, src=none
2026-04-20T09:53:55: [数据] ===== 全部完成，耗时 0.9s =====
2026-04-20T09:53:55: [缓存] indices 数据获取完成，耗时 0.9s
2026-04-20T09:53:57: [数据] ===== 开始获取所有指数数据 =====
2026-04-20T09:53:57:   [配置] 核心指数: 沪深300, 中证500, 中证红利, 中证红利低波, 中证消费, 科创50, 恒生科技, 标普500, 纳斯达克100
2026-04-20T09:53:57:   [配置] Dashboard额外: 上证指数
2026-04-20T09:53:58:   [行情] 东方财富批量接口获取 9 条
2026-04-20T09:53:58:   [行情] 东方财富缺失 1 个指数(HSTECH), 用腾讯补漏
2026-04-20T09:53:58:   [行情] 腾讯备用源获取 1 条
2026-04-20T09:53:58:   [行情] 腾讯补漏成功: HSTECH
2026-04-20T09:53:58:   [天天基金] 最近连续失败，暂时跳过重试
2026-04-20T09:53:58:   [沪深300] 开始获取数据...
2026-04-20T09:53:58:   [中证500] 开始获取数据...
2026-04-20T09:53:58:   [中证红利] 开始获取数据...
2026-04-20T09:53:58:   [中证红利低波] 开始获取数据...
2026-04-20T09:53:58:   [中证消费] 开始获取数据...
2026-04-20T09:53:58:   [科创50] 开始获取数据...
2026-04-20T09:53:58:   [沪深300] 蛋卷基金: PE=14.4034, PE百分位=89.36%, 估值=high
2026-04-20T09:53:58:   [沪深300] 完成: price=4748.35, PE=14.4034, PE%=89.36%, temp=60°, src=danjuan-wind
2026-04-20T09:53:58:   [中证500] 蛋卷基金: PE=36.4631, PE百分位=85.52%, 估值=high
2026-04-20T09:53:58:   [中证500] 完成: price=8306.83, PE=36.4631, PE%=85.52%, temp=74°, src=danjuan-wind
2026-04-20T09:53:58:   [中证红利] 蛋卷基金: PE=8.6124, PE百分位=80.68%, 估值=high
2026-04-20T09:53:58:   [中证红利] 完成: price=5707.54, PE=8.6124, PE%=80.68%, temp=29°, src=danjuan-wind
2026-04-20T09:53:58:   [中证红利低波] 蛋卷基金: PE=8.4035, PE百分位=77.92%, 估值=high
2026-04-20T09:53:58:   [中证红利低波] 完成: price=11355.84, PE=8.4035, PE%=77.92%, temp=N/A, src=danjuan-wind
2026-04-20T09:53:58:   [中证消费] 蛋卷基金: PE=19.9003, PE百分位=7.92%, 估值=low
2026-04-20T09:53:58:   [中证消费] 完成: price=14263.06, PE=19.9003, PE%=7.92%, temp=0°, src=danjuan-wind
2026-04-20T09:53:58:   [科创50] 蛋卷基金: PE=159.6906, PE百分位=92.33%, 估值=high
2026-04-20T09:53:58:   [科创50] 完成: price=1439.97, PE=159.6906, PE%=92.33%, temp=N/A, src=danjuan-wind
2026-04-20T09:53:58:   [恒生科技] 开始获取数据...
2026-04-20T09:53:58:   [标普500] 开始获取数据...
2026-04-20T09:53:58:   [纳斯达克100] 开始获取数据...
2026-04-20T09:53:58:   [上证指数] 开始获取数据...
2026-04-20T09:53:58:   [恒生科技] 蛋卷基金: PE=23.1832, PE百分位=33.98%, 估值=high
2026-04-20T09:53:58:   [恒生科技] 完成: price=5077.3, PE=23.1832, PE%=33.98%, temp=11°, src=danjuan-wind
2026-04-20T09:53:58:   [标普500] 完成: price=7126.06, PE=null, PE%=null%, temp=N/A, src=none
2026-04-20T09:53:58:   [纳斯达克100] 完成: price=24468.48, PE=null, PE%=null%, temp=N/A, src=none
2026-04-20T09:53:58:   [上证指数] 完成: price=4071.87, PE=null, PE%=null%, temp=N/A, src=none
2026-04-20T09:53:58: [数据] ===== 全部完成，耗时 0.5s =====
2026-04-20T09:53:58: [缓存] indices 数据获取完成，耗时 0.5s
2026-04-20T09:54:00: [数据] ===== 开始获取所有指数数据 =====
2026-04-20T09:54:00:   [配置] 核心指数: 沪深300, 中证500, 中证红利, 中证红利低波, 中证消费, 科创50, 恒生科技, 标普500, 纳斯达克100
2026-04-20T09:54:00:   [配置] Dashboard额外: 上证指数
2026-04-20T09:54:00:   [行情] 东方财富批量接口获取 9 条
2026-04-20T09:54:00:   [行情] 东方财富缺失 1 个指数(HSTECH), 用腾讯补漏
2026-04-20T09:54:00:   [行情] 腾讯备用源获取 1 条
2026-04-20T09:54:00:   [行情] 腾讯补漏成功: HSTECH
2026-04-20T09:54:00:   [天天基金] 最近连续失败，暂时跳过重试
2026-04-20T09:54:01:   [沪深300] 开始获取数据...
2026-04-20T09:54:01:   [中证500] 开始获取数据...
2026-04-20T09:54:01:   [中证红利] 开始获取数据...
2026-04-20T09:54:01:   [中证红利低波] 开始获取数据...
2026-04-20T09:54:01:   [中证消费] 开始获取数据...
2026-04-20T09:54:01:   [科创50] 开始获取数据...
2026-04-20T09:54:01:   [沪深300] 蛋卷基金: PE=14.4034, PE百分位=89.36%, 估值=high
2026-04-20T09:54:01:   [沪深300] 完成: price=4748.35, PE=14.4034, PE%=89.36%, temp=60°, src=danjuan-wind
2026-04-20T09:54:01:   [中证500] 蛋卷基金: PE=36.4631, PE百分位=85.52%, 估值=high
2026-04-20T09:54:01:   [中证500] 完成: price=8306.83, PE=36.4631, PE%=85.52%, temp=74°, src=danjuan-wind
2026-04-20T09:54:01:   [中证红利] 蛋卷基金: PE=8.6124, PE百分位=80.68%, 估值=high
2026-04-20T09:54:01:   [中证红利] 完成: price=5707.54, PE=8.6124, PE%=80.68%, temp=29°, src=danjuan-wind
2026-04-20T09:54:01:   [中证红利低波] 蛋卷基金: PE=8.4035, PE百分位=77.92%, 估值=high
2026-04-20T09:54:01:   [中证红利低波] 完成: price=11355.84, PE=8.4035, PE%=77.92%, temp=N/A, src=danjuan-wind
2026-04-20T09:54:01:   [中证消费] 蛋卷基金: PE=19.9003, PE百分位=7.92%, 估值=low
2026-04-20T09:54:01:   [中证消费] 完成: price=14263.06, PE=19.9003, PE%=7.92%, temp=0°, src=danjuan-wind
2026-04-20T09:54:01:   [科创50] 蛋卷基金: PE=159.6906, PE百分位=92.33%, 估值=high
2026-04-20T09:54:01:   [科创50] 完成: price=1439.97, PE=159.6906, PE%=92.33%, temp=N/A, src=danjuan-wind
2026-04-20T09:54:01:   [恒生科技] 开始获取数据...
2026-04-20T09:54:01:   [标普500] 开始获取数据...
2026-04-20T09:54:01:   [纳斯达克100] 开始获取数据...
2026-04-20T09:54:01:   [上证指数] 开始获取数据...
2026-04-20T09:54:01:   [恒生科技] 蛋卷基金: PE=23.1832, PE百分位=33.98%, 估值=high
2026-04-20T09:54:01:   [恒生科技] 完成: price=5079.33, PE=23.1832, PE%=33.98%, temp=11°, src=danjuan-wind
2026-04-20T09:54:01:   [标普500] 完成: price=7126.06, PE=null, PE%=null%, temp=N/A, src=none
2026-04-20T09:54:01:   [纳斯达克100] 完成: price=24468.48, PE=null, PE%=null%, temp=N/A, src=none
2026-04-20T09:54:01:   [上证指数] 完成: price=4071.87, PE=null, PE%=null%, temp=N/A, src=none
2026-04-20T09:54:01: [数据] ===== 全部完成，耗时 1.1s =====
2026-04-20T09:54:01: [缓存] indices 数据获取完成，耗时 1.1s
2026-04-20T09:54:03: [数据] ===== 开始获取所有指数数据 =====
2026-04-20T09:54:03:   [配置] 核心指数: 沪深300, 中证500, 中证红利, 中证红利低波, 中证消费, 科创50, 恒生科技, 标普500, 纳斯达克100
2026-04-20T09:54:03:   [配置] Dashboard额外: 上证指数
2026-04-20T09:54:03:   [行情] 东方财富批量接口获取 9 条
2026-04-20T09:54:03:   [行情] 东方财富缺失 1 个指数(HSTECH), 用腾讯补漏
2026-04-20T09:54:03:   [行情] 腾讯备用源获取 1 条
2026-04-20T09:54:03:   [行情] 腾讯补漏成功: HSTECH
2026-04-20T09:54:03:   [天天基金] 最近连续失败，暂时跳过重试
2026-04-20T09:54:04:   [沪深300] 开始获取数据...
2026-04-20T09:54:04:   [中证500] 开始获取数据...
2026-04-20T09:54:04:   [中证红利] 开始获取数据...
2026-04-20T09:54:04:   [中证红利低波] 开始获取数据...
2026-04-20T09:54:04:   [中证消费] 开始获取数据...
2026-04-20T09:54:04:   [科创50] 开始获取数据...
2026-04-20T09:54:04:   [沪深300] 蛋卷基金: PE=14.4034, PE百分位=89.36%, 估值=high
2026-04-20T09:54:04:   [沪深300] 完成: price=4747.76, PE=14.4034, PE%=89.36%, temp=60°, src=danjuan-wind
2026-04-20T09:54:04:   [中证500] 蛋卷基金: PE=36.4631, PE百分位=85.52%, 估值=high
2026-04-20T09:54:04:   [中证500] 完成: price=8306.75, PE=36.4631, PE%=85.52%, temp=74°, src=danjuan-wind
2026-04-20T09:54:04:   [中证红利] 蛋卷基金: PE=8.6124, PE百分位=80.68%, 估值=high
2026-04-20T09:54:04:   [中证红利] 完成: price=5707.99, PE=8.6124, PE%=80.68%, temp=29°, src=danjuan-wind
2026-04-20T09:54:04:   [中证红利低波] 蛋卷基金: PE=8.4035, PE百分位=77.92%, 估值=high
2026-04-20T09:54:04:   [中证红利低波] 完成: price=11357.01, PE=8.4035, PE%=77.92%, temp=N/A, src=danjuan-wind
2026-04-20T09:54:04:   [中证消费] 蛋卷基金: PE=19.9003, PE百分位=7.92%, 估值=low
2026-04-20T09:54:04:   [中证消费] 完成: price=14261.59, PE=19.9003, PE%=7.92%, temp=0°, src=danjuan-wind
2026-04-20T09:54:04:   [科创50] 蛋卷基金: PE=159.6906, PE百分位=92.33%, 估值=high
2026-04-20T09:54:04:   [科创50] 完成: price=1439.54, PE=159.6906, PE%=92.33%, temp=N/A, src=danjuan-wind
2026-04-20T09:54:04:   [恒生科技] 开始获取数据...
2026-04-20T09:54:04:   [标普500] 开始获取数据...
2026-04-20T09:54:04:   [纳斯达克100] 开始获取数据...
2026-04-20T09:54:04:   [上证指数] 开始获取数据...
2026-04-20T09:54:04:   [恒生科技] 蛋卷基金: PE=23.1832, PE百分位=33.98%, 估值=high
2026-04-20T09:54:04:   [恒生科技] 完成: price=5079.69, PE=23.1832, PE%=33.98%, temp=11°, src=danjuan-wind
2026-04-20T09:54:04:   [标普500] 完成: price=7126.06, PE=null, PE%=null%, temp=N/A, src=none
2026-04-20T09:54:04:   [纳斯达克100] 完成: price=24468.48, PE=null, PE%=null%, temp=N/A, src=none
2026-04-20T09:54:04:   [上证指数] 完成: price=4072.06, PE=null, PE%=null%, temp=N/A, src=none
2026-04-20T09:54:04: [数据] ===== 全部完成，耗时 0.3s =====
2026-04-20T09:54:04: [缓存] indices 数据获取完成，耗时 0.3s
2026-04-20T09:54:04:   [行情] 东方财富批量接口获取 8 条
2026-04-20T09:54:04:   [行情] 东方财富缺失 1 个指数(HSTECH), 用腾讯补漏
2026-04-20T09:54:04:   [行情] 腾讯备用源获取 1 条
2026-04-20T09:54:04:   [行情] 腾讯补漏成功: HSTECH
2026-04-20T09:54:04: [缓存] index-quotes 数据获取完成，耗时 0.0s
2026-04-20T09:54:05: [数据] ===== 开始获取所有指数数据 =====
2026-04-20T09:54:05:   [配置] 核心指数: 沪深300, 中证500, 中证红利, 中证红利低波, 中证消费, 科创50, 恒生科技, 标普500, 纳斯达克100
2026-04-20T09:54:05:   [配置] Dashboard额外: 上证指数
2026-04-20T09:54:05:   [行情] 东方财富批量接口获取 9 条
2026-04-20T09:54:05:   [行情] 东方财富缺失 1 个指数(HSTECH), 用腾讯补漏
2026-04-20T09:54:05:   [行情] 腾讯备用源获取 1 条
2026-04-20T09:54:05:   [行情] 腾讯补漏成功: HSTECH
2026-04-20T09:54:05:   [天天基金] 最近连续失败，暂时跳过重试
2026-04-20T09:54:05:   [沪深300] 开始获取数据...
2026-04-20T09:54:05:   [中证500] 开始获取数据...
2026-04-20T09:54:05:   [中证红利] 开始获取数据...
2026-04-20T09:54:05:   [中证红利低波] 开始获取数据...
2026-04-20T09:54:05:   [中证消费] 开始获取数据...
2026-04-20T09:54:05:   [科创50] 开始获取数据...
2026-04-20T09:54:05:   [沪深300] 蛋卷基金: PE=14.4034, PE百分位=89.36%, 估值=high
2026-04-20T09:54:05:   [沪深300] 完成: price=4747.76, PE=14.4034, PE%=89.36%, temp=60°, src=danjuan-wind
2026-04-20T09:54:05:   [中证500] 蛋卷基金: PE=36.4631, PE百分位=85.52%, 估值=high
2026-04-20T09:54:05:   [中证500] 完成: price=8306.75, PE=36.4631, PE%=85.52%, temp=74°, src=danjuan-wind
2026-04-20T09:54:05:   [中证红利] 蛋卷基金: PE=8.6124, PE百分位=80.68%, 估值=high
2026-04-20T09:54:05:   [中证红利] 完成: price=5707.99, PE=8.6124, PE%=80.68%, temp=29°, src=danjuan-wind
2026-04-20T09:54:05:   [中证红利低波] 蛋卷基金: PE=8.4035, PE百分位=77.92%, 估值=high
2026-04-20T09:54:05:   [中证红利低波] 完成: price=11357.01, PE=8.4035, PE%=77.92%, temp=N/A, src=danjuan-wind
2026-04-20T09:54:05:   [中证消费] 蛋卷基金: PE=19.9003, PE百分位=7.92%, 估值=low
2026-04-20T09:54:05:   [中证消费] 完成: price=14261.59, PE=19.9003, PE%=7.92%, temp=0°, src=danjuan-wind
2026-04-20T09:54:05:   [科创50] 蛋卷基金: PE=159.6906, PE百分位=92.33%, 估值=high
2026-04-20T09:54:05:   [科创50] 完成: price=1439.54, PE=159.6906, PE%=92.33%, temp=N/A, src=danjuan-wind
2026-04-20T09:54:06:   [恒生科技] 开始获取数据...
2026-04-20T09:54:06:   [标普500] 开始获取数据...
2026-04-20T09:54:06:   [纳斯达克100] 开始获取数据...
2026-04-20T09:54:06:   [上证指数] 开始获取数据...
2026-04-20T09:54:06:   [恒生科技] 蛋卷基金: PE=23.1832, PE百分位=33.98%, 估值=high
2026-04-20T09:54:06:   [恒生科技] 完成: price=5079.33, PE=23.1832, PE%=33.98%, temp=11°, src=danjuan-wind
2026-04-20T09:54:06:   [标普500] 完成: price=7126.06, PE=null, PE%=null%, temp=N/A, src=none
2026-04-20T09:54:06:   [纳斯达克100] 完成: price=24468.48, PE=null, PE%=null%, temp=N/A, src=none
2026-04-20T09:54:06:   [上证指数] 完成: price=4072.06, PE=null, PE%=null%, temp=N/A, src=none
2026-04-20T09:54:06: [数据] ===== 全部完成，耗时 0.4s =====
2026-04-20T09:54:06: [缓存] indices 数据获取完成，耗时 0.4s
2026-04-20T09:54:07: [数据] ===== 开始获取所有指数数据 =====
2026-04-20T09:54:07:   [配置] 核心指数: 沪深300, 中证500, 中证红利, 中证红利低波, 中证消费, 科创50, 恒生科技, 标普500, 纳斯达克100
2026-04-20T09:54:07:   [配置] Dashboard额外: 上证指数
2026-04-20T09:54:07:   [行情] 东方财富批量接口获取 9 条
2026-04-20T09:54:07:   [行情] 东方财富缺失 1 个指数(HSTECH), 用腾讯补漏
2026-04-20T09:54:07:   [行情] 腾讯备用源获取 1 条
2026-04-20T09:54:07:   [行情] 腾讯补漏成功: HSTECH
2026-04-20T09:54:07:   [天天基金] 最近连续失败，暂时跳过重试
2026-04-20T09:54:08:   [沪深300] 开始获取数据...
2026-04-20T09:54:08:   [中证500] 开始获取数据...
2026-04-20T09:54:08:   [中证红利] 开始获取数据...
2026-04-20T09:54:08:   [中证红利低波] 开始获取数据...
2026-04-20T09:54:08:   [中证消费] 开始获取数据...
2026-04-20T09:54:08:   [科创50] 开始获取数据...
2026-04-20T09:54:08:   [沪深300] 蛋卷基金: PE=14.4034, PE百分位=89.36%, 估值=high
2026-04-20T09:54:08:   [沪深300] 完成: price=4747.87, PE=14.4034, PE%=89.36%, temp=60°, src=danjuan-wind
2026-04-20T09:54:08:   [中证500] 蛋卷基金: PE=36.4631, PE百分位=85.52%, 估值=high
2026-04-20T09:54:08:   [中证500] 完成: price=8308.3, PE=36.4631, PE%=85.52%, temp=74°, src=danjuan-wind
2026-04-20T09:54:08:   [中证红利] 蛋卷基金: PE=8.6124, PE百分位=80.68%, 估值=high
2026-04-20T09:54:08:   [中证红利] 完成: price=5708.03, PE=8.6124, PE%=80.68%, temp=29°, src=danjuan-wind
2026-04-20T09:54:08:   [中证红利低波] 蛋卷基金: PE=8.4035, PE百分位=77.92%, 估值=high
2026-04-20T09:54:08:   [中证红利低波] 完成: price=11356.56, PE=8.4035, PE%=77.92%, temp=N/A, src=danjuan-wind
2026-04-20T09:54:08:   [中证消费] 蛋卷基金: PE=19.9003, PE百分位=7.92%, 估值=low
2026-04-20T09:54:08:   [中证消费] 完成: price=14263.09, PE=19.9003, PE%=7.92%, temp=0°, src=danjuan-wind
2026-04-20T09:54:08:   [科创50] 蛋卷基金: PE=159.6906, PE百分位=92.33%, 估值=high
2026-04-20T09:54:08:   [科创50] 完成: price=1439.65, PE=159.6906, PE%=92.33%, temp=N/A, src=danjuan-wind
2026-04-20T09:54:08:   [恒生科技] 开始获取数据...
2026-04-20T09:54:08:   [标普500] 开始获取数据...
2026-04-20T09:54:08:   [纳斯达克100] 开始获取数据...
2026-04-20T09:54:08:   [上证指数] 开始获取数据...
2026-04-20T09:54:08:   [恒生科技] 蛋卷基金: PE=23.1832, PE百分位=33.98%, 估值=high
2026-04-20T09:54:08:   [恒生科技] 完成: price=5075.63, PE=23.1832, PE%=33.98%, temp=11°, src=danjuan-wind
2026-04-20T09:54:08:   [标普500] 完成: price=7126.06, PE=null, PE%=null%, temp=N/A, src=none
2026-04-20T09:54:08:   [纳斯达克100] 完成: price=24468.48, PE=null, PE%=null%, temp=N/A, src=none
2026-04-20T09:54:08:   [上证指数] 完成: price=4072.45, PE=null, PE%=null%, temp=N/A, src=none
2026-04-20T09:54:08: [数据] ===== 全部完成，耗时 0.3s =====
2026-04-20T09:54:08: [缓存] indices 数据获取完成，耗时 0.3s
2026-04-20T09:54:09: [数据] ===== 开始获取所有指数数据 =====
2026-04-20T09:54:09:   [配置] 核心指数: 沪深300, 中证500, 中证红利, 中证红利低波, 中证消费, 科创50, 恒生科技, 标普500, 纳斯达克100
2026-04-20T09:54:09:   [配置] Dashboard额外: 上证指数
2026-04-20T09:54:09:   [行情] 东方财富批量接口获取 9 条
2026-04-20T09:54:09:   [行情] 东方财富缺失 1 个指数(HSTECH), 用腾讯补漏
2026-04-20T09:54:09:   [行情] 腾讯备用源获取 1 条
2026-04-20T09:54:09:   [行情] 腾讯补漏成功: HSTECH
2026-04-20T09:54:09:   [天天基金] 最近连续失败，暂时跳过重试
2026-04-20T09:54:09:   [沪深300] 开始获取数据...
2026-04-20T09:54:09:   [中证500] 开始获取数据...
2026-04-20T09:54:09:   [中证红利] 开始获取数据...
2026-04-20T09:54:09:   [中证红利低波] 开始获取数据...
2026-04-20T09:54:09:   [中证消费] 开始获取数据...
2026-04-20T09:54:09:   [科创50] 开始获取数据...
2026-04-20T09:54:09:   [沪深300] 蛋卷基金: PE=14.4034, PE百分位=89.36%, 估值=high
2026-04-20T09:54:09:   [沪深300] 完成: price=4747.77, PE=14.4034, PE%=89.36%, temp=60°, src=danjuan-wind
2026-04-20T09:54:09:   [中证500] 蛋卷基金: PE=36.4631, PE百分位=85.52%, 估值=high
2026-04-20T09:54:09:   [中证500] 完成: price=8307.49, PE=36.4631, PE%=85.52%, temp=74°, src=danjuan-wind
2026-04-20T09:54:09:   [中证红利] 蛋卷基金: PE=8.6124, PE百分位=80.68%, 估值=high
2026-04-20T09:54:09:   [中证红利] 完成: price=5708.03, PE=8.6124, PE%=80.68%, temp=29°, src=danjuan-wind
2026-04-20T09:54:09:   [中证红利低波] 蛋卷基金: PE=8.4035, PE百分位=77.92%, 估值=high
2026-04-20T09:54:09:   [中证红利低波] 完成: price=11356.56, PE=8.4035, PE%=77.92%, temp=N/A, src=danjuan-wind
2026-04-20T09:54:09:   [中证消费] 蛋卷基金: PE=19.9003, PE百分位=7.92%, 估值=low
2026-04-20T09:54:09:   [中证消费] 完成: price=14263.05, PE=19.9003, PE%=7.92%, temp=0°, src=danjuan-wind
2026-04-20T09:54:09:   [科创50] 蛋卷基金: PE=159.6906, PE百分位=92.33%, 估值=high
2026-04-20T09:54:09:   [科创50] 完成: price=1439.4, PE=159.6906, PE%=92.33%, temp=N/A, src=danjuan-wind
2026-04-20T09:54:09:   [恒生科技] 开始获取数据...
2026-04-20T09:54:09:   [标普500] 开始获取数据...
2026-04-20T09:54:09:   [纳斯达克100] 开始获取数据...
2026-04-20T09:54:09:   [上证指数] 开始获取数据...
2026-04-20T09:54:09:   [恒生科技] 蛋卷基金: PE=23.1832, PE百分位=33.98%, 估值=high
2026-04-20T09:54:09:   [恒生科技] 完成: price=5075.63, PE=23.1832, PE%=33.98%, temp=11°, src=danjuan-wind
2026-04-20T09:54:09:   [标普500] 完成: price=7126.06, PE=null, PE%=null%, temp=N/A, src=none
2026-04-20T09:54:09:   [纳斯达克100] 完成: price=24468.48, PE=null, PE%=null%, temp=N/A, src=none
2026-04-20T09:54:09:   [上证指数] 完成: price=4072.18, PE=null, PE%=null%, temp=N/A, src=none
2026-04-20T09:54:09: [数据] ===== 全部完成，耗时 0.3s =====
2026-04-20T09:54:09: [缓存] indices 数据获取完成，耗时 0.3s
2026-04-20T09:54:12: [数据] ===== 开始获取所有指数数据 =====
2026-04-20T09:54:12:   [配置] 核心指数: 沪深300, 中证500, 中证红利, 中证红利低波, 中证消费, 科创50, 恒生科技, 标普500, 纳斯达克100
2026-04-20T09:54:12:   [配置] Dashboard额外: 上证指数
2026-04-20T09:54:12:   [行情] 东方财富批量接口获取 9 条
2026-04-20T09:54:12:   [行情] 东方财富缺失 1 个指数(HSTECH), 用腾讯补漏
2026-04-20T09:54:12:   [行情] 腾讯备用源获取 1 条
2026-04-20T09:54:12:   [行情] 腾讯补漏成功: HSTECH
2026-04-20T09:54:12:   [天天基金] 最近连续失败，暂时跳过重试
2026-04-20T09:54:12:   [沪深300] 开始获取数据...
2026-04-20T09:54:12:   [中证500] 开始获取数据...
2026-04-20T09:54:12:   [中证红利] 开始获取数据...
2026-04-20T09:54:12:   [中证红利低波] 开始获取数据...
2026-04-20T09:54:12:   [中证消费] 开始获取数据...
2026-04-20T09:54:12:   [科创50] 开始获取数据...
2026-04-20T09:54:12:   [沪深300] 蛋卷基金: PE=14.4034, PE百分位=89.36%, 估值=high
2026-04-20T09:54:12:   [沪深300] 完成: price=4747.95, PE=14.4034, PE%=89.36%, temp=60°, src=danjuan-wind
2026-04-20T09:54:12:   [中证500] 蛋卷基金: PE=36.4631, PE百分位=85.52%, 估值=high
2026-04-20T09:54:12:   [中证500] 完成: price=8307.75, PE=36.4631, PE%=85.52%, temp=74°, src=danjuan-wind
2026-04-20T09:54:12:   [中证红利] 蛋卷基金: PE=8.6124, PE百分位=80.68%, 估值=high
2026-04-20T09:54:12:   [中证红利] 完成: price=5707.74, PE=8.6124, PE%=80.68%, temp=29°, src=danjuan-wind
2026-04-20T09:54:12:   [中证红利低波] 蛋卷基金: PE=8.4035, PE百分位=77.92%, 估值=high
2026-04-20T09:54:12:   [中证红利低波] 完成: price=11356.71, PE=8.4035, PE%=77.92%, temp=N/A, src=danjuan-wind
2026-04-20T09:54:12:   [中证消费] 蛋卷基金: PE=19.9003, PE百分位=7.92%, 估值=low
2026-04-20T09:54:12:   [中证消费] 完成: price=14264.23, PE=19.9003, PE%=7.92%, temp=0°, src=danjuan-wind
2026-04-20T09:54:12:   [科创50] 蛋卷基金: PE=159.6906, PE百分位=92.33%, 估值=high
2026-04-20T09:54:12:   [科创50] 完成: price=1439.25, PE=159.6906, PE%=92.33%, temp=N/A, src=danjuan-wind
2026-04-20T09:54:12:   [恒生科技] 开始获取数据...
2026-04-20T09:54:12:   [标普500] 开始获取数据...
2026-04-20T09:54:12:   [纳斯达克100] 开始获取数据...
2026-04-20T09:54:12:   [上证指数] 开始获取数据...
2026-04-20T09:54:12:   [恒生科技] 蛋卷基金: PE=23.1832, PE百分位=33.98%, 估值=high
2026-04-20T09:54:12:   [恒生科技] 完成: price=5074.27, PE=23.1832, PE%=33.98%, temp=11°, src=danjuan-wind
2026-04-20T09:54:12:   [标普500] 完成: price=7126.06, PE=null, PE%=null%, temp=N/A, src=none
2026-04-20T09:54:12:   [纳斯达克100] 完成: price=24468.48, PE=null, PE%=null%, temp=N/A, src=none
2026-04-20T09:54:12:   [上证指数] 完成: price=4072.33, PE=null, PE%=null%, temp=N/A, src=none
2026-04-20T09:54:12: [数据] ===== 全部完成，耗时 0.3s =====
2026-04-20T09:54:12: [缓存] indices 数据获取完成，耗时 0.3s
2026-04-20T09:54:14: [数据] ===== 开始获取所有指数数据 =====
2026-04-20T09:54:14:   [配置] 核心指数: 沪深300, 中证500, 中证红利, 中证红利低波, 中证消费, 科创50, 恒生科技, 标普500, 纳斯达克100
2026-04-20T09:54:14:   [配置] Dashboard额外: 上证指数
2026-04-20T09:54:15:   [行情] 东方财富批量接口获取 9 条
2026-04-20T09:54:15:   [行情] 东方财富缺失 1 个指数(HSTECH), 用腾讯补漏
2026-04-20T09:54:15:   [行情] 腾讯备用源获取 1 条
2026-04-20T09:54:15:   [行情] 腾讯补漏成功: HSTECH
2026-04-20T09:54:15:   [天天基金] 最近连续失败，暂时跳过重试
2026-04-20T09:54:15:   [沪深300] 开始获取数据...
2026-04-20T09:54:15:   [中证500] 开始获取数据...
2026-04-20T09:54:15:   [中证红利] 开始获取数据...
2026-04-20T09:54:15:   [中证红利低波] 开始获取数据...
2026-04-20T09:54:15:   [中证消费] 开始获取数据...
2026-04-20T09:54:15:   [科创50] 开始获取数据...
2026-04-20T09:54:15:   [沪深300] 蛋卷基金: PE=14.4034, PE百分位=89.36%, 估值=high
2026-04-20T09:54:15:   [沪深300] 完成: price=4747.95, PE=14.4034, PE%=89.36%, temp=60°, src=danjuan-wind
2026-04-20T09:54:15:   [中证500] 蛋卷基金: PE=36.4631, PE百分位=85.52%, 估值=high
2026-04-20T09:54:15:   [中证500] 完成: price=8307.75, PE=36.4631, PE%=85.52%, temp=74°, src=danjuan-wind
2026-04-20T09:54:15:   [中证红利] 蛋卷基金: PE=8.6124, PE百分位=80.68%, 估值=high
2026-04-20T09:54:15:   [中证红利] 完成: price=5707.74, PE=8.6124, PE%=80.68%, temp=29°, src=danjuan-wind
2026-04-20T09:54:15:   [中证红利低波] 蛋卷基金: PE=8.4035, PE百分位=77.92%, 估值=high
2026-04-20T09:54:15:   [中证红利低波] 完成: price=11356.71, PE=8.4035, PE%=77.92%, temp=N/A, src=danjuan-wind
2026-04-20T09:54:15:   [中证消费] 蛋卷基金: PE=19.9003, PE百分位=7.92%, 估值=low
2026-04-20T09:54:15:   [中证消费] 完成: price=14264.23, PE=19.9003, PE%=7.92%, temp=0°, src=danjuan-wind
2026-04-20T09:54:15:   [科创50] 蛋卷基金: PE=159.6906, PE百分位=92.33%, 估值=high
2026-04-20T09:54:15:   [科创50] 完成: price=1439.25, PE=159.6906, PE%=92.33%, temp=N/A, src=danjuan-wind
2026-04-20T09:54:15:   [恒生科技] 开始获取数据...
2026-04-20T09:54:15:   [标普500] 开始获取数据...
2026-04-20T09:54:15:   [纳斯达克100] 开始获取数据...
2026-04-20T09:54:15:   [上证指数] 开始获取数据...
2026-04-20T09:54:15:   [恒生科技] 蛋卷基金: PE=23.1832, PE百分位=33.98%, 估值=high
2026-04-20T09:54:15:   [恒生科技] 完成: price=5072.56, PE=23.1832, PE%=33.98%, temp=11°, src=danjuan-wind
2026-04-20T09:54:15:   [标普500] 完成: price=7126.06, PE=null, PE%=null%, temp=N/A, src=none
2026-04-20T09:54:15:   [纳斯达克100] 完成: price=24468.48, PE=null, PE%=null%, temp=N/A, src=none
2026-04-20T09:54:15:   [上证指数] 完成: price=4072.33, PE=null, PE%=null%, temp=N/A, src=none
2026-04-20T09:54:15: [数据] ===== 全部完成，耗时 0.3s =====
2026-04-20T09:54:15: [缓存] indices 数据获取完成，耗时 0.3s
2026-04-20T09:54:16: [数据] ===== 开始获取所有指数数据 =====
2026-04-20T09:54:16:   [配置] 核心指数: 沪深300, 中证500, 中证红利, 中证红利低波, 中证消费, 科创50, 恒生科技, 标普500, 纳斯达克100
2026-04-20T09:54:16:   [配置] Dashboard额外: 上证指数
2026-04-20T09:54:16:   [行情] 东方财富批量接口获取 9 条
2026-04-20T09:54:16:   [行情] 东方财富缺失 1 个指数(HSTECH), 用腾讯补漏
2026-04-20T09:54:16:   [行情] 腾讯备用源获取 1 条
2026-04-20T09:54:16:   [行情] 腾讯补漏成功: HSTECH
2026-04-20T09:54:16:   [天天基金] 最近连续失败，暂时跳过重试
2026-04-20T09:54:17:   [沪深300] 开始获取数据...
2026-04-20T09:54:17:   [中证500] 开始获取数据...
2026-04-20T09:54:17:   [中证红利] 开始获取数据...
2026-04-20T09:54:17:   [中证红利低波] 开始获取数据...
2026-04-20T09:54:17:   [中证消费] 开始获取数据...
2026-04-20T09:54:17:   [科创50] 开始获取数据...
2026-04-20T09:54:17:   [沪深300] 蛋卷基金: PE=14.4034, PE百分位=89.36%, 估值=high
2026-04-20T09:54:17:   [沪深300] 完成: price=4747.98, PE=14.4034, PE%=89.36%, temp=60°, src=danjuan-wind
2026-04-20T09:54:17:   [中证500] 蛋卷基金: PE=36.4631, PE百分位=85.52%, 估值=high
2026-04-20T09:54:17:   [中证500] 完成: price=8306.32, PE=36.4631, PE%=85.52%, temp=74°, src=danjuan-wind
2026-04-20T09:54:17:   [中证红利] 蛋卷基金: PE=8.6124, PE百分位=80.68%, 估值=high
2026-04-20T09:54:17:   [中证红利] 完成: price=5707.84, PE=8.6124, PE%=80.68%, temp=29°, src=danjuan-wind
2026-04-20T09:54:17:   [中证红利低波] 蛋卷基金: PE=8.4035, PE百分位=77.92%, 估值=high
2026-04-20T09:54:17:   [中证红利低波] 完成: price=11357.41, PE=8.4035, PE%=77.92%, temp=N/A, src=danjuan-wind
2026-04-20T09:54:17:   [中证消费] 蛋卷基金: PE=19.9003, PE百分位=7.92%, 估值=low
2026-04-20T09:54:17:   [中证消费] 完成: price=14263.28, PE=19.9003, PE%=7.92%, temp=0°, src=danjuan-wind
2026-04-20T09:54:17:   [科创50] 蛋卷基金: PE=159.6906, PE百分位=92.33%, 估值=high
2026-04-20T09:54:17:   [科创50] 完成: price=1439.36, PE=159.6906, PE%=92.33%, temp=N/A, src=danjuan-wind
2026-04-20T09:54:17:   [恒生科技] 开始获取数据...
2026-04-20T09:54:17:   [标普500] 开始获取数据...
2026-04-20T09:54:17:   [纳斯达克100] 开始获取数据...
2026-04-20T09:54:17:   [上证指数] 开始获取数据...
2026-04-20T09:54:17:   [恒生科技] 蛋卷基金: PE=23.1832, PE百分位=33.98%, 估值=high
2026-04-20T09:54:17:   [恒生科技] 完成: price=5071.03, PE=23.1832, PE%=33.98%, temp=11°, src=danjuan-wind
2026-04-20T09:54:17:   [标普500] 完成: price=7126.06, PE=null, PE%=null%, temp=N/A, src=none
2026-04-20T09:54:17:   [纳斯达克100] 完成: price=24468.48, PE=null, PE%=null%, temp=N/A, src=none
2026-04-20T09:54:17:   [上证指数] 完成: price=4072.04, PE=null, PE%=null%, temp=N/A, src=none
2026-04-20T09:54:17: [数据] ===== 全部完成，耗时 0.3s =====
2026-04-20T09:54:17: [缓存] indices 数据获取完成，耗时 0.3s
2026-04-20T09:54:18: [数据] ===== 开始获取所有指数数据 =====
2026-04-20T09:54:18:   [配置] 核心指数: 沪深300, 中证500, 中证红利, 中证红利低波, 中证消费, 科创50, 恒生科技, 标普500, 纳斯达克100
2026-04-20T09:54:18:   [配置] Dashboard额外: 上证指数
2026-04-20T09:54:18:   [行情] 东方财富批量接口获取 9 条
2026-04-20T09:54:18:   [行情] 东方财富缺失 1 个指数(HSTECH), 用腾讯补漏
2026-04-20T09:54:18:   [行情] 腾讯备用源获取 1 条
2026-04-20T09:54:18:   [行情] 腾讯补漏成功: HSTECH
2026-04-20T09:54:18:   [天天基金] 最近连续失败，暂时跳过重试
2026-04-20T09:54:18:   [沪深300] 开始获取数据...
2026-04-20T09:54:18:   [中证500] 开始获取数据...
2026-04-20T09:54:18:   [中证红利] 开始获取数据...
2026-04-20T09:54:18:   [中证红利低波] 开始获取数据...
2026-04-20T09:54:18:   [中证消费] 开始获取数据...
2026-04-20T09:54:18:   [科创50] 开始获取数据...
2026-04-20T09:54:18:   [沪深300] 蛋卷基金: PE=14.4034, PE百分位=89.36%, 估值=high
2026-04-20T09:54:18:   [沪深300] 完成: price=4748.04, PE=14.4034, PE%=89.36%, temp=60°, src=danjuan-wind
2026-04-20T09:54:18:   [中证500] 蛋卷基金: PE=36.4631, PE百分位=85.52%, 估值=high
2026-04-20T09:54:18:   [中证500] 完成: price=8305.65, PE=36.4631, PE%=85.52%, temp=74°, src=danjuan-wind
2026-04-20T09:54:18:   [中证红利] 蛋卷基金: PE=8.6124, PE百分位=80.68%, 估值=high
2026-04-20T09:54:18:   [中证红利] 完成: price=5707.84, PE=8.6124, PE%=80.68%, temp=29°, src=danjuan-wind
2026-04-20T09:54:18:   [中证红利低波] 蛋卷基金: PE=8.4035, PE百分位=77.92%, 估值=high
2026-04-20T09:54:18:   [中证红利低波] 完成: price=11357.41, PE=8.4035, PE%=77.92%, temp=N/A, src=danjuan-wind
2026-04-20T09:54:18:   [中证消费] 蛋卷基金: PE=19.9003, PE百分位=7.92%, 估值=low
2026-04-20T09:54:18:   [中证消费] 完成: price=14264.24, PE=19.9003, PE%=7.92%, temp=0°, src=danjuan-wind
2026-04-20T09:54:18:   [科创50] 蛋卷基金: PE=159.6906, PE百分位=92.33%, 估值=high
2026-04-20T09:54:18:   [科创50] 完成: price=1439.49, PE=159.6906, PE%=92.33%, temp=N/A, src=danjuan-wind
2026-04-20T09:54:18:   [恒生科技] 开始获取数据...
2026-04-20T09:54:18:   [标普500] 开始获取数据...
2026-04-20T09:54:18:   [纳斯达克100] 开始获取数据...
2026-04-20T09:54:18:   [上证指数] 开始获取数据...
2026-04-20T09:54:18:   [恒生科技] 蛋卷基金: PE=23.1832, PE百分位=33.98%, 估值=high
2026-04-20T09:54:18:   [恒生科技] 完成: price=5068.98, PE=23.1832, PE%=33.98%, temp=11°, src=danjuan-wind
2026-04-20T09:54:18:   [标普500] 完成: price=7126.06, PE=null, PE%=null%, temp=N/A, src=none
2026-04-20T09:54:18:   [纳斯达克100] 完成: price=24468.48, PE=null, PE%=null%, temp=N/A, src=none
2026-04-20T09:54:18:   [上证指数] 完成: price=4072.26, PE=null, PE%=null%, temp=N/A, src=none
2026-04-20T09:54:18: [数据] ===== 全部完成，耗时 0.5s =====
2026-04-20T09:54:18: [缓存] indices 数据获取完成，耗时 0.5s
2026-04-20T09:54:21: [数据] ===== 开始获取所有指数数据 =====
2026-04-20T09:54:21:   [配置] 核心指数: 沪深300, 中证500, 中证红利, 中证红利低波, 中证消费, 科创50, 恒生科技, 标普500, 纳斯达克100
2026-04-20T09:54:21:   [配置] Dashboard额外: 上证指数
2026-04-20T09:54:21:   [行情] 东方财富批量接口获取 9 条
2026-04-20T09:54:21:   [行情] 东方财富缺失 1 个指数(HSTECH), 用腾讯补漏
2026-04-20T09:54:21:   [行情] 腾讯备用源获取 1 条
2026-04-20T09:54:21:   [行情] 腾讯补漏成功: HSTECH
2026-04-20T09:54:21:   [天天基金] 最近连续失败，暂时跳过重试
2026-04-20T09:54:21:   [沪深300] 开始获取数据...
2026-04-20T09:54:21:   [中证500] 开始获取数据...
2026-04-20T09:54:21:   [中证红利] 开始获取数据...
2026-04-20T09:54:21:   [中证红利低波] 开始获取数据...
2026-04-20T09:54:21:   [中证消费] 开始获取数据...
2026-04-20T09:54:21:   [科创50] 开始获取数据...
2026-04-20T09:54:21:   [沪深300] 蛋卷基金: PE=14.4034, PE百分位=89.36%, 估值=high
2026-04-20T09:54:21:   [沪深300] 完成: price=4748.04, PE=14.4034, PE%=89.36%, temp=60°, src=danjuan-wind
2026-04-20T09:54:21:   [中证500] 蛋卷基金: PE=36.4631, PE百分位=85.52%, 估值=high
2026-04-20T09:54:21:   [中证500] 完成: price=8305.65, PE=36.4631, PE%=85.52%, temp=74°, src=danjuan-wind
2026-04-20T09:54:21:   [中证红利] 蛋卷基金: PE=8.6124, PE百分位=80.68%, 估值=high
2026-04-20T09:54:21:   [中证红利] 完成: price=5707.84, PE=8.6124, PE%=80.68%, temp=29°, src=danjuan-wind
2026-04-20T09:54:21:   [中证红利低波] 蛋卷基金: PE=8.4035, PE百分位=77.92%, 估值=high
2026-04-20T09:54:21:   [中证红利低波] 完成: price=11357.41, PE=8.4035, PE%=77.92%, temp=N/A, src=danjuan-wind
2026-04-20T09:54:21:   [中证消费] 蛋卷基金: PE=19.9003, PE百分位=7.92%, 估值=low
2026-04-20T09:54:21:   [中证消费] 完成: price=14264.24, PE=19.9003, PE%=7.92%, temp=0°, src=danjuan-wind
2026-04-20T09:54:21:   [科创50] 蛋卷基金: PE=159.6906, PE百分位=92.33%, 估值=high
2026-04-20T09:54:21:   [科创50] 完成: price=1439.49, PE=159.6906, PE%=92.33%, temp=N/A, src=danjuan-wind
2026-04-20T09:54:21:   [恒生科技] 开始获取数据...
2026-04-20T09:54:21:   [标普500] 开始获取数据...
2026-04-20T09:54:21:   [纳斯达克100] 开始获取数据...
2026-04-20T09:54:21:   [上证指数] 开始获取数据...
2026-04-20T09:54:21:   [恒生科技] 蛋卷基金: PE=23.1832, PE百分位=33.98%, 估值=high
2026-04-20T09:54:21:   [恒生科技] 完成: price=5069.73, PE=23.1832, PE%=33.98%, temp=11°, src=danjuan-wind
2026-04-20T09:54:21:   [标普500] 完成: price=7126.06, PE=null, PE%=null%, temp=N/A, src=none
2026-04-20T09:54:21:   [纳斯达克100] 完成: price=24468.48, PE=null, PE%=null%, temp=N/A, src=none
2026-04-20T09:54:21:   [上证指数] 完成: price=4072.26, PE=null, PE%=null%, temp=N/A, src=none
2026-04-20T09:54:21: [数据] ===== 全部完成，耗时 0.4s =====
2026-04-20T09:54:21: [缓存] indices 数据获取完成，耗时 0.4s
2026-04-20T09:54:23: [数据] ===== 开始获取所有指数数据 =====
2026-04-20T09:54:23:   [配置] 核心指数: 沪深300, 中证500, 中证红利, 中证红利低波, 中证消费, 科创50, 恒生科技, 标普500, 纳斯达克100
2026-04-20T09:54:23:   [配置] Dashboard额外: 上证指数
2026-04-20T09:54:23:   [行情] 东方财富批量接口获取 9 条
2026-04-20T09:54:23:   [行情] 东方财富缺失 1 个指数(HSTECH), 用腾讯补漏
2026-04-20T09:54:23:   [行情] 腾讯备用源获取 1 条
2026-04-20T09:54:23:   [行情] 腾讯补漏成功: HSTECH
2026-04-20T09:54:23:   [天天基金] 最近连续失败，暂时跳过重试
2026-04-20T09:54:24:   [沪深300] 开始获取数据...
2026-04-20T09:54:24:   [中证500] 开始获取数据...
2026-04-20T09:54:24:   [中证红利] 开始获取数据...
2026-04-20T09:54:24:   [中证红利低波] 开始获取数据...
2026-04-20T09:54:24:   [中证消费] 开始获取数据...
2026-04-20T09:54:24:   [科创50] 开始获取数据...
2026-04-20T09:54:24:   [沪深300] 蛋卷基金: PE=14.4034, PE百分位=89.36%, 估值=high
2026-04-20T09:54:24:   [沪深300] 完成: price=4747.95, PE=14.4034, PE%=89.36%, temp=60°, src=danjuan-wind
2026-04-20T09:54:24:   [中证500] 蛋卷基金: PE=36.4631, PE百分位=85.52%, 估值=high
2026-04-20T09:54:24:   [中证500] 完成: price=8305.51, PE=36.4631, PE%=85.52%, temp=74°, src=danjuan-wind
2026-04-20T09:54:24:   [中证红利] 蛋卷基金: PE=8.6124, PE百分位=80.68%, 估值=high
2026-04-20T09:54:24:   [中证红利] 完成: price=5707.76, PE=8.6124, PE%=80.68%, temp=29°, src=danjuan-wind
2026-04-20T09:54:24:   [中证红利低波] 蛋卷基金: PE=8.4035, PE百分位=77.92%, 估值=high
2026-04-20T09:54:24:   [中证红利低波] 完成: price=11356.94, PE=8.4035, PE%=77.92%, temp=N/A, src=danjuan-wind
2026-04-20T09:54:24:   [中证消费] 蛋卷基金: PE=19.9003, PE百分位=7.92%, 估值=low
2026-04-20T09:54:24:   [中证消费] 完成: price=14262.55, PE=19.9003, PE%=7.92%, temp=0°, src=danjuan-wind
2026-04-20T09:54:24:   [科创50] 蛋卷基金: PE=159.6906, PE百分位=92.33%, 估值=high
2026-04-20T09:54:24:   [科创50] 完成: price=1439.59, PE=159.6906, PE%=92.33%, temp=N/A, src=danjuan-wind
2026-04-20T09:54:24:   [恒生科技] 开始获取数据...
2026-04-20T09:54:24:   [标普500] 开始获取数据...
2026-04-20T09:54:24:   [纳斯达克100] 开始获取数据...
2026-04-20T09:54:24:   [上证指数] 开始获取数据...
2026-04-20T09:54:24:   [恒生科技] 蛋卷基金: PE=23.1832, PE百分位=33.98%, 估值=high
2026-04-20T09:54:24:   [恒生科技] 完成: price=5069.9, PE=23.1832, PE%=33.98%, temp=11°, src=danjuan-wind
2026-04-20T09:54:24:   [标普500] 完成: price=7126.06, PE=null, PE%=null%, temp=N/A, src=none
2026-04-20T09:54:24:   [纳斯达克100] 完成: price=24468.48, PE=null, PE%=null%, temp=N/A, src=none
2026-04-20T09:54:24:   [上证指数] 完成: price=4072.29, PE=null, PE%=null%, temp=N/A, src=none
2026-04-20T09:54:24: [数据] ===== 全部完成，耗时 0.4s =====
2026-04-20T09:54:24: [缓存] indices 数据获取完成，耗时 0.4s
2026-04-20T09:54:26: [数据] ===== 开始获取所有指数数据 =====
2026-04-20T09:54:26:   [配置] 核心指数: 沪深300, 中证500, 中证红利, 中证红利低波, 中证消费, 科创50, 恒生科技, 标普500, 纳斯达克100
2026-04-20T09:54:26:   [配置] Dashboard额外: 上证指数
2026-04-20T09:54:26:   [行情] 东方财富批量接口获取 9 条
2026-04-20T09:54:26:   [行情] 东方财富缺失 1 个指数(HSTECH), 用腾讯补漏
2026-04-20T09:54:26:   [行情] 腾讯备用源获取 1 条
2026-04-20T09:54:26:   [行情] 腾讯补漏成功: HSTECH
2026-04-20T09:54:26:   [天天基金] 最近连续失败，暂时跳过重试
2026-04-20T09:54:26:   [沪深300] 开始获取数据...
2026-04-20T09:54:26:   [中证500] 开始获取数据...
2026-04-20T09:54:26:   [中证红利] 开始获取数据...
2026-04-20T09:54:26:   [中证红利低波] 开始获取数据...
2026-04-20T09:54:26:   [中证消费] 开始获取数据...
2026-04-20T09:54:26:   [科创50] 开始获取数据...
2026-04-20T09:54:26:   [沪深300] 蛋卷基金: PE=14.4034, PE百分位=89.36%, 估值=high
2026-04-20T09:54:26:   [沪深300] 完成: price=4748.63, PE=14.4034, PE%=89.36%, temp=60°, src=danjuan-wind
2026-04-20T09:54:26:   [中证500] 蛋卷基金: PE=36.4631, PE百分位=85.52%, 估值=high
2026-04-20T09:54:26:   [中证500] 完成: price=8304.96, PE=36.4631, PE%=85.52%, temp=74°, src=danjuan-wind
2026-04-20T09:54:26:   [中证红利] 蛋卷基金: PE=8.6124, PE百分位=80.68%, 估值=high
2026-04-20T09:54:26:   [中证红利] 完成: price=5706.97, PE=8.6124, PE%=80.68%, temp=29°, src=danjuan-wind
2026-04-20T09:54:26:   [中证红利低波] 蛋卷基金: PE=8.4035, PE百分位=77.92%, 估值=high
2026-04-20T09:54:26:   [中证红利低波] 完成: price=11356.37, PE=8.4035, PE%=77.92%, temp=N/A, src=danjuan-wind
2026-04-20T09:54:26:   [中证消费] 蛋卷基金: PE=19.9003, PE百分位=7.92%, 估值=low
2026-04-20T09:54:26:   [中证消费] 完成: price=14262.47, PE=19.9003, PE%=7.92%, temp=0°, src=danjuan-wind
2026-04-20T09:54:26:   [科创50] 蛋卷基金: PE=159.6906, PE百分位=92.33%, 估值=high
2026-04-20T09:54:26:   [科创50] 完成: price=1439.57, PE=159.6906, PE%=92.33%, temp=N/A, src=danjuan-wind
2026-04-20T09:54:27:   [恒生科技] 开始获取数据...
2026-04-20T09:54:27:   [标普500] 开始获取数据...
2026-04-20T09:54:27:   [纳斯达克100] 开始获取数据...
2026-04-20T09:54:27:   [上证指数] 开始获取数据...
2026-04-20T09:54:27:   [恒生科技] 蛋卷基金: PE=23.1832, PE百分位=33.98%, 估值=high
2026-04-20T09:54:27:   [恒生科技] 完成: price=5070.96, PE=23.1832, PE%=33.98%, temp=11°, src=danjuan-wind
2026-04-20T09:54:27:   [标普500] 完成: price=7126.06, PE=null, PE%=null%, temp=N/A, src=none
2026-04-20T09:54:27:   [纳斯达克100] 完成: price=24468.48, PE=null, PE%=null%, temp=N/A, src=none
2026-04-20T09:54:27:   [上证指数] 完成: price=4072.38, PE=null, PE%=null%, temp=N/A, src=none
2026-04-20T09:54:27: [数据] ===== 全部完成，耗时 0.4s =====
2026-04-20T09:54:27: [缓存] indices 数据获取完成，耗时 0.4s
2026-04-20T09:54:29: [数据] ===== 开始获取所有指数数据 =====
2026-04-20T09:54:29:   [配置] 核心指数: 沪深300, 中证500, 中证红利, 中证红利低波, 中证消费, 科创50, 恒生科技, 标普500, 纳斯达克100
2026-04-20T09:54:29:   [配置] Dashboard额外: 上证指数
2026-04-20T09:54:29:   [行情] 东方财富批量接口获取 9 条
2026-04-20T09:54:29:   [行情] 东方财富缺失 1 个指数(HSTECH), 用腾讯补漏
2026-04-20T09:54:29:   [行情] 腾讯备用源获取 1 条
2026-04-20T09:54:29:   [行情] 腾讯补漏成功: HSTECH
2026-04-20T09:54:29:   [天天基金] 最近连续失败，暂时跳过重试
2026-04-20T09:54:29:   [沪深300] 开始获取数据...
2026-04-20T09:54:29:   [中证500] 开始获取数据...
2026-04-20T09:54:29:   [中证红利] 开始获取数据...
2026-04-20T09:54:29:   [中证红利低波] 开始获取数据...
2026-04-20T09:54:29:   [中证消费] 开始获取数据...
2026-04-20T09:54:29:   [科创50] 开始获取数据...
2026-04-20T09:54:29:   [沪深300] 蛋卷基金: PE=14.4034, PE百分位=89.36%, 估值=high
2026-04-20T09:54:29:   [沪深300] 完成: price=4748.66, PE=14.4034, PE%=89.36%, temp=60°, src=danjuan-wind
2026-04-20T09:54:29:   [中证500] 蛋卷基金: PE=36.4631, PE百分位=85.52%, 估值=high
2026-04-20T09:54:29:   [中证500] 完成: price=8304.68, PE=36.4631, PE%=85.52%, temp=74°, src=danjuan-wind
2026-04-20T09:54:29:   [中证红利] 蛋卷基金: PE=8.6124, PE百分位=80.68%, 估值=high
2026-04-20T09:54:29:   [中证红利] 完成: price=5706.97, PE=8.6124, PE%=80.68%, temp=29°, src=danjuan-wind
2026-04-20T09:54:29:   [中证红利低波] 蛋卷基金: PE=8.4035, PE百分位=77.92%, 估值=high
2026-04-20T09:54:29:   [中证红利低波] 完成: price=11356.37, PE=8.4035, PE%=77.92%, temp=N/A, src=danjuan-wind
2026-04-20T09:54:29:   [中证消费] 蛋卷基金: PE=19.9003, PE百分位=7.92%, 估值=low
2026-04-20T09:54:29:   [中证消费] 完成: price=14262.4, PE=19.9003, PE%=7.92%, temp=0°, src=danjuan-wind
2026-04-20T09:54:29:   [科创50] 蛋卷基金: PE=159.6906, PE百分位=92.33%, 估值=high
2026-04-20T09:54:29:   [科创50] 完成: price=1439.77, PE=159.6906, PE%=92.33%, temp=N/A, src=danjuan-wind
2026-04-20T09:54:29:   [恒生科技] 开始获取数据...
2026-04-20T09:54:29:   [标普500] 开始获取数据...
2026-04-20T09:54:29:   [纳斯达克100] 开始获取数据...
2026-04-20T09:54:29:   [上证指数] 开始获取数据...
2026-04-20T09:54:29:   [恒生科技] 蛋卷基金: PE=23.1832, PE百分位=33.98%, 估值=high
2026-04-20T09:54:29:   [恒生科技] 完成: price=5068.79, PE=23.1832, PE%=33.98%, temp=11°, src=danjuan-wind
2026-04-20T09:54:29:   [标普500] 完成: price=7126.06, PE=null, PE%=null%, temp=N/A, src=none
2026-04-20T09:54:29:   [纳斯达克100] 完成: price=24468.48, PE=null, PE%=null%, temp=N/A, src=none
2026-04-20T09:54:29:   [上证指数] 完成: price=4072.1, PE=null, PE%=null%, temp=N/A, src=none
2026-04-20T09:54:29: [数据] ===== 全部完成，耗时 0.3s =====
2026-04-20T09:54:29: [缓存] indices 数据获取完成，耗时 0.3s
2026-04-20T09:54:32: [数据] ===== 开始获取所有指数数据 =====
2026-04-20T09:54:32:   [配置] 核心指数: 沪深300, 中证500, 中证红利, 中证红利低波, 中证消费, 科创50, 恒生科技, 标普500, 纳斯达克100
2026-04-20T09:54:32:   [配置] Dashboard额外: 上证指数
2026-04-20T09:54:32:   [行情] 东方财富批量接口获取 9 条
2026-04-20T09:54:32:   [行情] 东方财富缺失 1 个指数(HSTECH), 用腾讯补漏
2026-04-20T09:54:32:   [行情] 腾讯备用源获取 1 条
2026-04-20T09:54:32:   [行情] 腾讯补漏成功: HSTECH
2026-04-20T09:54:32:   [天天基金] 最近连续失败，暂时跳过重试
2026-04-20T09:54:32:   [沪深300] 开始获取数据...
2026-04-20T09:54:32:   [中证500] 开始获取数据...
2026-04-20T09:54:32:   [中证红利] 开始获取数据...
2026-04-20T09:54:32:   [中证红利低波] 开始获取数据...
2026-04-20T09:54:32:   [中证消费] 开始获取数据...
2026-04-20T09:54:32:   [科创50] 开始获取数据...
2026-04-20T09:54:32:   [沪深300] 蛋卷基金: PE=14.4034, PE百分位=89.36%, 估值=high
2026-04-20T09:54:32:   [沪深300] 完成: price=4749.12, PE=14.4034, PE%=89.36%, temp=60°, src=danjuan-wind
2026-04-20T09:54:32:   [中证500] 蛋卷基金: PE=36.4631, PE百分位=85.52%, 估值=high
2026-04-20T09:54:32:   [中证500] 完成: price=8305.9, PE=36.4631, PE%=85.52%, temp=74°, src=danjuan-wind
2026-04-20T09:54:32:   [中证红利] 蛋卷基金: PE=8.6124, PE百分位=80.68%, 估值=high
2026-04-20T09:54:32:   [中证红利] 完成: price=5704.77, PE=8.6124, PE%=80.68%, temp=29°, src=danjuan-wind
2026-04-20T09:54:32:   [中证红利低波] 蛋卷基金: PE=8.4035, PE百分位=77.92%, 估值=high
2026-04-20T09:54:32:   [中证红利低波] 完成: price=11354.75, PE=8.4035, PE%=77.92%, temp=N/A, src=danjuan-wind
2026-04-20T09:54:32:   [中证消费] 蛋卷基金: PE=19.9003, PE百分位=7.92%, 估值=low
2026-04-20T09:54:32:   [中证消费] 完成: price=14264.24, PE=19.9003, PE%=7.92%, temp=0°, src=danjuan-wind
2026-04-20T09:54:32:   [科创50] 蛋卷基金: PE=159.6906, PE百分位=92.33%, 估值=high
2026-04-20T09:54:32:   [科创50] 完成: price=1439.82, PE=159.6906, PE%=92.33%, temp=N/A, src=danjuan-wind
2026-04-20T09:54:32:   [恒生科技] 开始获取数据...
2026-04-20T09:54:32:   [标普500] 开始获取数据...
2026-04-20T09:54:32:   [纳斯达克100] 开始获取数据...
2026-04-20T09:54:32:   [上证指数] 开始获取数据...
2026-04-20T09:54:32:   [恒生科技] 蛋卷基金: PE=23.1832, PE百分位=33.98%, 估值=high
2026-04-20T09:54:32:   [恒生科技] 完成: price=5070.27, PE=23.1832, PE%=33.98%, temp=11°, src=danjuan-wind
2026-04-20T09:54:32:   [标普500] 完成: price=7126.06, PE=null, PE%=null%, temp=N/A, src=none
2026-04-20T09:54:32:   [纳斯达克100] 完成: price=24468.48, PE=null, PE%=null%, temp=N/A, src=none
2026-04-20T09:54:32:   [上证指数] 完成: price=4072.34, PE=null, PE%=null%, temp=N/A, src=none
2026-04-20T09:54:32: [数据] ===== 全部完成，耗时 0.4s =====
2026-04-20T09:54:32: [缓存] indices 数据获取完成，耗时 0.4s
2026-04-20T09:54:34: [数据] ===== 开始获取所有指数数据 =====
2026-04-20T09:54:34:   [配置] 核心指数: 沪深300, 中证500, 中证红利, 中证红利低波, 中证消费, 科创50, 恒生科技, 标普500, 纳斯达克100
2026-04-20T09:54:34:   [配置] Dashboard额外: 上证指数
2026-04-20T09:54:34:   [行情] 东方财富批量接口获取 9 条
2026-04-20T09:54:34:   [行情] 东方财富缺失 1 个指数(HSTECH), 用腾讯补漏
2026-04-20T09:54:35:   [行情] 腾讯备用源获取 1 条
2026-04-20T09:54:35:   [行情] 腾讯补漏成功: HSTECH
2026-04-20T09:54:35:   [天天基金] 最近连续失败，暂时跳过重试
2026-04-20T09:54:35:   [沪深300] 开始获取数据...
2026-04-20T09:54:35:   [中证500] 开始获取数据...
2026-04-20T09:54:35:   [中证红利] 开始获取数据...
2026-04-20T09:54:35:   [中证红利低波] 开始获取数据...
2026-04-20T09:54:35:   [中证消费] 开始获取数据...
2026-04-20T09:54:35:   [科创50] 开始获取数据...
2026-04-20T09:54:35:   [沪深300] 蛋卷基金: PE=14.4034, PE百分位=89.36%, 估值=high
2026-04-20T09:54:35:   [沪深300] 完成: price=4749.76, PE=14.4034, PE%=89.36%, temp=60°, src=danjuan-wind
2026-04-20T09:54:35:   [中证500] 蛋卷基金: PE=36.4631, PE百分位=85.52%, 估值=high
2026-04-20T09:54:35:   [中证500] 完成: price=8305.9, PE=36.4631, PE%=85.52%, temp=74°, src=danjuan-wind
2026-04-20T09:54:35:   [中证红利] 蛋卷基金: PE=8.6124, PE百分位=80.68%, 估值=high
2026-04-20T09:54:35:   [中证红利] 完成: price=5704.77, PE=8.6124, PE%=80.68%, temp=29°, src=danjuan-wind
2026-04-20T09:54:35:   [中证红利低波] 蛋卷基金: PE=8.4035, PE百分位=77.92%, 估值=high
2026-04-20T09:54:35:   [中证红利低波] 完成: price=11354.75, PE=8.4035, PE%=77.92%, temp=N/A, src=danjuan-wind
2026-04-20T09:54:35:   [中证消费] 蛋卷基金: PE=19.9003, PE百分位=7.92%, 估值=low
2026-04-20T09:54:35:   [中证消费] 完成: price=14264.9, PE=19.9003, PE%=7.92%, temp=0°, src=danjuan-wind
2026-04-20T09:54:35:   [科创50] 蛋卷基金: PE=159.6906, PE百分位=92.33%, 估值=high
2026-04-20T09:54:35:   [科创50] 完成: price=1439.94, PE=159.6906, PE%=92.33%, temp=N/A, src=danjuan-wind
2026-04-20T09:54:35:   [恒生科技] 开始获取数据...
2026-04-20T09:54:35:   [标普500] 开始获取数据...
2026-04-20T09:54:35:   [纳斯达克100] 开始获取数据...
2026-04-20T09:54:35:   [上证指数] 开始获取数据...
2026-04-20T09:54:35:   [恒生科技] 蛋卷基金: PE=23.1832, PE百分位=33.98%, 估值=high
2026-04-20T09:54:35:   [恒生科技] 完成: price=5064.96, PE=23.1832, PE%=33.98%, temp=11°, src=danjuan-wind
2026-04-20T09:54:35:   [标普500] 完成: price=7126.06, PE=null, PE%=null%, temp=N/A, src=none
2026-04-20T09:54:35:   [纳斯达克100] 完成: price=24468.48, PE=null, PE%=null%, temp=N/A, src=none
2026-04-20T09:54:35:   [上证指数] 完成: price=4072.87, PE=null, PE%=null%, temp=N/A, src=none
2026-04-20T09:54:35: [数据] ===== 全部完成，耗时 0.9s =====
2026-04-20T09:54:35: [缓存] indices 数据获取完成，耗时 0.9s
2026-04-20T09:54:35:   [行情] 东方财富批量接口获取 8 条
2026-04-20T09:54:35:   [行情] 东方财富缺失 1 个指数(HSTECH), 用腾讯补漏
2026-04-20T09:54:35:   [行情] 腾讯备用源获取 1 条
2026-04-20T09:54:35:   [行情] 腾讯补漏成功: HSTECH
2026-04-20T09:54:35: [缓存] index-quotes 数据获取完成，耗时 0.0s
2026-04-20T09:54:38: [数据] ===== 开始获取所有指数数据 =====
2026-04-20T09:54:38:   [配置] 核心指数: 沪深300, 中证500, 中证红利, 中证红利低波, 中证消费, 科创50, 恒生科技, 标普500, 纳斯达克100
2026-04-20T09:54:38:   [配置] Dashboard额外: 上证指数
2026-04-20T09:54:38:   [行情] 东方财富批量接口获取 9 条
2026-04-20T09:54:38:   [行情] 东方财富缺失 1 个指数(HSTECH), 用腾讯补漏
2026-04-20T09:54:38:   [行情] 腾讯备用源获取 1 条
2026-04-20T09:54:38:   [行情] 腾讯补漏成功: HSTECH
2026-04-20T09:54:38:   [天天基金] 最近连续失败，暂时跳过重试
2026-04-20T09:54:38:   [沪深300] 开始获取数据...
2026-04-20T09:54:38:   [中证500] 开始获取数据...
2026-04-20T09:54:38:   [中证红利] 开始获取数据...
2026-04-20T09:54:38:   [中证红利低波] 开始获取数据...
2026-04-20T09:54:38:   [中证消费] 开始获取数据...
2026-04-20T09:54:38:   [科创50] 开始获取数据...
2026-04-20T09:54:38:   [沪深300] 蛋卷基金: PE=14.4034, PE百分位=89.36%, 估值=high
2026-04-20T09:54:38:   [沪深300] 完成: price=4750.29, PE=14.4034, PE%=89.36%, temp=60°, src=danjuan-wind
2026-04-20T09:54:38:   [中证500] 蛋卷基金: PE=36.4631, PE百分位=85.52%, 估值=high
2026-04-20T09:54:38:   [中证500] 完成: price=8306.5, PE=36.4631, PE%=85.52%, temp=74°, src=danjuan-wind
2026-04-20T09:54:38:   [中证红利] 蛋卷基金: PE=8.6124, PE百分位=80.68%, 估值=high
2026-04-20T09:54:38:   [中证红利] 完成: price=5705.16, PE=8.6124, PE%=80.68%, temp=29°, src=danjuan-wind
2026-04-20T09:54:38:   [中证红利低波] 蛋卷基金: PE=8.4035, PE百分位=77.92%, 估值=high
2026-04-20T09:54:38:   [中证红利低波] 完成: price=11355.83, PE=8.4035, PE%=77.92%, temp=N/A, src=danjuan-wind
2026-04-20T09:54:38:   [中证消费] 蛋卷基金: PE=19.9003, PE百分位=7.92%, 估值=low
2026-04-20T09:54:38:   [中证消费] 完成: price=14264.64, PE=19.9003, PE%=7.92%, temp=0°, src=danjuan-wind
2026-04-20T09:54:38:   [科创50] 蛋卷基金: PE=159.6906, PE百分位=92.33%, 估值=high
2026-04-20T09:54:38:   [科创50] 完成: price=1439.95, PE=159.6906, PE%=92.33%, temp=N/A, src=danjuan-wind
2026-04-20T09:54:38:   [恒生科技] 开始获取数据...
2026-04-20T09:54:38:   [标普500] 开始获取数据...
2026-04-20T09:54:38:   [纳斯达克100] 开始获取数据...
2026-04-20T09:54:38:   [上证指数] 开始获取数据...
2026-04-20T09:54:38:   [恒生科技] 蛋卷基金: PE=23.1832, PE百分位=33.98%, 估值=high
2026-04-20T09:54:38:   [恒生科技] 完成: price=5064.96, PE=23.1832, PE%=33.98%, temp=11°, src=danjuan-wind
2026-04-20T09:54:38:   [标普500] 完成: price=7126.06, PE=null, PE%=null%, temp=N/A, src=none
2026-04-20T09:54:38:   [纳斯达克100] 完成: price=24468.48, PE=null, PE%=null%, temp=N/A, src=none
2026-04-20T09:54:38:   [上证指数] 完成: price=4072.92, PE=null, PE%=null%, temp=N/A, src=none
2026-04-20T09:54:38: [数据] ===== 全部完成，耗时 0.6s =====
2026-04-20T09:54:38: [缓存] indices 数据获取完成，耗时 0.6s
2026-04-20T09:54:40: [数据] ===== 开始获取所有指数数据 =====
2026-04-20T09:54:40:   [配置] 核心指数: 沪深300, 中证500, 中证红利, 中证红利低波, 中证消费, 科创50, 恒生科技, 标普500, 纳斯达克100
2026-04-20T09:54:40:   [配置] Dashboard额外: 上证指数
2026-04-20T09:54:40:   [行情] 东方财富批量接口获取 9 条
2026-04-20T09:54:40:   [行情] 东方财富缺失 1 个指数(HSTECH), 用腾讯补漏
2026-04-20T09:54:40:   [行情] 腾讯备用源获取 1 条
2026-04-20T09:54:40:   [行情] 腾讯补漏成功: HSTECH
2026-04-20T09:54:40:   [天天基金] 最近连续失败，暂时跳过重试
2026-04-20T09:54:41:   [沪深300] 开始获取数据...
2026-04-20T09:54:41:   [中证500] 开始获取数据...
2026-04-20T09:54:41:   [中证红利] 开始获取数据...
2026-04-20T09:54:41:   [中证红利低波] 开始获取数据...
2026-04-20T09:54:41:   [中证消费] 开始获取数据...
2026-04-20T09:54:41:   [科创50] 开始获取数据...
2026-04-20T09:54:41:   [沪深300] 蛋卷基金: PE=14.4034, PE百分位=89.36%, 估值=high
2026-04-20T09:54:41:   [沪深300] 完成: price=4750.42, PE=14.4034, PE%=89.36%, temp=60°, src=danjuan-wind
2026-04-20T09:54:41:   [中证500] 蛋卷基金: PE=36.4631, PE百分位=85.52%, 估值=high
2026-04-20T09:54:41:   [中证500] 完成: price=8306.71, PE=36.4631, PE%=85.52%, temp=74°, src=danjuan-wind
2026-04-20T09:54:41:   [中证红利] 蛋卷基金: PE=8.6124, PE百分位=80.68%, 估值=high
2026-04-20T09:54:41:   [中证红利] 完成: price=5705.16, PE=8.6124, PE%=80.68%, temp=29°, src=danjuan-wind
2026-04-20T09:54:41:   [中证红利低波] 蛋卷基金: PE=8.4035, PE百分位=77.92%, 估值=high
2026-04-20T09:54:41:   [中证红利低波] 完成: price=11355.83, PE=8.4035, PE%=77.92%, temp=N/A, src=danjuan-wind
2026-04-20T09:54:41:   [中证消费] 蛋卷基金: PE=19.9003, PE百分位=7.92%, 估值=low
2026-04-20T09:54:41:   [中证消费] 完成: price=14264.37, PE=19.9003, PE%=7.92%, temp=0°, src=danjuan-wind
2026-04-20T09:54:41:   [科创50] 蛋卷基金: PE=159.6906, PE百分位=92.33%, 估值=high
2026-04-20T09:54:41:   [科创50] 完成: price=1439.8, PE=159.6906, PE%=92.33%, temp=N/A, src=danjuan-wind
2026-04-20T09:54:41:   [恒生科技] 开始获取数据...
2026-04-20T09:54:41:   [标普500] 开始获取数据...
2026-04-20T09:54:41:   [纳斯达克100] 开始获取数据...
2026-04-20T09:54:41:   [上证指数] 开始获取数据...
2026-04-20T09:54:41:   [恒生科技] 蛋卷基金: PE=23.1832, PE百分位=33.98%, 估值=high
2026-04-20T09:54:41:   [恒生科技] 完成: price=5064.23, PE=23.1832, PE%=33.98%, temp=11°, src=danjuan-wind
2026-04-20T09:54:41:   [标普500] 完成: price=7126.06, PE=null, PE%=null%, temp=N/A, src=none
2026-04-20T09:54:41:   [纳斯达克100] 完成: price=24468.48, PE=null, PE%=null%, temp=N/A, src=none
2026-04-20T09:54:41:   [上证指数] 完成: price=4072.73, PE=null, PE%=null%, temp=N/A, src=none
2026-04-20T09:54:41: [数据] ===== 全部完成，耗时 0.9s =====
2026-04-20T09:54:41: [缓存] indices 数据获取完成，耗时 0.9s
2026-04-20T09:54:44: [数据] ===== 开始获取所有指数数据 =====
2026-04-20T09:54:44:   [配置] 核心指数: 沪深300, 中证500, 中证红利, 中证红利低波, 中证消费, 科创50, 恒生科技, 标普500, 纳斯达克100
2026-04-20T09:54:44:   [配置] Dashboard额外: 上证指数
2026-04-20T09:54:44:   [行情] 东方财富批量接口获取 9 条
2026-04-20T09:54:44:   [行情] 东方财富缺失 1 个指数(HSTECH), 用腾讯补漏
2026-04-20T09:54:44:   [行情] 腾讯备用源获取 1 条
2026-04-20T09:54:44:   [行情] 腾讯补漏成功: HSTECH
2026-04-20T09:54:44:   [天天基金] 最近连续失败，暂时跳过重试
2026-04-20T09:54:44:   [沪深300] 开始获取数据...
2026-04-20T09:54:44:   [中证500] 开始获取数据...
2026-04-20T09:54:44:   [中证红利] 开始获取数据...
2026-04-20T09:54:44:   [中证红利低波] 开始获取数据...
2026-04-20T09:54:44:   [中证消费] 开始获取数据...
2026-04-20T09:54:44:   [科创50] 开始获取数据...
2026-04-20T09:54:44:   [沪深300] 蛋卷基金: PE=14.4034, PE百分位=89.36%, 估值=high
2026-04-20T09:54:44:   [沪深300] 完成: price=4750.84, PE=14.4034, PE%=89.36%, temp=60°, src=danjuan-wind
2026-04-20T09:54:44:   [中证500] 蛋卷基金: PE=36.4631, PE百分位=85.52%, 估值=high
2026-04-20T09:54:44:   [中证500] 完成: price=8306.29, PE=36.4631, PE%=85.52%, temp=74°, src=danjuan-wind
2026-04-20T09:54:44:   [中证红利] 蛋卷基金: PE=8.6124, PE百分位=80.68%, 估值=high
2026-04-20T09:54:44:   [中证红利] 完成: price=5705.89, PE=8.6124, PE%=80.68%, temp=29°, src=danjuan-wind
2026-04-20T09:54:44:   [中证红利低波] 蛋卷基金: PE=8.4035, PE百分位=77.92%, 估值=high
2026-04-20T09:54:44:   [中证红利低波] 完成: price=11355.81, PE=8.4035, PE%=77.92%, temp=N/A, src=danjuan-wind
2026-04-20T09:54:44:   [中证消费] 蛋卷基金: PE=19.9003, PE百分位=7.92%, 估值=low
2026-04-20T09:54:44:   [中证消费] 完成: price=14264.33, PE=19.9003, PE%=7.92%, temp=0°, src=danjuan-wind
2026-04-20T09:54:44:   [科创50] 蛋卷基金: PE=159.6906, PE百分位=92.33%, 估值=high
2026-04-20T09:54:44:   [科创50] 完成: price=1440.27, PE=159.6906, PE%=92.33%, temp=N/A, src=danjuan-wind
2026-04-20T09:54:44:   [恒生科技] 开始获取数据...
2026-04-20T09:54:44:   [标普500] 开始获取数据...
2026-04-20T09:54:44:   [纳斯达克100] 开始获取数据...
2026-04-20T09:54:44:   [上证指数] 开始获取数据...
2026-04-20T09:54:44:   [恒生科技] 蛋卷基金: PE=23.1832, PE百分位=33.98%, 估值=high
2026-04-20T09:54:44:   [恒生科技] 完成: price=5062.09, PE=23.1832, PE%=33.98%, temp=11°, src=danjuan-wind
2026-04-20T09:54:44:   [标普500] 完成: price=7126.06, PE=null, PE%=null%, temp=N/A, src=none
2026-04-20T09:54:44:   [纳斯达克100] 完成: price=24468.48, PE=null, PE%=null%, temp=N/A, src=none
2026-04-20T09:54:44:   [上证指数] 完成: price=4072.6, PE=null, PE%=null%, temp=N/A, src=none
2026-04-20T09:54:44: [数据] ===== 全部完成，耗时 0.3s =====
2026-04-20T09:54:44: [缓存] indices 数据获取完成，耗时 0.3s
2026-04-20T09:54:45: [数据] ===== 开始获取所有指数数据 =====
2026-04-20T09:54:45:   [配置] 核心指数: 沪深300, 中证500, 中证红利, 中证红利低波, 中证消费, 科创50, 恒生科技, 标普500, 纳斯达克100
2026-04-20T09:54:45:   [配置] Dashboard额外: 上证指数
2026-04-20T09:54:45:   [行情] 东方财富批量接口获取 9 条
2026-04-20T09:54:45:   [行情] 东方财富缺失 1 个指数(HSTECH), 用腾讯补漏
2026-04-20T09:54:45:   [行情] 腾讯备用源获取 1 条
2026-04-20T09:54:45:   [行情] 腾讯补漏成功: HSTECH
2026-04-20T09:54:45:   [天天基金] 最近连续失败，暂时跳过重试
2026-04-20T09:54:46:   [沪深300] 开始获取数据...
2026-04-20T09:54:46:   [中证500] 开始获取数据...
2026-04-20T09:54:46:   [中证红利] 开始获取数据...
2026-04-20T09:54:46:   [中证红利低波] 开始获取数据...
2026-04-20T09:54:46:   [中证消费] 开始获取数据...
2026-04-20T09:54:46:   [科创50] 开始获取数据...
2026-04-20T09:54:46:   [沪深300] 蛋卷基金: PE=14.4034, PE百分位=89.36%, 估值=high
2026-04-20T09:54:46:   [沪深300] 完成: price=4750.74, PE=14.4034, PE%=89.36%, temp=60°, src=danjuan-wind
2026-04-20T09:54:46:   [中证500] 蛋卷基金: PE=36.4631, PE百分位=85.52%, 估值=high
2026-04-20T09:54:46:   [中证500] 完成: price=8306.03, PE=36.4631, PE%=85.52%, temp=74°, src=danjuan-wind
2026-04-20T09:54:46:   [中证红利] 蛋卷基金: PE=8.6124, PE百分位=80.68%, 估值=high
2026-04-20T09:54:46:   [中证红利] 完成: price=5705.89, PE=8.6124, PE%=80.68%, temp=29°, src=danjuan-wind
2026-04-20T09:54:46:   [中证红利低波] 蛋卷基金: PE=8.4035, PE百分位=77.92%, 估值=high
2026-04-20T09:54:46:   [中证红利低波] 完成: price=11355.81, PE=8.4035, PE%=77.92%, temp=N/A, src=danjuan-wind
2026-04-20T09:54:46:   [中证消费] 蛋卷基金: PE=19.9003, PE百分位=7.92%, 估值=low
2026-04-20T09:54:46:   [中证消费] 完成: price=14264.36, PE=19.9003, PE%=7.92%, temp=0°, src=danjuan-wind
2026-04-20T09:54:46:   [科创50] 蛋卷基金: PE=159.6906, PE百分位=92.33%, 估值=high
2026-04-20T09:54:46:   [科创50] 完成: price=1440.9, PE=159.6906, PE%=92.33%, temp=N/A, src=danjuan-wind
2026-04-20T09:54:46:   [恒生科技] 开始获取数据...
2026-04-20T09:54:46:   [标普500] 开始获取数据...
2026-04-20T09:54:46:   [纳斯达克100] 开始获取数据...
2026-04-20T09:54:46:   [上证指数] 开始获取数据...
2026-04-20T09:54:46:   [恒生科技] 蛋卷基金: PE=23.1832, PE百分位=33.98%, 估值=high
2026-04-20T09:54:46:   [恒生科技] 完成: price=5062.09, PE=23.1832, PE%=33.98%, temp=11°, src=danjuan-wind
2026-04-20T09:54:46:   [标普500] 完成: price=7126.06, PE=null, PE%=null%, temp=N/A, src=none
2026-04-20T09:54:46:   [纳斯达克100] 完成: price=24468.48, PE=null, PE%=null%, temp=N/A, src=none
2026-04-20T09:54:46:   [上证指数] 完成: price=4072.99, PE=null, PE%=null%, temp=N/A, src=none
2026-04-20T09:54:46: [数据] ===== 全部完成，耗时 0.4s =====
2026-04-20T09:54:46: [缓存] indices 数据获取完成，耗时 0.4s
2026-04-20T09:54:48: [数据] ===== 开始获取所有指数数据 =====
2026-04-20T09:54:48:   [配置] 核心指数: 沪深300, 中证500, 中证红利, 中证红利低波, 中证消费, 科创50, 恒生科技, 标普500, 纳斯达克100
2026-04-20T09:54:48:   [配置] Dashboard额外: 上证指数
2026-04-20T09:54:48:   [行情] 东方财富批量接口获取 9 条
2026-04-20T09:54:48:   [行情] 东方财富缺失 1 个指数(HSTECH), 用腾讯补漏
2026-04-20T09:54:49:   [行情] 腾讯备用源获取 1 条
2026-04-20T09:54:49:   [行情] 腾讯补漏成功: HSTECH
2026-04-20T09:54:49:   [天天基金] 最近连续失败，暂时跳过重试
2026-04-20T09:54:49:   [沪深300] 开始获取数据...
2026-04-20T09:54:49:   [中证500] 开始获取数据...
2026-04-20T09:54:49:   [中证红利] 开始获取数据...
2026-04-20T09:54:49:   [中证红利低波] 开始获取数据...
2026-04-20T09:54:49:   [中证消费] 开始获取数据...
2026-04-20T09:54:49:   [科创50] 开始获取数据...
2026-04-20T09:54:49:   [沪深300] 蛋卷基金: PE=14.4034, PE百分位=89.36%, 估值=high
2026-04-20T09:54:49:   [沪深300] 完成: price=4751, PE=14.4034, PE%=89.36%, temp=60°, src=danjuan-wind
2026-04-20T09:54:49:   [中证500] 蛋卷基金: PE=36.4631, PE百分位=85.52%, 估值=high
2026-04-20T09:54:49:   [中证500] 完成: price=8305.79, PE=36.4631, PE%=85.52%, temp=74°, src=danjuan-wind
2026-04-20T09:54:49:   [中证红利] 蛋卷基金: PE=8.6124, PE百分位=80.68%, 估值=high
2026-04-20T09:54:49:   [中证红利] 完成: price=5706.69, PE=8.6124, PE%=80.68%, temp=29°, src=danjuan-wind
2026-04-20T09:54:49:   [中证红利低波] 蛋卷基金: PE=8.4035, PE百分位=77.92%, 估值=high
2026-04-20T09:54:49:   [中证红利低波] 完成: price=11358.75, PE=8.4035, PE%=77.92%, temp=N/A, src=danjuan-wind
2026-04-20T09:54:49:   [中证消费] 蛋卷基金: PE=19.9003, PE百分位=7.92%, 估值=low
2026-04-20T09:54:49:   [中证消费] 完成: price=14263.97, PE=19.9003, PE%=7.92%, temp=0°, src=danjuan-wind
2026-04-20T09:54:49:   [科创50] 蛋卷基金: PE=159.6906, PE百分位=92.33%, 估值=high
2026-04-20T09:54:49:   [科创50] 完成: price=1440.7, PE=159.6906, PE%=92.33%, temp=N/A, src=danjuan-wind
2026-04-20T09:54:49:   [恒生科技] 开始获取数据...
2026-04-20T09:54:49:   [标普500] 开始获取数据...
2026-04-20T09:54:49:   [纳斯达克100] 开始获取数据...
2026-04-20T09:54:49:   [上证指数] 开始获取数据...
2026-04-20T09:54:49:   [恒生科技] 蛋卷基金: PE=23.1832, PE百分位=33.98%, 估值=high
2026-04-20T09:54:49:   [恒生科技] 完成: price=5062.5, PE=23.1832, PE%=33.98%, temp=11°, src=danjuan-wind
2026-04-20T09:54:49:   [标普500] 完成: price=7126.06, PE=null, PE%=null%, temp=N/A, src=none
2026-04-20T09:54:49:   [纳斯达克100] 完成: price=24468.48, PE=null, PE%=null%, temp=N/A, src=none
2026-04-20T09:54:49:   [上证指数] 完成: price=4073.26, PE=null, PE%=null%, temp=N/A, src=none
2026-04-20T09:54:49: [数据] ===== 全部完成，耗时 0.4s =====
2026-04-20T09:54:49: [缓存] indices 数据获取完成，耗时 0.4s
2026-04-20T09:54:50: [数据] ===== 开始获取所有指数数据 =====
2026-04-20T09:54:50:   [配置] 核心指数: 沪深300, 中证500, 中证红利, 中证红利低波, 中证消费, 科创50, 恒生科技, 标普500, 纳斯达克100
2026-04-20T09:54:50:   [配置] Dashboard额外: 上证指数
2026-04-20T09:54:50:   [行情] 东方财富批量接口获取 9 条
2026-04-20T09:54:50:   [行情] 东方财富缺失 1 个指数(HSTECH), 用腾讯补漏
2026-04-20T09:54:50:   [行情] 腾讯备用源获取 1 条
2026-04-20T09:54:50:   [行情] 腾讯补漏成功: HSTECH
2026-04-20T09:54:50:   [天天基金] 最近连续失败，暂时跳过重试
2026-04-20T09:54:51:   [沪深300] 开始获取数据...
2026-04-20T09:54:51:   [中证500] 开始获取数据...
2026-04-20T09:54:51:   [中证红利] 开始获取数据...
2026-04-20T09:54:51:   [中证红利低波] 开始获取数据...
2026-04-20T09:54:51:   [中证消费] 开始获取数据...
2026-04-20T09:54:51:   [科创50] 开始获取数据...
2026-04-20T09:54:51:   [沪深300] 蛋卷基金: PE=14.4034, PE百分位=89.36%, 估值=high
2026-04-20T09:54:51:   [沪深300] 完成: price=4751, PE=14.4034, PE%=89.36%, temp=60°, src=danjuan-wind
2026-04-20T09:54:51:   [中证500] 蛋卷基金: PE=36.4631, PE百分位=85.52%, 估值=high
2026-04-20T09:54:51:   [中证500] 完成: price=8305.79, PE=36.4631, PE%=85.52%, temp=74°, src=danjuan-wind
2026-04-20T09:54:51:   [中证红利] 蛋卷基金: PE=8.6124, PE百分位=80.68%, 估值=high
2026-04-20T09:54:51:   [中证红利] 完成: price=5706.69, PE=8.6124, PE%=80.68%, temp=29°, src=danjuan-wind
2026-04-20T09:54:51:   [中证红利低波] 蛋卷基金: PE=8.4035, PE百分位=77.92%, 估值=high
2026-04-20T09:54:51:   [中证红利低波] 完成: price=11358.75, PE=8.4035, PE%=77.92%, temp=N/A, src=danjuan-wind
2026-04-20T09:54:51:   [中证消费] 蛋卷基金: PE=19.9003, PE百分位=7.92%, 估值=low
2026-04-20T09:54:51:   [中证消费] 完成: price=14263.97, PE=19.9003, PE%=7.92%, temp=0°, src=danjuan-wind
2026-04-20T09:54:51:   [科创50] 蛋卷基金: PE=159.6906, PE百分位=92.33%, 估值=high
2026-04-20T09:54:51:   [科创50] 完成: price=1440.7, PE=159.6906, PE%=92.33%, temp=N/A, src=danjuan-wind
2026-04-20T09:54:51:   [恒生科技] 开始获取数据...
2026-04-20T09:54:51:   [标普500] 开始获取数据...
2026-04-20T09:54:51:   [纳斯达克100] 开始获取数据...
2026-04-20T09:54:51:   [上证指数] 开始获取数据...
2026-04-20T09:54:51:   [恒生科技] 蛋卷基金: PE=23.1832, PE百分位=33.98%, 估值=high
2026-04-20T09:54:51:   [恒生科技] 完成: price=5063.84, PE=23.1832, PE%=33.98%, temp=11°, src=danjuan-wind
2026-04-20T09:54:51:   [标普500] 完成: price=7126.06, PE=null, PE%=null%, temp=N/A, src=none
2026-04-20T09:54:51:   [纳斯达克100] 完成: price=24468.48, PE=null, PE%=null%, temp=N/A, src=none
2026-04-20T09:54:51:   [上证指数] 完成: price=4073.26, PE=null, PE%=null%, temp=N/A, src=none
2026-04-20T09:54:51: [数据] ===== 全部完成，耗时 0.7s =====
2026-04-20T09:54:51: [缓存] indices 数据获取完成，耗时 0.7s
2026-04-20T09:54:53: [数据] ===== 开始获取所有指数数据 =====
2026-04-20T09:54:53:   [配置] 核心指数: 沪深300, 中证500, 中证红利, 中证红利低波, 中证消费, 科创50, 恒生科技, 标普500, 纳斯达克100
2026-04-20T09:54:53:   [配置] Dashboard额外: 上证指数
2026-04-20T09:54:53:   [行情] 东方财富批量接口获取 9 条
2026-04-20T09:54:53:   [行情] 东方财富缺失 1 个指数(HSTECH), 用腾讯补漏
2026-04-20T09:54:53:   [行情] 腾讯备用源获取 1 条
2026-04-20T09:54:53:   [行情] 腾讯补漏成功: HSTECH
2026-04-20T09:54:53:   [天天基金] 最近连续失败，暂时跳过重试
2026-04-20T09:54:54:   [沪深300] 开始获取数据...
2026-04-20T09:54:54:   [中证500] 开始获取数据...
2026-04-20T09:54:54:   [中证红利] 开始获取数据...
2026-04-20T09:54:54:   [中证红利低波] 开始获取数据...
2026-04-20T09:54:54:   [中证消费] 开始获取数据...
2026-04-20T09:54:54:   [科创50] 开始获取数据...
2026-04-20T09:54:54:   [沪深300] 蛋卷基金: PE=14.4034, PE百分位=89.36%, 估值=high
2026-04-20T09:54:54:   [沪深300] 完成: price=4751.16, PE=14.4034, PE%=89.36%, temp=60°, src=danjuan-wind
2026-04-20T09:54:54:   [中证500] 蛋卷基金: PE=36.4631, PE百分位=85.52%, 估值=high
2026-04-20T09:54:54:   [中证500] 完成: price=8306.71, PE=36.4631, PE%=85.52%, temp=74°, src=danjuan-wind
2026-04-20T09:54:54:   [中证红利] 蛋卷基金: PE=8.6124, PE百分位=80.68%, 估值=high
2026-04-20T09:54:54:   [中证红利] 完成: price=5706.88, PE=8.6124, PE%=80.68%, temp=29°, src=danjuan-wind
2026-04-20T09:54:54:   [中证红利低波] 蛋卷基金: PE=8.4035, PE百分位=77.92%, 估值=high
2026-04-20T09:54:54:   [中证红利低波] 完成: price=11358.72, PE=8.4035, PE%=77.92%, temp=N/A, src=danjuan-wind
2026-04-20T09:54:54:   [中证消费] 蛋卷基金: PE=19.9003, PE百分位=7.92%, 估值=low
2026-04-20T09:54:54:   [中证消费] 完成: price=14264.06, PE=19.9003, PE%=7.92%, temp=0°, src=danjuan-wind
2026-04-20T09:54:54:   [科创50] 蛋卷基金: PE=159.6906, PE百分位=92.33%, 估值=high
2026-04-20T09:54:54:   [科创50] 完成: price=1440.85, PE=159.6906, PE%=92.33%, temp=N/A, src=danjuan-wind
2026-04-20T09:54:55:   [恒生科技] 开始获取数据...
2026-04-20T09:54:55:   [标普500] 开始获取数据...
2026-04-20T09:54:55:   [纳斯达克100] 开始获取数据...
2026-04-20T09:54:55:   [上证指数] 开始获取数据...
2026-04-20T09:54:55:   [恒生科技] 蛋卷基金: PE=23.1832, PE百分位=33.98%, 估值=high
2026-04-20T09:54:55:   [恒生科技] 完成: price=5062.44, PE=23.1832, PE%=33.98%, temp=11°, src=danjuan-wind
2026-04-20T09:54:55:   [标普500] 完成: price=7126.06, PE=null, PE%=null%, temp=N/A, src=none
2026-04-20T09:54:55:   [纳斯达克100] 完成: price=24468.48, PE=null, PE%=null%, temp=N/A, src=none
2026-04-20T09:54:55:   [上证指数] 完成: price=4073.25, PE=null, PE%=null%, temp=N/A, src=none
2026-04-20T09:54:55: [数据] ===== 全部完成，耗时 1.2s =====
2026-04-20T09:54:55: [缓存] indices 数据获取完成，耗时 1.2s
2026-04-20T09:54:57: [数据] ===== 开始获取所有指数数据 =====
2026-04-20T09:54:57:   [配置] 核心指数: 沪深300, 中证500, 中证红利, 中证红利低波, 中证消费, 科创50, 恒生科技, 标普500, 纳斯达克100
2026-04-20T09:54:57:   [配置] Dashboard额外: 上证指数
2026-04-20T09:54:57:   [行情] 东方财富批量接口获取 9 条
2026-04-20T09:54:57:   [行情] 东方财富缺失 1 个指数(HSTECH), 用腾讯补漏
2026-04-20T09:54:57:   [行情] 腾讯备用源获取 1 条
2026-04-20T09:54:57:   [行情] 腾讯补漏成功: HSTECH
2026-04-20T09:54:57:   [天天基金] 最近连续失败，暂时跳过重试
2026-04-20T09:54:57:   [沪深300] 开始获取数据...
2026-04-20T09:54:57:   [中证500] 开始获取数据...
2026-04-20T09:54:57:   [中证红利] 开始获取数据...
2026-04-20T09:54:57:   [中证红利低波] 开始获取数据...
2026-04-20T09:54:57:   [中证消费] 开始获取数据...
2026-04-20T09:54:57:   [科创50] 开始获取数据...
2026-04-20T09:54:57:   [沪深300] 蛋卷基金: PE=14.4034, PE百分位=89.36%, 估值=high
2026-04-20T09:54:57:   [沪深300] 完成: price=4751.24, PE=14.4034, PE%=89.36%, temp=60°, src=danjuan-wind
2026-04-20T09:54:57:   [中证500] 蛋卷基金: PE=36.4631, PE百分位=85.52%, 估值=high
2026-04-20T09:54:57:   [中证500] 完成: price=8305.75, PE=36.4631, PE%=85.52%, temp=74°, src=danjuan-wind
2026-04-20T09:54:57:   [中证红利] 蛋卷基金: PE=8.6124, PE百分位=80.68%, 估值=high
2026-04-20T09:54:57:   [中证红利] 完成: price=5706.41, PE=8.6124, PE%=80.68%, temp=29°, src=danjuan-wind
2026-04-20T09:54:57:   [中证红利低波] 蛋卷基金: PE=8.4035, PE百分位=77.92%, 估值=high
2026-04-20T09:54:57:   [中证红利低波] 完成: price=11359.28, PE=8.4035, PE%=77.92%, temp=N/A, src=danjuan-wind
2026-04-20T09:54:57:   [中证消费] 蛋卷基金: PE=19.9003, PE百分位=7.92%, 估值=low
2026-04-20T09:54:57:   [中证消费] 完成: price=14263.28, PE=19.9003, PE%=7.92%, temp=0°, src=danjuan-wind
2026-04-20T09:54:57:   [科创50] 蛋卷基金: PE=159.6906, PE百分位=92.33%, 估值=high
2026-04-20T09:54:57:   [科创50] 完成: price=1440.74, PE=159.6906, PE%=92.33%, temp=N/A, src=danjuan-wind
2026-04-20T09:54:57:   [恒生科技] 开始获取数据...
2026-04-20T09:54:57:   [标普500] 开始获取数据...
2026-04-20T09:54:57:   [纳斯达克100] 开始获取数据...
2026-04-20T09:54:57:   [上证指数] 开始获取数据...
2026-04-20T09:54:57:   [恒生科技] 蛋卷基金: PE=23.1832, PE百分位=33.98%, 估值=high
2026-04-20T09:54:57:   [恒生科技] 完成: price=5062.99, PE=23.1832, PE%=33.98%, temp=11°, src=danjuan-wind
2026-04-20T09:54:57:   [标普500] 完成: price=7126.06, PE=null, PE%=null%, temp=N/A, src=none
2026-04-20T09:54:57:   [纳斯达克100] 完成: price=24468.48, PE=null, PE%=null%, temp=N/A, src=none
2026-04-20T09:54:57:   [上证指数] 完成: price=4073.42, PE=null, PE%=null%, temp=N/A, src=none
2026-04-20T09:54:57: [数据] ===== 全部完成，耗时 0.3s =====
2026-04-20T09:54:57: [缓存] indices 数据获取完成，耗时 0.3s
2026-04-20T09:54:59: [数据] ===== 开始获取所有指数数据 =====
2026-04-20T09:54:59:   [配置] 核心指数: 沪深300, 中证500, 中证红利, 中证红利低波, 中证消费, 科创50, 恒生科技, 标普500, 纳斯达克100
2026-04-20T09:54:59:   [配置] Dashboard额外: 上证指数
2026-04-20T09:54:59:   [行情] 东方财富批量接口获取 9 条
2026-04-20T09:54:59:   [行情] 东方财富缺失 1 个指数(HSTECH), 用腾讯补漏
2026-04-20T09:54:59:   [行情] 腾讯备用源获取 1 条
2026-04-20T09:54:59:   [行情] 腾讯补漏成功: HSTECH
2026-04-20T09:54:59:   [天天基金] 最近连续失败，暂时跳过重试
2026-04-20T09:54:59:   [沪深300] 开始获取数据...
2026-04-20T09:54:59:   [中证500] 开始获取数据...
2026-04-20T09:54:59:   [中证红利] 开始获取数据...
2026-04-20T09:54:59:   [中证红利低波] 开始获取数据...
2026-04-20T09:54:59:   [中证消费] 开始获取数据...
2026-04-20T09:54:59:   [科创50] 开始获取数据...
2026-04-20T09:54:59:   [沪深300] 蛋卷基金: PE=14.4034, PE百分位=89.36%, 估值=high
2026-04-20T09:54:59:   [沪深300] 完成: price=4751.24, PE=14.4034, PE%=89.36%, temp=60°, src=danjuan-wind
2026-04-20T09:54:59:   [中证500] 蛋卷基金: PE=36.4631, PE百分位=85.52%, 估值=high
2026-04-20T09:54:59:   [中证500] 完成: price=8305.75, PE=36.4631, PE%=85.52%, temp=74°, src=danjuan-wind
2026-04-20T09:54:59:   [中证红利] 蛋卷基金: PE=8.6124, PE百分位=80.68%, 估值=high
2026-04-20T09:54:59:   [中证红利] 完成: price=5706.41, PE=8.6124, PE%=80.68%, temp=29°, src=danjuan-wind
2026-04-20T09:54:59:   [中证红利低波] 蛋卷基金: PE=8.4035, PE百分位=77.92%, 估值=high
2026-04-20T09:54:59:   [中证红利低波] 完成: price=11359.28, PE=8.4035, PE%=77.92%, temp=N/A, src=danjuan-wind
2026-04-20T09:54:59:   [中证消费] 蛋卷基金: PE=19.9003, PE百分位=7.92%, 估值=low
2026-04-20T09:54:59:   [中证消费] 完成: price=14263.28, PE=19.9003, PE%=7.92%, temp=0°, src=danjuan-wind
2026-04-20T09:54:59:   [科创50] 蛋卷基金: PE=159.6906, PE百分位=92.33%, 估值=high
2026-04-20T09:54:59:   [科创50] 完成: price=1440.74, PE=159.6906, PE%=92.33%, temp=N/A, src=danjuan-wind
2026-04-20T09:54:59:   [恒生科技] 开始获取数据...
2026-04-20T09:54:59:   [标普500] 开始获取数据...
2026-04-20T09:54:59:   [纳斯达克100] 开始获取数据...
2026-04-20T09:54:59:   [上证指数] 开始获取数据...
2026-04-20T09:54:59:   [恒生科技] 蛋卷基金: PE=23.1832, PE百分位=33.98%, 估值=high
2026-04-20T09:54:59:   [恒生科技] 完成: price=5063.14, PE=23.1832, PE%=33.98%, temp=11°, src=danjuan-wind
2026-04-20T09:54:59:   [标普500] 完成: price=7126.06, PE=null, PE%=null%, temp=N/A, src=none
2026-04-20T09:54:59:   [纳斯达克100] 完成: price=24468.48, PE=null, PE%=null%, temp=N/A, src=none
2026-04-20T09:54:59:   [上证指数] 完成: price=4073.42, PE=null, PE%=null%, temp=N/A, src=none
2026-04-20T09:54:59: [数据] ===== 全部完成，耗时 0.3s =====
2026-04-20T09:54:59: [缓存] indices 数据获取完成，耗时 0.3s
2026-04-20T09:55:01: [数据] ===== 开始获取所有指数数据 =====
2026-04-20T09:55:01:   [配置] 核心指数: 沪深300, 中证500, 中证红利, 中证红利低波, 中证消费, 科创50, 恒生科技, 标普500, 纳斯达克100
2026-04-20T09:55:01:   [配置] Dashboard额外: 上证指数
2026-04-20T09:55:01:   [行情] 东方财富批量接口获取 9 条
2026-04-20T09:55:01:   [行情] 东方财富缺失 1 个指数(HSTECH), 用腾讯补漏
2026-04-20T09:55:01:   [行情] 腾讯备用源获取 1 条
2026-04-20T09:55:01:   [行情] 腾讯补漏成功: HSTECH
2026-04-20T09:55:01:   [天天基金] 最近连续失败，暂时跳过重试
2026-04-20T09:55:01:   [沪深300] 开始获取数据...
2026-04-20T09:55:01:   [中证500] 开始获取数据...
2026-04-20T09:55:01:   [中证红利] 开始获取数据...
2026-04-20T09:55:01:   [中证红利低波] 开始获取数据...
2026-04-20T09:55:01:   [中证消费] 开始获取数据...
2026-04-20T09:55:01:   [科创50] 开始获取数据...
2026-04-20T09:55:01:   [沪深300] 蛋卷基金: PE=14.4034, PE百分位=89.36%, 估值=high
2026-04-20T09:55:01:   [沪深300] 完成: price=4751.11, PE=14.4034, PE%=89.36%, temp=60°, src=danjuan-wind
2026-04-20T09:55:01:   [中证500] 蛋卷基金: PE=36.4631, PE百分位=85.52%, 估值=high
2026-04-20T09:55:01:   [中证500] 完成: price=8305.36, PE=36.4631, PE%=85.52%, temp=74°, src=danjuan-wind
2026-04-20T09:55:01:   [中证红利] 蛋卷基金: PE=8.6124, PE百分位=80.68%, 估值=high
2026-04-20T09:55:01:   [中证红利] 完成: price=5706.41, PE=8.6124, PE%=80.68%, temp=29°, src=danjuan-wind
2026-04-20T09:55:01:   [中证红利低波] 蛋卷基金: PE=8.4035, PE百分位=77.92%, 估值=high
2026-04-20T09:55:01:   [中证红利低波] 完成: price=11359.28, PE=8.4035, PE%=77.92%, temp=N/A, src=danjuan-wind
2026-04-20T09:55:01:   [中证消费] 蛋卷基金: PE=19.9003, PE百分位=7.92%, 估值=low
2026-04-20T09:55:01:   [中证消费] 完成: price=14261.05, PE=19.9003, PE%=7.92%, temp=0°, src=danjuan-wind
2026-04-20T09:55:01:   [科创50] 蛋卷基金: PE=159.6906, PE百分位=92.33%, 估值=high
2026-04-20T09:55:01:   [科创50] 完成: price=1440.77, PE=159.6906, PE%=92.33%, temp=N/A, src=danjuan-wind
2026-04-20T09:55:01:   [恒生科技] 开始获取数据...
2026-04-20T09:55:01:   [标普500] 开始获取数据...
2026-04-20T09:55:01:   [纳斯达克100] 开始获取数据...
2026-04-20T09:55:01:   [上证指数] 开始获取数据...
2026-04-20T09:55:01:   [恒生科技] 蛋卷基金: PE=23.1832, PE百分位=33.98%, 估值=high
2026-04-20T09:55:01:   [恒生科技] 完成: price=5063.26, PE=23.1832, PE%=33.98%, temp=11°, src=danjuan-wind
2026-04-20T09:55:01:   [标普500] 完成: price=7126.06, PE=null, PE%=null%, temp=N/A, src=none
2026-04-20T09:55:01:   [纳斯达克100] 完成: price=24468.48, PE=null, PE%=null%, temp=N/A, src=none
2026-04-20T09:55:01:   [上证指数] 完成: price=4073.11, PE=null, PE%=null%, temp=N/A, src=none
2026-04-20T09:55:01: [数据] ===== 全部完成，耗时 0.3s =====
2026-04-20T09:55:01: [缓存] indices 数据获取完成，耗时 0.3s
2026-04-20T09:55:02: [数据] ===== 开始获取所有指数数据 =====
2026-04-20T09:55:02:   [配置] 核心指数: 沪深300, 中证500, 中证红利, 中证红利低波, 中证消费, 科创50, 恒生科技, 标普500, 纳斯达克100
2026-04-20T09:55:02:   [配置] Dashboard额外: 上证指数
2026-04-20T09:55:03:   [行情] 东方财富批量接口获取 9 条
2026-04-20T09:55:03:   [行情] 东方财富缺失 1 个指数(HSTECH), 用腾讯补漏
2026-04-20T09:55:03:   [行情] 腾讯备用源获取 1 条
2026-04-20T09:55:03:   [行情] 腾讯补漏成功: HSTECH
2026-04-20T09:55:03:   [天天基金] 最近连续失败，暂时跳过重试
2026-04-20T09:55:03:   [沪深300] 开始获取数据...
2026-04-20T09:55:03:   [中证500] 开始获取数据...
2026-04-20T09:55:03:   [中证红利] 开始获取数据...
2026-04-20T09:55:03:   [中证红利低波] 开始获取数据...
2026-04-20T09:55:03:   [中证消费] 开始获取数据...
2026-04-20T09:55:03:   [科创50] 开始获取数据...
2026-04-20T09:55:03:   [沪深300] 蛋卷基金: PE=14.4034, PE百分位=89.36%, 估值=high
2026-04-20T09:55:03:   [沪深300] 完成: price=4751.11, PE=14.4034, PE%=89.36%, temp=60°, src=danjuan-wind
2026-04-20T09:55:03:   [中证500] 蛋卷基金: PE=36.4631, PE百分位=85.52%, 估值=high
2026-04-20T09:55:03:   [中证500] 完成: price=8305.36, PE=36.4631, PE%=85.52%, temp=74°, src=danjuan-wind
2026-04-20T09:55:03:   [中证红利] 蛋卷基金: PE=8.6124, PE百分位=80.68%, 估值=high
2026-04-20T09:55:03:   [中证红利] 完成: price=5705.63, PE=8.6124, PE%=80.68%, temp=29°, src=danjuan-wind
2026-04-20T09:55:03:   [中证红利低波] 蛋卷基金: PE=8.4035, PE百分位=77.92%, 估值=high
2026-04-20T09:55:03:   [中证红利低波] 完成: price=11357.64, PE=8.4035, PE%=77.92%, temp=N/A, src=danjuan-wind
2026-04-20T09:55:03:   [中证消费] 蛋卷基金: PE=19.9003, PE百分位=7.92%, 估值=low
2026-04-20T09:55:03:   [中证消费] 完成: price=14261.05, PE=19.9003, PE%=7.92%, temp=0°, src=danjuan-wind
2026-04-20T09:55:03:   [科创50] 蛋卷基金: PE=159.6906, PE百分位=92.33%, 估值=high
2026-04-20T09:55:03:   [科创50] 完成: price=1440.77, PE=159.6906, PE%=92.33%, temp=N/A, src=danjuan-wind
2026-04-20T09:55:03:   [恒生科技] 开始获取数据...
2026-04-20T09:55:03:   [标普500] 开始获取数据...
2026-04-20T09:55:03:   [纳斯达克100] 开始获取数据...
2026-04-20T09:55:03:   [上证指数] 开始获取数据...
2026-04-20T09:55:03:   [恒生科技] 蛋卷基金: PE=23.1832, PE百分位=33.98%, 估值=high
2026-04-20T09:55:03:   [恒生科技] 完成: price=5063.68, PE=23.1832, PE%=33.98%, temp=11°, src=danjuan-wind
2026-04-20T09:55:03:   [标普500] 完成: price=7126.06, PE=null, PE%=null%, temp=N/A, src=none
2026-04-20T09:55:03:   [纳斯达克100] 完成: price=24468.48, PE=null, PE%=null%, temp=N/A, src=none
2026-04-20T09:55:03:   [上证指数] 完成: price=4073.11, PE=null, PE%=null%, temp=N/A, src=none
2026-04-20T09:55:03: [数据] ===== 全部完成，耗时 0.4s =====
2026-04-20T09:55:03: [缓存] indices 数据获取完成，耗时 0.4s
2026-04-20T09:55:06: [数据] ===== 开始获取所有指数数据 =====
2026-04-20T09:55:06:   [配置] 核心指数: 沪深300, 中证500, 中证红利, 中证红利低波, 中证消费, 科创50, 恒生科技, 标普500, 纳斯达克100
2026-04-20T09:55:06:   [配置] Dashboard额外: 上证指数
2026-04-20T09:55:06:   [行情] 东方财富批量接口获取 9 条
2026-04-20T09:55:06:   [行情] 东方财富缺失 1 个指数(HSTECH), 用腾讯补漏
2026-04-20T09:55:06:   [行情] 腾讯备用源获取 1 条
2026-04-20T09:55:06:   [行情] 腾讯补漏成功: HSTECH
2026-04-20T09:55:06:   [天天基金] 最近连续失败，暂时跳过重试
2026-04-20T09:55:06:   [沪深300] 开始获取数据...
2026-04-20T09:55:06:   [中证500] 开始获取数据...
2026-04-20T09:55:06:   [中证红利] 开始获取数据...
2026-04-20T09:55:06:   [中证红利低波] 开始获取数据...
2026-04-20T09:55:06:   [中证消费] 开始获取数据...
2026-04-20T09:55:06:   [科创50] 开始获取数据...
2026-04-20T09:55:06:   [沪深300] 蛋卷基金: PE=14.4034, PE百分位=89.36%, 估值=high
2026-04-20T09:55:06:   [沪深300] 完成: price=4751.13, PE=14.4034, PE%=89.36%, temp=60°, src=danjuan-wind
2026-04-20T09:55:06:   [中证500] 蛋卷基金: PE=36.4631, PE百分位=85.52%, 估值=high
2026-04-20T09:55:06:   [中证500] 完成: price=8305.39, PE=36.4631, PE%=85.52%, temp=74°, src=danjuan-wind
2026-04-20T09:55:06:   [中证红利] 蛋卷基金: PE=8.6124, PE百分位=80.68%, 估值=high
2026-04-20T09:55:06:   [中证红利] 完成: price=5705.63, PE=8.6124, PE%=80.68%, temp=29°, src=danjuan-wind
2026-04-20T09:55:06:   [中证红利低波] 蛋卷基金: PE=8.4035, PE百分位=77.92%, 估值=high
2026-04-20T09:55:06:   [中证红利低波] 完成: price=11357.64, PE=8.4035, PE%=77.92%, temp=N/A, src=danjuan-wind
2026-04-20T09:55:06:   [中证消费] 蛋卷基金: PE=19.9003, PE百分位=7.92%, 估值=low
2026-04-20T09:55:06:   [中证消费] 完成: price=14259.16, PE=19.9003, PE%=7.92%, temp=0°, src=danjuan-wind
2026-04-20T09:55:06:   [科创50] 蛋卷基金: PE=159.6906, PE百分位=92.33%, 估值=high
2026-04-20T09:55:06:   [科创50] 完成: price=1441.1, PE=159.6906, PE%=92.33%, temp=N/A, src=danjuan-wind
2026-04-20T09:55:06:   [恒生科技] 开始获取数据...
2026-04-20T09:55:06:   [标普500] 开始获取数据...
2026-04-20T09:55:06:   [纳斯达克100] 开始获取数据...
2026-04-20T09:55:06:   [上证指数] 开始获取数据...
2026-04-20T09:55:06:   [恒生科技] 蛋卷基金: PE=23.1832, PE百分位=33.98%, 估值=high
2026-04-20T09:55:06:   [恒生科技] 完成: price=5063.68, PE=23.1832, PE%=33.98%, temp=11°, src=danjuan-wind
2026-04-20T09:55:06:   [标普500] 完成: price=7126.06, PE=null, PE%=null%, temp=N/A, src=none
2026-04-20T09:55:06:   [纳斯达克100] 完成: price=24468.48, PE=null, PE%=null%, temp=N/A, src=none
2026-04-20T09:55:06:   [上证指数] 完成: price=4073.1, PE=null, PE%=null%, temp=N/A, src=none
2026-04-20T09:55:06: [数据] ===== 全部完成，耗时 0.4s =====
2026-04-20T09:55:06: [缓存] indices 数据获取完成，耗时 0.4s
2026-04-20T09:55:06:   [行情] 东方财富批量接口获取 8 条
2026-04-20T09:55:06:   [行情] 东方财富缺失 1 个指数(HSTECH), 用腾讯补漏
2026-04-20T09:55:06:   [行情] 腾讯备用源获取 1 条
2026-04-20T09:55:06:   [行情] 腾讯补漏成功: HSTECH
2026-04-20T09:55:06: [缓存] index-quotes 数据获取完成，耗时 0.0s
2026-04-20T09:55:08: [数据] ===== 开始获取所有指数数据 =====
2026-04-20T09:55:08:   [配置] 核心指数: 沪深300, 中证500, 中证红利, 中证红利低波, 中证消费, 科创50, 恒生科技, 标普500, 纳斯达克100
2026-04-20T09:55:08:   [配置] Dashboard额外: 上证指数
2026-04-20T09:55:08:   [行情] 东方财富批量接口获取 9 条
2026-04-20T09:55:08:   [行情] 东方财富缺失 1 个指数(HSTECH), 用腾讯补漏
2026-04-20T09:55:08:   [行情] 腾讯备用源获取 1 条
2026-04-20T09:55:08:   [行情] 腾讯补漏成功: HSTECH
2026-04-20T09:55:08:   [天天基金] 最近连续失败，暂时跳过重试
2026-04-20T09:55:09:   [沪深300] 开始获取数据...
2026-04-20T09:55:09:   [中证500] 开始获取数据...
2026-04-20T09:55:09:   [中证红利] 开始获取数据...
2026-04-20T09:55:09:   [中证红利低波] 开始获取数据...
2026-04-20T09:55:09:   [中证消费] 开始获取数据...
2026-04-20T09:55:09:   [科创50] 开始获取数据...
2026-04-20T09:55:09:   [沪深300] 蛋卷基金: PE=14.4034, PE百分位=89.36%, 估值=high
2026-04-20T09:55:09:   [沪深300] 完成: price=4751.74, PE=14.4034, PE%=89.36%, temp=60°, src=danjuan-wind
2026-04-20T09:55:09:   [中证500] 蛋卷基金: PE=36.4631, PE百分位=85.52%, 估值=high
2026-04-20T09:55:09:   [中证500] 完成: price=8305.28, PE=36.4631, PE%=85.52%, temp=74°, src=danjuan-wind
2026-04-20T09:55:09:   [中证红利] 蛋卷基金: PE=8.6124, PE百分位=80.68%, 估值=high
2026-04-20T09:55:09:   [中证红利] 完成: price=5705.4, PE=8.6124, PE%=80.68%, temp=29°, src=danjuan-wind
2026-04-20T09:55:09:   [中证红利低波] 蛋卷基金: PE=8.4035, PE百分位=77.92%, 估值=high
2026-04-20T09:55:09:   [中证红利低波] 完成: price=11358.35, PE=8.4035, PE%=77.92%, temp=N/A, src=danjuan-wind
2026-04-20T09:55:09:   [中证消费] 蛋卷基金: PE=19.9003, PE百分位=7.92%, 估值=low
2026-04-20T09:55:09:   [中证消费] 完成: price=14258.14, PE=19.9003, PE%=7.92%, temp=0°, src=danjuan-wind
2026-04-20T09:55:09:   [科创50] 蛋卷基金: PE=159.6906, PE百分位=92.33%, 估值=high
2026-04-20T09:55:09:   [科创50] 完成: price=1441.37, PE=159.6906, PE%=92.33%, temp=N/A, src=danjuan-wind
2026-04-20T09:55:09:   [恒生科技] 开始获取数据...
2026-04-20T09:55:09:   [标普500] 开始获取数据...
2026-04-20T09:55:09:   [纳斯达克100] 开始获取数据...
2026-04-20T09:55:09:   [上证指数] 开始获取数据...
2026-04-20T09:55:09:   [恒生科技] 蛋卷基金: PE=23.1832, PE百分位=33.98%, 估值=high
2026-04-20T09:55:09:   [恒生科技] 完成: price=5063.68, PE=23.1832, PE%=33.98%, temp=11°, src=danjuan-wind
2026-04-20T09:55:09:   [标普500] 完成: price=7126.06, PE=null, PE%=null%, temp=N/A, src=none
2026-04-20T09:55:09:   [纳斯达克100] 完成: price=24468.48, PE=null, PE%=null%, temp=N/A, src=none
2026-04-20T09:55:09:   [上证指数] 完成: price=4073.13, PE=null, PE%=null%, temp=N/A, src=none
2026-04-20T09:55:09: [数据] ===== 全部完成，耗时 0.3s =====
2026-04-20T09:55:09: [缓存] indices 数据获取完成，耗时 0.3s
2026-04-20T09:55:10: [数据] ===== 开始获取所有指数数据 =====
2026-04-20T09:55:10:   [配置] 核心指数: 沪深300, 中证500, 中证红利, 中证红利低波, 中证消费, 科创50, 恒生科技, 标普500, 纳斯达克100
2026-04-20T09:55:10:   [配置] Dashboard额外: 上证指数
2026-04-20T09:55:10:   [行情] 东方财富批量接口获取 9 条
2026-04-20T09:55:10:   [行情] 东方财富缺失 1 个指数(HSTECH), 用腾讯补漏
2026-04-20T09:55:10:   [行情] 腾讯备用源获取 1 条
2026-04-20T09:55:10:   [行情] 腾讯补漏成功: HSTECH
2026-04-20T09:55:10:   [天天基金] 最近连续失败，暂时跳过重试
2026-04-20T09:55:10:   [沪深300] 开始获取数据...
2026-04-20T09:55:10:   [中证500] 开始获取数据...
2026-04-20T09:55:10:   [中证红利] 开始获取数据...
2026-04-20T09:55:10:   [中证红利低波] 开始获取数据...
2026-04-20T09:55:10:   [中证消费] 开始获取数据...
2026-04-20T09:55:10:   [科创50] 开始获取数据...
2026-04-20T09:55:10:   [沪深300] 蛋卷基金: PE=14.4034, PE百分位=89.36%, 估值=high
2026-04-20T09:55:10:   [沪深300] 完成: price=4751.97, PE=14.4034, PE%=89.36%, temp=60°, src=danjuan-wind
2026-04-20T09:55:10:   [中证500] 蛋卷基金: PE=36.4631, PE百分位=85.52%, 估值=high
2026-04-20T09:55:10:   [中证500] 完成: price=8306.42, PE=36.4631, PE%=85.52%, temp=74°, src=danjuan-wind
2026-04-20T09:55:10:   [中证红利] 蛋卷基金: PE=8.6124, PE百分位=80.68%, 估值=high
2026-04-20T09:55:10:   [中证红利] 完成: price=5705.4, PE=8.6124, PE%=80.68%, temp=29°, src=danjuan-wind
2026-04-20T09:55:10:   [中证红利低波] 蛋卷基金: PE=8.4035, PE百分位=77.92%, 估值=high
2026-04-20T09:55:10:   [中证红利低波] 完成: price=11358.35, PE=8.4035, PE%=77.92%, temp=N/A, src=danjuan-wind
2026-04-20T09:55:10:   [中证消费] 蛋卷基金: PE=19.9003, PE百分位=7.92%, 估值=low
2026-04-20T09:55:10:   [中证消费] 完成: price=14257.49, PE=19.9003, PE%=7.92%, temp=0°, src=danjuan-wind
2026-04-20T09:55:10:   [科创50] 蛋卷基金: PE=159.6906, PE百分位=92.33%, 估值=high
2026-04-20T09:55:10:   [科创50] 完成: price=1441.88, PE=159.6906, PE%=92.33%, temp=N/A, src=danjuan-wind
2026-04-20T09:55:10:   [恒生科技] 开始获取数据...
2026-04-20T09:55:10:   [标普500] 开始获取数据...
2026-04-20T09:55:10:   [纳斯达克100] 开始获取数据...
2026-04-20T09:55:10:   [上证指数] 开始获取数据...
2026-04-20T09:55:10:   [恒生科技] 蛋卷基金: PE=23.1832, PE百分位=33.98%, 估值=high
2026-04-20T09:55:10:   [恒生科技] 完成: price=5065.51, PE=23.1832, PE%=33.98%, temp=11°, src=danjuan-wind
2026-04-20T09:55:10:   [标普500] 完成: price=7126.06, PE=null, PE%=null%, temp=N/A, src=none
2026-04-20T09:55:10:   [纳斯达克100] 完成: price=24468.48, PE=null, PE%=null%, temp=N/A, src=none
2026-04-20T09:55:10:   [上证指数] 完成: price=4073.54, PE=null, PE%=null%, temp=N/A, src=none
2026-04-20T09:55:10: [数据] ===== 全部完成，耗时 0.3s =====
2026-04-20T09:55:10: [缓存] indices 数据获取完成，耗时 0.3s
2026-04-20T09:55:11: [数据] ===== 开始获取所有指数数据 =====
2026-04-20T09:55:11:   [配置] 核心指数: 沪深300, 中证500, 中证红利, 中证红利低波, 中证消费, 科创50, 恒生科技, 标普500, 纳斯达克100
2026-04-20T09:55:11:   [配置] Dashboard额外: 上证指数
2026-04-20T09:55:11:   [行情] 东方财富批量接口获取 9 条
2026-04-20T09:55:11:   [行情] 东方财富缺失 1 个指数(HSTECH), 用腾讯补漏
2026-04-20T09:55:11:   [行情] 腾讯备用源获取 1 条
2026-04-20T09:55:11:   [行情] 腾讯补漏成功: HSTECH
2026-04-20T09:55:11:   [天天基金] 最近连续失败，暂时跳过重试
2026-04-20T09:55:12:   [沪深300] 开始获取数据...
2026-04-20T09:55:12:   [中证500] 开始获取数据...
2026-04-20T09:55:12:   [中证红利] 开始获取数据...
2026-04-20T09:55:12:   [中证红利低波] 开始获取数据...
2026-04-20T09:55:12:   [中证消费] 开始获取数据...
2026-04-20T09:55:12:   [科创50] 开始获取数据...
2026-04-20T09:55:12:   [沪深300] 蛋卷基金: PE=14.4034, PE百分位=89.36%, 估值=high
2026-04-20T09:55:12:   [沪深300] 完成: price=4751.97, PE=14.4034, PE%=89.36%, temp=60°, src=danjuan-wind
2026-04-20T09:55:12:   [中证500] 蛋卷基金: PE=36.4631, PE百分位=85.52%, 估值=high
2026-04-20T09:55:12:   [中证500] 完成: price=8306.42, PE=36.4631, PE%=85.52%, temp=74°, src=danjuan-wind
2026-04-20T09:55:12:   [中证红利] 蛋卷基金: PE=8.6124, PE百分位=80.68%, 估值=high
2026-04-20T09:55:12:   [中证红利] 完成: price=5704.42, PE=8.6124, PE%=80.68%, temp=29°, src=danjuan-wind
2026-04-20T09:55:12:   [中证红利低波] 蛋卷基金: PE=8.4035, PE百分位=77.92%, 估值=high
2026-04-20T09:55:12:   [中证红利低波] 完成: price=11356.61, PE=8.4035, PE%=77.92%, temp=N/A, src=danjuan-wind
2026-04-20T09:55:12:   [中证消费] 蛋卷基金: PE=19.9003, PE百分位=7.92%, 估值=low
2026-04-20T09:55:12:   [中证消费] 完成: price=14257.49, PE=19.9003, PE%=7.92%, temp=0°, src=danjuan-wind
2026-04-20T09:55:12:   [科创50] 蛋卷基金: PE=159.6906, PE百分位=92.33%, 估值=high
2026-04-20T09:55:12:   [科创50] 完成: price=1441.88, PE=159.6906, PE%=92.33%, temp=N/A, src=danjuan-wind
2026-04-20T09:55:12:   [恒生科技] 开始获取数据...
2026-04-20T09:55:12:   [标普500] 开始获取数据...
2026-04-20T09:55:12:   [纳斯达克100] 开始获取数据...
2026-04-20T09:55:12:   [上证指数] 开始获取数据...
2026-04-20T09:55:12:   [恒生科技] 蛋卷基金: PE=23.1832, PE百分位=33.98%, 估值=high
2026-04-20T09:55:12:   [恒生科技] 完成: price=5063.66, PE=23.1832, PE%=33.98%, temp=11°, src=danjuan-wind
2026-04-20T09:55:12:   [标普500] 完成: price=7126.06, PE=null, PE%=null%, temp=N/A, src=none
2026-04-20T09:55:12:   [纳斯达克100] 完成: price=24468.48, PE=null, PE%=null%, temp=N/A, src=none
2026-04-20T09:55:12:   [上证指数] 完成: price=4073.54, PE=null, PE%=null%, temp=N/A, src=none
2026-04-20T09:55:12: [数据] ===== 全部完成，耗时 0.4s =====
2026-04-20T09:55:12: [缓存] indices 数据获取完成，耗时 0.4s
2026-04-20T09:55:13: [数据] ===== 开始获取所有指数数据 =====
2026-04-20T09:55:13:   [配置] 核心指数: 沪深300, 中证500, 中证红利, 中证红利低波, 中证消费, 科创50, 恒生科技, 标普500, 纳斯达克100
2026-04-20T09:55:13:   [配置] Dashboard额外: 上证指数
2026-04-20T09:55:13:   [行情] 东方财富批量接口获取 9 条
2026-04-20T09:55:13:   [行情] 东方财富缺失 1 个指数(HSTECH), 用腾讯补漏
2026-04-20T09:55:13:   [行情] 腾讯备用源获取 1 条
2026-04-20T09:55:13:   [行情] 腾讯补漏成功: HSTECH
2026-04-20T09:55:13:   [天天基金] 最近连续失败，暂时跳过重试
2026-04-20T09:55:13:   [沪深300] 开始获取数据...
2026-04-20T09:55:13:   [中证500] 开始获取数据...
2026-04-20T09:55:13:   [中证红利] 开始获取数据...
2026-04-20T09:55:13:   [中证红利低波] 开始获取数据...
2026-04-20T09:55:13:   [中证消费] 开始获取数据...
2026-04-20T09:55:13:   [科创50] 开始获取数据...
2026-04-20T09:55:13:   [沪深300] 蛋卷基金: PE=14.4034, PE百分位=89.36%, 估值=high
2026-04-20T09:55:13:   [沪深300] 完成: price=4752.24, PE=14.4034, PE%=89.36%, temp=60°, src=danjuan-wind
2026-04-20T09:55:13:   [中证500] 蛋卷基金: PE=36.4631, PE百分位=85.52%, 估值=high
2026-04-20T09:55:13:   [中证500] 完成: price=8305.67, PE=36.4631, PE%=85.52%, temp=74°, src=danjuan-wind
2026-04-20T09:55:13:   [中证红利] 蛋卷基金: PE=8.6124, PE百分位=80.68%, 估值=high
2026-04-20T09:55:13:   [中证红利] 完成: price=5704.42, PE=8.6124, PE%=80.68%, temp=29°, src=danjuan-wind
2026-04-20T09:55:13:   [中证红利低波] 蛋卷基金: PE=8.4035, PE百分位=77.92%, 估值=high
2026-04-20T09:55:13:   [中证红利低波] 完成: price=11356.61, PE=8.4035, PE%=77.92%, temp=N/A, src=danjuan-wind
2026-04-20T09:55:13:   [中证消费] 蛋卷基金: PE=19.9003, PE百分位=7.92%, 估值=low
2026-04-20T09:55:13:   [中证消费] 完成: price=14258.67, PE=19.9003, PE%=7.92%, temp=0°, src=danjuan-wind
2026-04-20T09:55:13:   [科创50] 蛋卷基金: PE=159.6906, PE百分位=92.33%, 估值=high
2026-04-20T09:55:13:   [科创50] 完成: price=1441.86, PE=159.6906, PE%=92.33%, temp=N/A, src=danjuan-wind
2026-04-20T09:55:13:   [恒生科技] 开始获取数据...
2026-04-20T09:55:13:   [标普500] 开始获取数据...
2026-04-20T09:55:13:   [纳斯达克100] 开始获取数据...
2026-04-20T09:55:13:   [上证指数] 开始获取数据...
2026-04-20T09:55:13:   [恒生科技] 蛋卷基金: PE=23.1832, PE百分位=33.98%, 估值=high
2026-04-20T09:55:13:   [恒生科技] 完成: price=5065.34, PE=23.1832, PE%=33.98%, temp=11°, src=danjuan-wind
2026-04-20T09:55:13:   [标普500] 完成: price=7126.06, PE=null, PE%=null%, temp=N/A, src=none
2026-04-20T09:55:13:   [纳斯达克100] 完成: price=24468.48, PE=null, PE%=null%, temp=N/A, src=none
2026-04-20T09:55:13:   [上证指数] 完成: price=4073.89, PE=null, PE%=null%, temp=N/A, src=none
2026-04-20T09:55:13: [数据] ===== 全部完成，耗时 0.4s =====
2026-04-20T09:55:13: [缓存] indices 数据获取完成，耗时 0.4s
2026-04-20T09:55:15: [数据] ===== 开始获取所有指数数据 =====
2026-04-20T09:55:15:   [配置] 核心指数: 沪深300, 中证500, 中证红利, 中证红利低波, 中证消费, 科创50, 恒生科技, 标普500, 纳斯达克100
2026-04-20T09:55:15:   [配置] Dashboard额外: 上证指数
2026-04-20T09:55:15:   [行情] 东方财富批量接口获取 9 条
2026-04-20T09:55:15:   [行情] 东方财富缺失 1 个指数(HSTECH), 用腾讯补漏
2026-04-20T09:55:15:   [行情] 腾讯备用源获取 1 条
2026-04-20T09:55:15:   [行情] 腾讯补漏成功: HSTECH
2026-04-20T09:55:15:   [天天基金] 最近连续失败，暂时跳过重试
2026-04-20T09:55:16:   [沪深300] 开始获取数据...
2026-04-20T09:55:16:   [中证500] 开始获取数据...
2026-04-20T09:55:16:   [中证红利] 开始获取数据...
2026-04-20T09:55:16:   [中证红利低波] 开始获取数据...
2026-04-20T09:55:16:   [中证消费] 开始获取数据...
2026-04-20T09:55:16:   [科创50] 开始获取数据...
2026-04-20T09:55:16:   [沪深300] 蛋卷基金: PE=14.4034, PE百分位=89.36%, 估值=high
2026-04-20T09:55:16:   [沪深300] 完成: price=4752, PE=14.4034, PE%=89.36%, temp=60°, src=danjuan-wind
2026-04-20T09:55:16:   [中证500] 蛋卷基金: PE=36.4631, PE百分位=85.52%, 估值=high
2026-04-20T09:55:16:   [中证500] 完成: price=8305.72, PE=36.4631, PE%=85.52%, temp=74°, src=danjuan-wind
2026-04-20T09:55:16:   [中证红利] 蛋卷基金: PE=8.6124, PE百分位=80.68%, 估值=high
2026-04-20T09:55:16:   [中证红利] 完成: price=5704.42, PE=8.6124, PE%=80.68%, temp=29°, src=danjuan-wind
2026-04-20T09:55:16:   [中证红利低波] 蛋卷基金: PE=8.4035, PE百分位=77.92%, 估值=high
2026-04-20T09:55:16:   [中证红利低波] 完成: price=11356.61, PE=8.4035, PE%=77.92%, temp=N/A, src=danjuan-wind
2026-04-20T09:55:16:   [中证消费] 蛋卷基金: PE=19.9003, PE百分位=7.92%, 估值=low
2026-04-20T09:55:16:   [中证消费] 完成: price=14257.76, PE=19.9003, PE%=7.92%, temp=0°, src=danjuan-wind
2026-04-20T09:55:16:   [科创50] 蛋卷基金: PE=159.6906, PE百分位=92.33%, 估值=high
2026-04-20T09:55:16:   [科创50] 完成: price=1441.54, PE=159.6906, PE%=92.33%, temp=N/A, src=danjuan-wind
2026-04-20T09:55:16:   [恒生科技] 开始获取数据...
2026-04-20T09:55:16:   [标普500] 开始获取数据...
2026-04-20T09:55:16:   [纳斯达克100] 开始获取数据...
2026-04-20T09:55:16:   [上证指数] 开始获取数据...
2026-04-20T09:55:16:   [恒生科技] 蛋卷基金: PE=23.1832, PE百分位=33.98%, 估值=high
2026-04-20T09:55:16:   [恒生科技] 完成: price=5065.34, PE=23.1832, PE%=33.98%, temp=11°, src=danjuan-wind
2026-04-20T09:55:16:   [标普500] 完成: price=7126.06, PE=null, PE%=null%, temp=N/A, src=none
2026-04-20T09:55:16:   [纳斯达克100] 完成: price=24468.48, PE=null, PE%=null%, temp=N/A, src=none
2026-04-20T09:55:16:   [上证指数] 完成: price=4073.51, PE=null, PE%=null%, temp=N/A, src=none
2026-04-20T09:55:16: [数据] ===== 全部完成，耗时 0.4s =====
2026-04-20T09:55:16: [缓存] indices 数据获取完成，耗时 0.4s
2026-04-20T09:55:17: [数据] ===== 开始获取所有指数数据 =====
2026-04-20T09:55:17:   [配置] 核心指数: 沪深300, 中证500, 中证红利, 中证红利低波, 中证消费, 科创50, 恒生科技, 标普500, 纳斯达克100
2026-04-20T09:55:17:   [配置] Dashboard额外: 上证指数
2026-04-20T09:55:17:   [行情] 东方财富批量接口获取 9 条
2026-04-20T09:55:17:   [行情] 东方财富缺失 1 个指数(HSTECH), 用腾讯补漏
2026-04-20T09:55:17:   [行情] 腾讯备用源获取 1 条
2026-04-20T09:55:17:   [行情] 腾讯补漏成功: HSTECH
2026-04-20T09:55:17:   [天天基金] 最近连续失败，暂时跳过重试
2026-04-20T09:55:17:   [沪深300] 开始获取数据...
2026-04-20T09:55:17:   [中证500] 开始获取数据...
2026-04-20T09:55:17:   [中证红利] 开始获取数据...
2026-04-20T09:55:17:   [中证红利低波] 开始获取数据...
2026-04-20T09:55:17:   [中证消费] 开始获取数据...
2026-04-20T09:55:17:   [科创50] 开始获取数据...
2026-04-20T09:55:17:   [沪深300] 蛋卷基金: PE=14.4034, PE百分位=89.36%, 估值=high
2026-04-20T09:55:17:   [沪深300] 完成: price=4752, PE=14.4034, PE%=89.36%, temp=60°, src=danjuan-wind
2026-04-20T09:55:17:   [中证500] 蛋卷基金: PE=36.4631, PE百分位=85.52%, 估值=high
2026-04-20T09:55:17:   [中证500] 完成: price=8305.72, PE=36.4631, PE%=85.52%, temp=74°, src=danjuan-wind
2026-04-20T09:55:17:   [中证红利] 蛋卷基金: PE=8.6124, PE百分位=80.68%, 估值=high
2026-04-20T09:55:17:   [中证红利] 完成: price=5705.85, PE=8.6124, PE%=80.68%, temp=29°, src=danjuan-wind
2026-04-20T09:55:17:   [中证红利低波] 蛋卷基金: PE=8.4035, PE百分位=77.92%, 估值=high
2026-04-20T09:55:17:   [中证红利低波] 完成: price=11360.6, PE=8.4035, PE%=77.92%, temp=N/A, src=danjuan-wind
2026-04-20T09:55:17:   [中证消费] 蛋卷基金: PE=19.9003, PE百分位=7.92%, 估值=low
2026-04-20T09:55:17:   [中证消费] 完成: price=14257.76, PE=19.9003, PE%=7.92%, temp=0°, src=danjuan-wind
2026-04-20T09:55:17:   [科创50] 蛋卷基金: PE=159.6906, PE百分位=92.33%, 估值=high
2026-04-20T09:55:17:   [科创50] 完成: price=1441.54, PE=159.6906, PE%=92.33%, temp=N/A, src=danjuan-wind
2026-04-20T09:55:18:   [恒生科技] 开始获取数据...
2026-04-20T09:55:18:   [标普500] 开始获取数据...
2026-04-20T09:55:18:   [纳斯达克100] 开始获取数据...
2026-04-20T09:55:18:   [上证指数] 开始获取数据...
2026-04-20T09:55:18:   [恒生科技] 蛋卷基金: PE=23.1832, PE百分位=33.98%, 估值=high
2026-04-20T09:55:18:   [恒生科技] 完成: price=5067.52, PE=23.1832, PE%=33.98%, temp=11°, src=danjuan-wind
2026-04-20T09:55:18:   [标普500] 完成: price=7126.06, PE=null, PE%=null%, temp=N/A, src=none
2026-04-20T09:55:18:   [纳斯达克100] 完成: price=24468.48, PE=null, PE%=null%, temp=N/A, src=none
2026-04-20T09:55:18:   [上证指数] 完成: price=4073.51, PE=null, PE%=null%, temp=N/A, src=none
2026-04-20T09:55:18: [数据] ===== 全部完成，耗时 0.5s =====
2026-04-20T09:55:18: [缓存] indices 数据获取完成，耗时 0.5s
2026-04-20T09:55:20: [数据] ===== 开始获取所有指数数据 =====
2026-04-20T09:55:20:   [配置] 核心指数: 沪深300, 中证500, 中证红利, 中证红利低波, 中证消费, 科创50, 恒生科技, 标普500, 纳斯达克100
2026-04-20T09:55:20:   [配置] Dashboard额外: 上证指数
2026-04-20T09:55:20:   [行情] 东方财富批量接口获取 9 条
2026-04-20T09:55:20:   [行情] 东方财富缺失 1 个指数(HSTECH), 用腾讯补漏
2026-04-20T09:55:20:   [行情] 腾讯备用源获取 1 条
2026-04-20T09:55:20:   [行情] 腾讯补漏成功: HSTECH
2026-04-20T09:55:20:   [天天基金] 最近连续失败，暂时跳过重试
2026-04-20T09:55:21:   [沪深300] 开始获取数据...
2026-04-20T09:55:21:   [中证500] 开始获取数据...
2026-04-20T09:55:21:   [中证红利] 开始获取数据...
2026-04-20T09:55:21:   [中证红利低波] 开始获取数据...
2026-04-20T09:55:21:   [中证消费] 开始获取数据...
2026-04-20T09:55:21:   [科创50] 开始获取数据...
2026-04-20T09:55:21:   [沪深300] 蛋卷基金: PE=14.4034, PE百分位=89.36%, 估值=high
2026-04-20T09:55:21:   [沪深300] 完成: price=4752.19, PE=14.4034, PE%=89.36%, temp=60°, src=danjuan-wind
2026-04-20T09:55:21:   [中证500] 蛋卷基金: PE=36.4631, PE百分位=85.52%, 估值=high
2026-04-20T09:55:21:   [中证500] 完成: price=8304.1, PE=36.4631, PE%=85.52%, temp=74°, src=danjuan-wind
2026-04-20T09:55:21:   [中证红利] 蛋卷基金: PE=8.6124, PE百分位=80.68%, 估值=high
2026-04-20T09:55:21:   [中证红利] 完成: price=5705.85, PE=8.6124, PE%=80.68%, temp=29°, src=danjuan-wind
2026-04-20T09:55:21:   [中证红利低波] 蛋卷基金: PE=8.4035, PE百分位=77.92%, 估值=high
2026-04-20T09:55:21:   [中证红利低波] 完成: price=11360.6, PE=8.4035, PE%=77.92%, temp=N/A, src=danjuan-wind
2026-04-20T09:55:21:   [中证消费] 蛋卷基金: PE=19.9003, PE百分位=7.92%, 估值=low
2026-04-20T09:55:21:   [中证消费] 完成: price=14257.27, PE=19.9003, PE%=7.92%, temp=0°, src=danjuan-wind
2026-04-20T09:55:21:   [科创50] 蛋卷基金: PE=159.6906, PE百分位=92.33%, 估值=high
2026-04-20T09:55:21:   [科创50] 完成: price=1441.51, PE=159.6906, PE%=92.33%, temp=N/A, src=danjuan-wind
2026-04-20T09:55:21:   [恒生科技] 开始获取数据...
2026-04-20T09:55:21:   [标普500] 开始获取数据...
2026-04-20T09:55:21:   [纳斯达克100] 开始获取数据...
2026-04-20T09:55:21:   [上证指数] 开始获取数据...
2026-04-20T09:55:21:   [恒生科技] 蛋卷基金: PE=23.1832, PE百分位=33.98%, 估值=high
2026-04-20T09:55:21:   [恒生科技] 完成: price=5066.95, PE=23.1832, PE%=33.98%, temp=11°, src=danjuan-wind
2026-04-20T09:55:21:   [标普500] 完成: price=7126.06, PE=null, PE%=null%, temp=N/A, src=none
2026-04-20T09:55:21:   [纳斯达克100] 完成: price=24468.48, PE=null, PE%=null%, temp=N/A, src=none
2026-04-20T09:55:21:   [上证指数] 完成: price=4073.51, PE=null, PE%=null%, temp=N/A, src=none
2026-04-20T09:55:21: [数据] ===== 全部完成，耗时 1.0s =====
2026-04-20T09:55:21: [缓存] indices 数据获取完成，耗时 1.0s
2026-04-20T09:55:22: [数据] ===== 开始获取所有指数数据 =====
2026-04-20T09:55:22:   [配置] 核心指数: 沪深300, 中证500, 中证红利, 中证红利低波, 中证消费, 科创50, 恒生科技, 标普500, 纳斯达克100
2026-04-20T09:55:22:   [配置] Dashboard额外: 上证指数
2026-04-20T09:55:22:   [行情] 东方财富批量接口获取 9 条
2026-04-20T09:55:22:   [行情] 东方财富缺失 1 个指数(HSTECH), 用腾讯补漏
2026-04-20T09:55:22:   [行情] 腾讯备用源获取 1 条
2026-04-20T09:55:22:   [行情] 腾讯补漏成功: HSTECH
2026-04-20T09:55:22:   [天天基金] 最近连续失败，暂时跳过重试
2026-04-20T09:55:22:   [沪深300] 开始获取数据...
2026-04-20T09:55:22:   [中证500] 开始获取数据...
2026-04-20T09:55:22:   [中证红利] 开始获取数据...
2026-04-20T09:55:22:   [中证红利低波] 开始获取数据...
2026-04-20T09:55:22:   [中证消费] 开始获取数据...
2026-04-20T09:55:22:   [科创50] 开始获取数据...
2026-04-20T09:55:22:   [沪深300] 蛋卷基金: PE=14.4034, PE百分位=89.36%, 估值=high
2026-04-20T09:55:22:   [沪深300] 完成: price=4752, PE=14.4034, PE%=89.36%, temp=60°, src=danjuan-wind
2026-04-20T09:55:22:   [中证500] 蛋卷基金: PE=36.4631, PE百分位=85.52%, 估值=high
2026-04-20T09:55:22:   [中证500] 完成: price=8305.74, PE=36.4631, PE%=85.52%, temp=74°, src=danjuan-wind
2026-04-20T09:55:22:   [中证红利] 蛋卷基金: PE=8.6124, PE百分位=80.68%, 估值=high
2026-04-20T09:55:22:   [中证红利] 完成: price=5705.4, PE=8.6124, PE%=80.68%, temp=29°, src=danjuan-wind
2026-04-20T09:55:22:   [中证红利低波] 蛋卷基金: PE=8.4035, PE百分位=77.92%, 估值=high
2026-04-20T09:55:22:   [中证红利低波] 完成: price=11360.36, PE=8.4035, PE%=77.92%, temp=N/A, src=danjuan-wind
2026-04-20T09:55:22:   [中证消费] 蛋卷基金: PE=19.9003, PE百分位=7.92%, 估值=low
2026-04-20T09:55:22:   [中证消费] 完成: price=14257.39, PE=19.9003, PE%=7.92%, temp=0°, src=danjuan-wind
2026-04-20T09:55:22:   [科创50] 蛋卷基金: PE=159.6906, PE百分位=92.33%, 估值=high
2026-04-20T09:55:22:   [科创50] 完成: price=1441.75, PE=159.6906, PE%=92.33%, temp=N/A, src=danjuan-wind
2026-04-20T09:55:22:   [恒生科技] 开始获取数据...
2026-04-20T09:55:22:   [标普500] 开始获取数据...
2026-04-20T09:55:22:   [纳斯达克100] 开始获取数据...
2026-04-20T09:55:22:   [上证指数] 开始获取数据...
2026-04-20T09:55:22:   [恒生科技] 蛋卷基金: PE=23.1832, PE百分位=33.98%, 估值=high
2026-04-20T09:55:22:   [恒生科技] 完成: price=5067.08, PE=23.1832, PE%=33.98%, temp=11°, src=danjuan-wind
2026-04-20T09:55:22:   [标普500] 完成: price=7126.06, PE=null, PE%=null%, temp=N/A, src=none
2026-04-20T09:55:22:   [纳斯达克100] 完成: price=24468.48, PE=null, PE%=null%, temp=N/A, src=none
2026-04-20T09:55:22:   [上证指数] 完成: price=4073.86, PE=null, PE%=null%, temp=N/A, src=none
2026-04-20T09:55:22: [数据] ===== 全部完成，耗时 0.3s =====
2026-04-20T09:55:22: [缓存] indices 数据获取完成，耗时 0.3s
2026-04-20T09:55:24: [数据] ===== 开始获取所有指数数据 =====
2026-04-20T09:55:24:   [配置] 核心指数: 沪深300, 中证500, 中证红利, 中证红利低波, 中证消费, 科创50, 恒生科技, 标普500, 纳斯达克100
2026-04-20T09:55:24:   [配置] Dashboard额外: 上证指数
2026-04-20T09:55:24:   [行情] 东方财富批量接口获取 9 条
2026-04-20T09:55:24:   [行情] 东方财富缺失 1 个指数(HSTECH), 用腾讯补漏
2026-04-20T09:55:24:   [行情] 腾讯备用源获取 1 条
2026-04-20T09:55:24:   [行情] 腾讯补漏成功: HSTECH
2026-04-20T09:55:24:   [天天基金] 最近连续失败，暂时跳过重试
2026-04-20T09:55:25:   [沪深300] 开始获取数据...
2026-04-20T09:55:25:   [中证500] 开始获取数据...
2026-04-20T09:55:25:   [中证红利] 开始获取数据...
2026-04-20T09:55:25:   [中证红利低波] 开始获取数据...
2026-04-20T09:55:25:   [中证消费] 开始获取数据...
2026-04-20T09:55:25:   [科创50] 开始获取数据...
2026-04-20T09:55:25:   [沪深300] 蛋卷基金: PE=14.4034, PE百分位=89.36%, 估值=high
2026-04-20T09:55:25:   [沪深300] 完成: price=4752.12, PE=14.4034, PE%=89.36%, temp=60°, src=danjuan-wind
2026-04-20T09:55:25:   [中证500] 蛋卷基金: PE=36.4631, PE百分位=85.52%, 估值=high
2026-04-20T09:55:25:   [中证500] 完成: price=8304.42, PE=36.4631, PE%=85.52%, temp=74°, src=danjuan-wind
2026-04-20T09:55:25:   [中证红利] 蛋卷基金: PE=8.6124, PE百分位=80.68%, 估值=high
2026-04-20T09:55:25:   [中证红利] 完成: price=5705.4, PE=8.6124, PE%=80.68%, temp=29°, src=danjuan-wind
2026-04-20T09:55:25:   [中证红利低波] 蛋卷基金: PE=8.4035, PE百分位=77.92%, 估值=high
2026-04-20T09:55:25:   [中证红利低波] 完成: price=11360.36, PE=8.4035, PE%=77.92%, temp=N/A, src=danjuan-wind
2026-04-20T09:55:25:   [中证消费] 蛋卷基金: PE=19.9003, PE百分位=7.92%, 估值=low
2026-04-20T09:55:25:   [中证消费] 完成: price=14257.34, PE=19.9003, PE%=7.92%, temp=0°, src=danjuan-wind
2026-04-20T09:55:25:   [科创50] 蛋卷基金: PE=159.6906, PE百分位=92.33%, 估值=high
2026-04-20T09:55:25:   [科创50] 完成: price=1441.84, PE=159.6906, PE%=92.33%, temp=N/A, src=danjuan-wind
2026-04-20T09:55:25:   [恒生科技] 开始获取数据...
2026-04-20T09:55:25:   [标普500] 开始获取数据...
2026-04-20T09:55:25:   [纳斯达克100] 开始获取数据...
2026-04-20T09:55:25:   [上证指数] 开始获取数据...
2026-04-20T09:55:25:   [恒生科技] 蛋卷基金: PE=23.1832, PE百分位=33.98%, 估值=high
2026-04-20T09:55:25:   [恒生科技] 完成: price=5067.08, PE=23.1832, PE%=33.98%, temp=11°, src=danjuan-wind
2026-04-20T09:55:25:   [标普500] 完成: price=7126.06, PE=null, PE%=null%, temp=N/A, src=none
2026-04-20T09:55:25:   [纳斯达克100] 完成: price=24468.48, PE=null, PE%=null%, temp=N/A, src=none
2026-04-20T09:55:25:   [上证指数] 完成: price=4073.44, PE=null, PE%=null%, temp=N/A, src=none
2026-04-20T09:55:25: [数据] ===== 全部完成，耗时 0.3s =====
2026-04-20T09:55:25: [缓存] indices 数据获取完成，耗时 0.3s
2026-04-20T09:55:27: [数据] ===== 开始获取所有指数数据 =====
2026-04-20T09:55:27:   [配置] 核心指数: 沪深300, 中证500, 中证红利, 中证红利低波, 中证消费, 科创50, 恒生科技, 标普500, 纳斯达克100
2026-04-20T09:55:27:   [配置] Dashboard额外: 上证指数
2026-04-20T09:55:27:   [行情] 东方财富批量接口获取 9 条
2026-04-20T09:55:27:   [行情] 东方财富缺失 1 个指数(HSTECH), 用腾讯补漏
2026-04-20T09:55:27:   [行情] 腾讯备用源获取 1 条
2026-04-20T09:55:27:   [行情] 腾讯补漏成功: HSTECH
2026-04-20T09:55:27:   [天天基金] 最近连续失败，暂时跳过重试
2026-04-20T09:55:28:   [沪深300] 开始获取数据...
2026-04-20T09:55:28:   [中证500] 开始获取数据...
2026-04-20T09:55:28:   [中证红利] 开始获取数据...
2026-04-20T09:55:28:   [中证红利低波] 开始获取数据...
2026-04-20T09:55:28:   [中证消费] 开始获取数据...
2026-04-20T09:55:28:   [科创50] 开始获取数据...
2026-04-20T09:55:28:   [沪深300] 蛋卷基金: PE=14.4034, PE百分位=89.36%, 估值=high
2026-04-20T09:55:28:   [沪深300] 完成: price=4752.12, PE=14.4034, PE%=89.36%, temp=60°, src=danjuan-wind
2026-04-20T09:55:28:   [中证500] 蛋卷基金: PE=36.4631, PE百分位=85.52%, 估值=high
2026-04-20T09:55:28:   [中证500] 完成: price=8304.42, PE=36.4631, PE%=85.52%, temp=74°, src=danjuan-wind
2026-04-20T09:55:28:   [中证红利] 蛋卷基金: PE=8.6124, PE百分位=80.68%, 估值=high
2026-04-20T09:55:28:   [中证红利] 完成: price=5704.92, PE=8.6124, PE%=80.68%, temp=29°, src=danjuan-wind
2026-04-20T09:55:28:   [中证红利低波] 蛋卷基金: PE=8.4035, PE百分位=77.92%, 估值=high
2026-04-20T09:55:28:   [中证红利低波] 完成: price=11360.49, PE=8.4035, PE%=77.92%, temp=N/A, src=danjuan-wind
2026-04-20T09:55:28:   [中证消费] 蛋卷基金: PE=19.9003, PE百分位=7.92%, 估值=low
2026-04-20T09:55:28:   [中证消费] 完成: price=14257.34, PE=19.9003, PE%=7.92%, temp=0°, src=danjuan-wind
2026-04-20T09:55:28:   [科创50] 蛋卷基金: PE=159.6906, PE百分位=92.33%, 估值=high
2026-04-20T09:55:28:   [科创50] 完成: price=1441.84, PE=159.6906, PE%=92.33%, temp=N/A, src=danjuan-wind
2026-04-20T09:55:28:   [恒生科技] 开始获取数据...
2026-04-20T09:55:28:   [标普500] 开始获取数据...
2026-04-20T09:55:28:   [纳斯达克100] 开始获取数据...
2026-04-20T09:55:28:   [上证指数] 开始获取数据...
2026-04-20T09:55:28:   [恒生科技] 蛋卷基金: PE=23.1832, PE百分位=33.98%, 估值=high
2026-04-20T09:55:28:   [恒生科技] 完成: price=5068.05, PE=23.1832, PE%=33.98%, temp=11°, src=danjuan-wind
2026-04-20T09:55:28:   [标普500] 完成: price=7126.06, PE=null, PE%=null%, temp=N/A, src=none
2026-04-20T09:55:28:   [纳斯达克100] 完成: price=24468.48, PE=null, PE%=null%, temp=N/A, src=none
2026-04-20T09:55:28:   [上证指数] 完成: price=4073.44, PE=null, PE%=null%, temp=N/A, src=none
2026-04-20T09:55:28: [数据] ===== 全部完成，耗时 1.4s =====
2026-04-20T09:55:28: [缓存] indices 数据获取完成，耗时 1.4s
2026-04-20T09:55:31: [数据] ===== 开始获取所有指数数据 =====
2026-04-20T09:55:31:   [配置] 核心指数: 沪深300, 中证500, 中证红利, 中证红利低波, 中证消费, 科创50, 恒生科技, 标普500, 纳斯达克100
2026-04-20T09:55:31:   [配置] Dashboard额外: 上证指数
2026-04-20T09:55:31:   [行情] 东方财富批量接口获取 9 条
2026-04-20T09:55:31:   [行情] 东方财富缺失 1 个指数(HSTECH), 用腾讯补漏
2026-04-20T09:55:31:   [行情] 腾讯备用源获取 1 条
2026-04-20T09:55:31:   [行情] 腾讯补漏成功: HSTECH
2026-04-20T09:55:32:   [蛋卷基金] 获取 63 个指数估值数据
2026-04-20T09:55:32:   [天天基金] 最近连续失败，暂时跳过重试
2026-04-20T09:55:32:   [沪深300] 开始获取数据...
2026-04-20T09:55:32:   [中证500] 开始获取数据...
2026-04-20T09:55:32:   [中证红利] 开始获取数据...
2026-04-20T09:55:32:   [中证红利低波] 开始获取数据...
2026-04-20T09:55:32:   [中证消费] 开始获取数据...
2026-04-20T09:55:32:   [科创50] 开始获取数据...
2026-04-20T09:55:32:   [沪深300] 蛋卷基金: PE=14.4034, PE百分位=89.36%, 估值=high
2026-04-20T09:55:32:   [沪深300] 完成: price=4752.52, PE=14.4034, PE%=89.36%, temp=60°, src=danjuan-wind
2026-04-20T09:55:32:   [中证500] 蛋卷基金: PE=36.4631, PE百分位=85.52%, 估值=high
2026-04-20T09:55:32:   [中证500] 完成: price=8305.88, PE=36.4631, PE%=85.52%, temp=74°, src=danjuan-wind
2026-04-20T09:55:32:   [中证红利] 蛋卷基金: PE=8.6124, PE百分位=80.68%, 估值=high
2026-04-20T09:55:32:   [中证红利] 完成: price=5704.59, PE=8.6124, PE%=80.68%, temp=29°, src=danjuan-wind
2026-04-20T09:55:32:   [中证红利低波] 蛋卷基金: PE=8.4035, PE百分位=77.92%, 估值=high
2026-04-20T09:55:32:   [中证红利低波] 完成: price=11360.84, PE=8.4035, PE%=77.92%, temp=N/A, src=danjuan-wind
2026-04-20T09:55:32:   [中证消费] 蛋卷基金: PE=19.9003, PE百分位=7.92%, 估值=low
2026-04-20T09:55:32:   [中证消费] 完成: price=14257.36, PE=19.9003, PE%=7.92%, temp=0°, src=danjuan-wind
2026-04-20T09:55:32:   [科创50] 蛋卷基金: PE=159.6906, PE百分位=92.33%, 估值=high
2026-04-20T09:55:32:   [科创50] 完成: price=1442.74, PE=159.6906, PE%=92.33%, temp=N/A, src=danjuan-wind
2026-04-20T09:55:32:   [恒生科技] 开始获取数据...
2026-04-20T09:55:32:   [标普500] 开始获取数据...
2026-04-20T09:55:32:   [纳斯达克100] 开始获取数据...
2026-04-20T09:55:32:   [上证指数] 开始获取数据...
2026-04-20T09:55:32:   [恒生科技] 蛋卷基金: PE=23.1832, PE百分位=33.98%, 估值=high
2026-04-20T09:55:32:   [恒生科技] 完成: price=5066, PE=23.1832, PE%=33.98%, temp=11°, src=danjuan-wind
2026-04-20T09:55:32:   [标普500] 完成: price=7126.06, PE=null, PE%=null%, temp=N/A, src=none
2026-04-20T09:55:32:   [纳斯达克100] 完成: price=24468.48, PE=null, PE%=null%, temp=N/A, src=none
2026-04-20T09:55:32:   [上证指数] 完成: price=4073.95, PE=null, PE%=null%, temp=N/A, src=none
2026-04-20T09:55:32: [数据] ===== 全部完成，耗时 0.9s =====
2026-04-20T09:55:32: [缓存] indices 数据获取完成，耗时 0.9s
2026-04-20T09:55:33: [数据] ===== 开始获取所有指数数据 =====
2026-04-20T09:55:33:   [配置] 核心指数: 沪深300, 中证500, 中证红利, 中证红利低波, 中证消费, 科创50, 恒生科技, 标普500, 纳斯达克100
2026-04-20T09:55:33:   [配置] Dashboard额外: 上证指数
2026-04-20T09:55:33:   [行情] 东方财富批量接口获取 9 条
2026-04-20T09:55:33:   [行情] 东方财富缺失 1 个指数(HSTECH), 用腾讯补漏
2026-04-20T09:55:33:   [行情] 腾讯备用源获取 1 条
2026-04-20T09:55:33:   [行情] 腾讯补漏成功: HSTECH
2026-04-20T09:55:33:   [天天基金] 最近连续失败，暂时跳过重试
2026-04-20T09:55:34:   [沪深300] 开始获取数据...
2026-04-20T09:55:34:   [中证500] 开始获取数据...
2026-04-20T09:55:34:   [中证红利] 开始获取数据...
2026-04-20T09:55:34:   [中证红利低波] 开始获取数据...
2026-04-20T09:55:34:   [中证消费] 开始获取数据...
2026-04-20T09:55:34:   [科创50] 开始获取数据...
2026-04-20T09:55:34:   [沪深300] 蛋卷基金: PE=14.4034, PE百分位=89.36%, 估值=high
2026-04-20T09:55:34:   [沪深300] 完成: price=4752.95, PE=14.4034, PE%=89.36%, temp=60°, src=danjuan-wind
2026-04-20T09:55:34:   [中证500] 蛋卷基金: PE=36.4631, PE百分位=85.52%, 估值=high
2026-04-20T09:55:34:   [中证500] 完成: price=8306.29, PE=36.4631, PE%=85.52%, temp=74°, src=danjuan-wind
2026-04-20T09:55:34:   [中证红利] 蛋卷基金: PE=8.6124, PE百分位=80.68%, 估值=high
2026-04-20T09:55:34:   [中证红利] 完成: price=5704.59, PE=8.6124, PE%=80.68%, temp=29°, src=danjuan-wind
2026-04-20T09:55:34:   [中证红利低波] 蛋卷基金: PE=8.4035, PE百分位=77.92%, 估值=high
2026-04-20T09:55:34:   [中证红利低波] 完成: price=11360.84, PE=8.4035, PE%=77.92%, temp=N/A, src=danjuan-wind
2026-04-20T09:55:34:   [中证消费] 蛋卷基金: PE=19.9003, PE百分位=7.92%, 估值=low
2026-04-20T09:55:34:   [中证消费] 完成: price=14256.29, PE=19.9003, PE%=7.92%, temp=0°, src=danjuan-wind
2026-04-20T09:55:34:   [科创50] 蛋卷基金: PE=159.6906, PE百分位=92.33%, 估值=high
2026-04-20T09:55:34:   [科创50] 完成: price=1443.35, PE=159.6906, PE%=92.33%, temp=N/A, src=danjuan-wind
2026-04-20T09:55:34:   [恒生科技] 开始获取数据...
2026-04-20T09:55:34:   [标普500] 开始获取数据...
2026-04-20T09:55:34:   [纳斯达克100] 开始获取数据...
2026-04-20T09:55:34:   [上证指数] 开始获取数据...
2026-04-20T09:55:34:   [恒生科技] 蛋卷基金: PE=23.1832, PE百分位=33.98%, 估值=high
2026-04-20T09:55:34:   [恒生科技] 完成: price=5066.04, PE=23.1832, PE%=33.98%, temp=11°, src=danjuan-wind
2026-04-20T09:55:34:   [标普500] 完成: price=7126.06, PE=null, PE%=null%, temp=N/A, src=none
2026-04-20T09:55:34:   [纳斯达克100] 完成: price=24468.48, PE=null, PE%=null%, temp=N/A, src=none
2026-04-20T09:55:34:   [上证指数] 完成: price=4074.15, PE=null, PE%=null%, temp=N/A, src=none
2026-04-20T09:55:34: [数据] ===== 全部完成，耗时 0.4s =====
2026-04-20T09:55:34: [缓存] indices 数据获取完成，耗时 0.4s
2026-04-20T09:55:37: [数据] ===== 开始获取所有指数数据 =====
2026-04-20T09:55:37:   [配置] 核心指数: 沪深300, 中证500, 中证红利, 中证红利低波, 中证消费, 科创50, 恒生科技, 标普500, 纳斯达克100
2026-04-20T09:55:37:   [配置] Dashboard额外: 上证指数
2026-04-20T09:55:37:   [行情] 东方财富批量接口获取 9 条
2026-04-20T09:55:37:   [行情] 东方财富缺失 1 个指数(HSTECH), 用腾讯补漏
2026-04-20T09:55:37:   [行情] 腾讯备用源获取 1 条
2026-04-20T09:55:37:   [行情] 腾讯补漏成功: HSTECH
2026-04-20T09:55:37:   [天天基金] 最近连续失败，暂时跳过重试
2026-04-20T09:55:37:   [沪深300] 开始获取数据...
2026-04-20T09:55:37:   [中证500] 开始获取数据...
2026-04-20T09:55:37:   [中证红利] 开始获取数据...
2026-04-20T09:55:37:   [中证红利低波] 开始获取数据...
2026-04-20T09:55:37:   [中证消费] 开始获取数据...
2026-04-20T09:55:37:   [科创50] 开始获取数据...
2026-04-20T09:55:37:   [沪深300] 蛋卷基金: PE=14.4034, PE百分位=89.36%, 估值=high
2026-04-20T09:55:37:   [沪深300] 完成: price=4752.98, PE=14.4034, PE%=89.36%, temp=60°, src=danjuan-wind
2026-04-20T09:55:37:   [中证500] 蛋卷基金: PE=36.4631, PE百分位=85.52%, 估值=high
2026-04-20T09:55:37:   [中证500] 完成: price=8306.07, PE=36.4631, PE%=85.52%, temp=74°, src=danjuan-wind
2026-04-20T09:55:37:   [中证红利] 蛋卷基金: PE=8.6124, PE百分位=80.68%, 估值=high
2026-04-20T09:55:37:   [中证红利] 完成: price=5704.59, PE=8.6124, PE%=80.68%, temp=29°, src=danjuan-wind
2026-04-20T09:55:37:   [中证红利低波] 蛋卷基金: PE=8.4035, PE百分位=77.92%, 估值=high
2026-04-20T09:55:37:   [中证红利低波] 完成: price=11360.84, PE=8.4035, PE%=77.92%, temp=N/A, src=danjuan-wind
2026-04-20T09:55:37:   [中证消费] 蛋卷基金: PE=19.9003, PE百分位=7.92%, 估值=low
2026-04-20T09:55:37:   [中证消费] 完成: price=14255.8, PE=19.9003, PE%=7.92%, temp=0°, src=danjuan-wind
2026-04-20T09:55:37:   [科创50] 蛋卷基金: PE=159.6906, PE百分位=92.33%, 估值=high
2026-04-20T09:55:37:   [科创50] 完成: price=1443.32, PE=159.6906, PE%=92.33%, temp=N/A, src=danjuan-wind
2026-04-20T09:55:37:   [恒生科技] 开始获取数据...
2026-04-20T09:55:37:   [标普500] 开始获取数据...
2026-04-20T09:55:37:   [纳斯达克100] 开始获取数据...
2026-04-20T09:55:37:   [上证指数] 开始获取数据...
2026-04-20T09:55:37:   [恒生科技] 蛋卷基金: PE=23.1832, PE百分位=33.98%, 估值=high
2026-04-20T09:55:37:   [恒生科技] 完成: price=5066.04, PE=23.1832, PE%=33.98%, temp=11°, src=danjuan-wind
2026-04-20T09:55:37:   [标普500] 完成: price=7126.06, PE=null, PE%=null%, temp=N/A, src=none
2026-04-20T09:55:37:   [纳斯达克100] 完成: price=24468.48, PE=null, PE%=null%, temp=N/A, src=none
2026-04-20T09:55:37:   [上证指数] 完成: price=4074.43, PE=null, PE%=null%, temp=N/A, src=none
2026-04-20T09:55:37: [数据] ===== 全部完成，耗时 0.4s =====
2026-04-20T09:55:37: [缓存] indices 数据获取完成，耗时 0.4s
2026-04-20T09:55:37:   [行情] 东方财富批量接口获取 8 条
2026-04-20T09:55:37:   [行情] 东方财富缺失 1 个指数(HSTECH), 用腾讯补漏
2026-04-20T09:55:37:   [行情] 腾讯备用源获取 1 条
2026-04-20T09:55:37:   [行情] 腾讯补漏成功: HSTECH
2026-04-20T09:55:37: [缓存] index-quotes 数据获取完成，耗时 0.0s
2026-04-20T09:55:38: [数据] ===== 开始获取所有指数数据 =====
2026-04-20T09:55:38:   [配置] 核心指数: 沪深300, 中证500, 中证红利, 中证红利低波, 中证消费, 科创50, 恒生科技, 标普500, 纳斯达克100
2026-04-20T09:55:38:   [配置] Dashboard额外: 上证指数
2026-04-20T09:55:38:   [行情] 东方财富批量接口获取 9 条
2026-04-20T09:55:38:   [行情] 东方财富缺失 1 个指数(HSTECH), 用腾讯补漏
2026-04-20T09:55:38:   [行情] 腾讯备用源获取 1 条
2026-04-20T09:55:38:   [行情] 腾讯补漏成功: HSTECH
2026-04-20T09:55:38:   [天天基金] 最近连续失败，暂时跳过重试
2026-04-20T09:55:39:   [沪深300] 开始获取数据...
2026-04-20T09:55:39:   [中证500] 开始获取数据...
2026-04-20T09:55:39:   [中证红利] 开始获取数据...
2026-04-20T09:55:39:   [中证红利低波] 开始获取数据...
2026-04-20T09:55:39:   [中证消费] 开始获取数据...
2026-04-20T09:55:39:   [科创50] 开始获取数据...
2026-04-20T09:55:39:   [沪深300] 蛋卷基金: PE=14.4034, PE百分位=89.36%, 估值=high
2026-04-20T09:55:39:   [沪深300] 完成: price=4752.98, PE=14.4034, PE%=89.36%, temp=60°, src=danjuan-wind
2026-04-20T09:55:39:   [中证500] 蛋卷基金: PE=36.4631, PE百分位=85.52%, 估值=high
2026-04-20T09:55:39:   [中证500] 完成: price=8306.07, PE=36.4631, PE%=85.52%, temp=74°, src=danjuan-wind
2026-04-20T09:55:39:   [中证红利] 蛋卷基金: PE=8.6124, PE百分位=80.68%, 估值=high
2026-04-20T09:55:39:   [中证红利] 完成: price=5705.25, PE=8.6124, PE%=80.68%, temp=29°, src=danjuan-wind
2026-04-20T09:55:39:   [中证红利低波] 蛋卷基金: PE=8.4035, PE百分位=77.92%, 估值=high
2026-04-20T09:55:39:   [中证红利低波] 完成: price=11361.61, PE=8.4035, PE%=77.92%, temp=N/A, src=danjuan-wind
2026-04-20T09:55:39:   [中证消费] 蛋卷基金: PE=19.9003, PE百分位=7.92%, 估值=low
2026-04-20T09:55:39:   [中证消费] 完成: price=14255.8, PE=19.9003, PE%=7.92%, temp=0°, src=danjuan-wind
2026-04-20T09:55:39:   [科创50] 蛋卷基金: PE=159.6906, PE百分位=92.33%, 估值=high
2026-04-20T09:55:39:   [科创50] 完成: price=1443.32, PE=159.6906, PE%=92.33%, temp=N/A, src=danjuan-wind
2026-04-20T09:55:39:   [恒生科技] 开始获取数据...
2026-04-20T09:55:39:   [标普500] 开始获取数据...
2026-04-20T09:55:39:   [纳斯达克100] 开始获取数据...
2026-04-20T09:55:39:   [上证指数] 开始获取数据...
2026-04-20T09:55:39:   [恒生科技] 蛋卷基金: PE=23.1832, PE百分位=33.98%, 估值=high
2026-04-20T09:55:39:   [恒生科技] 完成: price=5066.04, PE=23.1832, PE%=33.98%, temp=11°, src=danjuan-wind
2026-04-20T09:55:39:   [标普500] 完成: price=7126.06, PE=null, PE%=null%, temp=N/A, src=none
2026-04-20T09:55:39:   [纳斯达克100] 完成: price=24468.48, PE=null, PE%=null%, temp=N/A, src=none
2026-04-20T09:55:39:   [上证指数] 完成: price=4074.43, PE=null, PE%=null%, temp=N/A, src=none
2026-04-20T09:55:39: [数据] ===== 全部完成，耗时 0.4s =====
2026-04-20T09:55:39: [缓存] indices 数据获取完成，耗时 0.4s
2026-04-20T09:55:41: [数据] ===== 开始获取所有指数数据 =====
2026-04-20T09:55:41:   [配置] 核心指数: 沪深300, 中证500, 中证红利, 中证红利低波, 中证消费, 科创50, 恒生科技, 标普500, 纳斯达克100
2026-04-20T09:55:41:   [配置] Dashboard额外: 上证指数
2026-04-20T09:55:41:   [行情] 东方财富批量接口获取 9 条
2026-04-20T09:55:41:   [行情] 东方财富缺失 1 个指数(HSTECH), 用腾讯补漏
2026-04-20T09:55:41:   [行情] 腾讯备用源获取 1 条
2026-04-20T09:55:41:   [行情] 腾讯补漏成功: HSTECH
2026-04-20T09:55:41:   [天天基金] 最近连续失败，暂时跳过重试
2026-04-20T09:55:41:   [沪深300] 开始获取数据...
2026-04-20T09:55:41:   [中证500] 开始获取数据...
2026-04-20T09:55:41:   [中证红利] 开始获取数据...
2026-04-20T09:55:41:   [中证红利低波] 开始获取数据...
2026-04-20T09:55:41:   [中证消费] 开始获取数据...
2026-04-20T09:55:41:   [科创50] 开始获取数据...
2026-04-20T09:55:41:   [沪深300] 蛋卷基金: PE=14.4034, PE百分位=89.36%, 估值=high
2026-04-20T09:55:41:   [沪深300] 完成: price=4753.2, PE=14.4034, PE%=89.36%, temp=60°, src=danjuan-wind
2026-04-20T09:55:41:   [中证500] 蛋卷基金: PE=36.4631, PE百分位=85.52%, 估值=high
2026-04-20T09:55:41:   [中证500] 完成: price=8305.98, PE=36.4631, PE%=85.52%, temp=74°, src=danjuan-wind
2026-04-20T09:55:41:   [中证红利] 蛋卷基金: PE=8.6124, PE百分位=80.68%, 估值=high
2026-04-20T09:55:41:   [中证红利] 完成: price=5705.25, PE=8.6124, PE%=80.68%, temp=29°, src=danjuan-wind
2026-04-20T09:55:41:   [中证红利低波] 蛋卷基金: PE=8.4035, PE百分位=77.92%, 估值=high
2026-04-20T09:55:41:   [中证红利低波] 完成: price=11361.61, PE=8.4035, PE%=77.92%, temp=N/A, src=danjuan-wind
2026-04-20T09:55:41:   [中证消费] 蛋卷基金: PE=19.9003, PE百分位=7.92%, 估值=low
2026-04-20T09:55:41:   [中证消费] 完成: price=14254.42, PE=19.9003, PE%=7.92%, temp=0°, src=danjuan-wind
2026-04-20T09:55:41:   [科创50] 蛋卷基金: PE=159.6906, PE百分位=92.33%, 估值=high
2026-04-20T09:55:41:   [科创50] 完成: price=1443.96, PE=159.6906, PE%=92.33%, temp=N/A, src=danjuan-wind
2026-04-20T09:55:41:   [恒生科技] 开始获取数据...
2026-04-20T09:55:41:   [标普500] 开始获取数据...
2026-04-20T09:55:41:   [纳斯达克100] 开始获取数据...
2026-04-20T09:55:41:   [上证指数] 开始获取数据...
2026-04-20T09:55:41:   [恒生科技] 蛋卷基金: PE=23.1832, PE百分位=33.98%, 估值=high
2026-04-20T09:55:41:   [恒生科技] 完成: price=5064.2, PE=23.1832, PE%=33.98%, temp=11°, src=danjuan-wind
2026-04-20T09:55:41:   [标普500] 完成: price=7126.06, PE=null, PE%=null%, temp=N/A, src=none
2026-04-20T09:55:41:   [纳斯达克100] 完成: price=24468.48, PE=null, PE%=null%, temp=N/A, src=none
2026-04-20T09:55:41:   [上证指数] 完成: price=4074.44, PE=null, PE%=null%, temp=N/A, src=none
2026-04-20T09:55:41: [数据] ===== 全部完成，耗时 0.4s =====
2026-04-20T09:55:41: [缓存] indices 数据获取完成，耗时 0.4s
2026-04-20T09:55:43: [数据] ===== 开始获取所有指数数据 =====
2026-04-20T09:55:43:   [配置] 核心指数: 沪深300, 中证500, 中证红利, 中证红利低波, 中证消费, 科创50, 恒生科技, 标普500, 纳斯达克100
2026-04-20T09:55:43:   [配置] Dashboard额外: 上证指数
2026-04-20T09:55:43:   [行情] 东方财富批量接口获取 9 条
2026-04-20T09:55:43:   [行情] 东方财富缺失 1 个指数(HSTECH), 用腾讯补漏
2026-04-20T09:55:43:   [行情] 腾讯备用源获取 1 条
2026-04-20T09:55:43:   [行情] 腾讯补漏成功: HSTECH
2026-04-20T09:55:43:   [天天基金] 最近连续失败，暂时跳过重试
2026-04-20T09:55:43:   [沪深300] 开始获取数据...
2026-04-20T09:55:43:   [中证500] 开始获取数据...
2026-04-20T09:55:43:   [中证红利] 开始获取数据...
2026-04-20T09:55:43:   [中证红利低波] 开始获取数据...
2026-04-20T09:55:43:   [中证消费] 开始获取数据...
2026-04-20T09:55:43:   [科创50] 开始获取数据...
2026-04-20T09:55:43:   [沪深300] 蛋卷基金: PE=14.4034, PE百分位=89.36%, 估值=high
2026-04-20T09:55:43:   [沪深300] 完成: price=4753.23, PE=14.4034, PE%=89.36%, temp=60°, src=danjuan-wind
2026-04-20T09:55:43:   [中证500] 蛋卷基金: PE=36.4631, PE百分位=85.52%, 估值=high
2026-04-20T09:55:43:   [中证500] 完成: price=8305.96, PE=36.4631, PE%=85.52%, temp=74°, src=danjuan-wind
2026-04-20T09:55:43:   [中证红利] 蛋卷基金: PE=8.6124, PE百分位=80.68%, 估值=high
2026-04-20T09:55:43:   [中证红利] 完成: price=5705.29, PE=8.6124, PE%=80.68%, temp=29°, src=danjuan-wind
2026-04-20T09:55:43:   [中证红利低波] 蛋卷基金: PE=8.4035, PE百分位=77.92%, 估值=high
2026-04-20T09:55:43:   [中证红利低波] 完成: price=11363.41, PE=8.4035, PE%=77.92%, temp=N/A, src=danjuan-wind
2026-04-20T09:55:43:   [中证消费] 蛋卷基金: PE=19.9003, PE百分位=7.92%, 估值=low
2026-04-20T09:55:43:   [中证消费] 完成: price=14254.64, PE=19.9003, PE%=7.92%, temp=0°, src=danjuan-wind
2026-04-20T09:55:43:   [科创50] 蛋卷基金: PE=159.6906, PE百分位=92.33%, 估值=high
2026-04-20T09:55:43:   [科创50] 完成: price=1443.76, PE=159.6906, PE%=92.33%, temp=N/A, src=danjuan-wind
2026-04-20T09:55:44:   [恒生科技] 开始获取数据...
2026-04-20T09:55:44:   [标普500] 开始获取数据...
2026-04-20T09:55:44:   [纳斯达克100] 开始获取数据...
2026-04-20T09:55:44:   [上证指数] 开始获取数据...
2026-04-20T09:55:44:   [恒生科技] 蛋卷基金: PE=23.1832, PE百分位=33.98%, 估值=high
2026-04-20T09:55:44:   [恒生科技] 完成: price=5063.05, PE=23.1832, PE%=33.98%, temp=11°, src=danjuan-wind
2026-04-20T09:55:44:   [标普500] 完成: price=7126.06, PE=null, PE%=null%, temp=N/A, src=none
2026-04-20T09:55:44:   [纳斯达克100] 完成: price=24468.48, PE=null, PE%=null%, temp=N/A, src=none
2026-04-20T09:55:44:   [上证指数] 完成: price=4074.57, PE=null, PE%=null%, temp=N/A, src=none
2026-04-20T09:55:44: [数据] ===== 全部完成，耗时 0.3s =====
2026-04-20T09:55:44: [缓存] indices 数据获取完成，耗时 0.3s
2026-04-20T09:55:46: [数据] ===== 开始获取所有指数数据 =====
2026-04-20T09:55:46:   [配置] 核心指数: 沪深300, 中证500, 中证红利, 中证红利低波, 中证消费, 科创50, 恒生科技, 标普500, 纳斯达克100
2026-04-20T09:55:46:   [配置] Dashboard额外: 上证指数
2026-04-20T09:55:46:   [行情] 东方财富批量接口获取 9 条
2026-04-20T09:55:46:   [行情] 东方财富缺失 1 个指数(HSTECH), 用腾讯补漏
2026-04-20T09:55:46:   [行情] 腾讯备用源获取 1 条
2026-04-20T09:55:46:   [行情] 腾讯补漏成功: HSTECH
2026-04-20T09:55:46:   [天天基金] 最近连续失败，暂时跳过重试
2026-04-20T09:55:46:   [沪深300] 开始获取数据...
2026-04-20T09:55:46:   [中证500] 开始获取数据...
2026-04-20T09:55:46:   [中证红利] 开始获取数据...
2026-04-20T09:55:46:   [中证红利低波] 开始获取数据...
2026-04-20T09:55:46:   [中证消费] 开始获取数据...
2026-04-20T09:55:46:   [科创50] 开始获取数据...
2026-04-20T09:55:46:   [沪深300] 蛋卷基金: PE=14.4034, PE百分位=89.36%, 估值=high
2026-04-20T09:55:46:   [沪深300] 完成: price=4753.11, PE=14.4034, PE%=89.36%, temp=60°, src=danjuan-wind
2026-04-20T09:55:46:   [中证500] 蛋卷基金: PE=36.4631, PE百分位=85.52%, 估值=high
2026-04-20T09:55:46:   [中证500] 完成: price=8305.62, PE=36.4631, PE%=85.52%, temp=74°, src=danjuan-wind
2026-04-20T09:55:46:   [中证红利] 蛋卷基金: PE=8.6124, PE百分位=80.68%, 估值=high
2026-04-20T09:55:46:   [中证红利] 完成: price=5705.96, PE=8.6124, PE%=80.68%, temp=29°, src=danjuan-wind
2026-04-20T09:55:46:   [中证红利低波] 蛋卷基金: PE=8.4035, PE百分位=77.92%, 估值=high
2026-04-20T09:55:46:   [中证红利低波] 完成: price=11363.41, PE=8.4035, PE%=77.92%, temp=N/A, src=danjuan-wind
2026-04-20T09:55:46:   [中证消费] 蛋卷基金: PE=19.9003, PE百分位=7.92%, 估值=low
2026-04-20T09:55:46:   [中证消费] 完成: price=14255.56, PE=19.9003, PE%=7.92%, temp=0°, src=danjuan-wind
2026-04-20T09:55:46:   [科创50] 蛋卷基金: PE=159.6906, PE百分位=92.33%, 估值=high
2026-04-20T09:55:46:   [科创50] 完成: price=1443.68, PE=159.6906, PE%=92.33%, temp=N/A, src=danjuan-wind
2026-04-20T09:55:46:   [恒生科技] 开始获取数据...
2026-04-20T09:55:46:   [标普500] 开始获取数据...
2026-04-20T09:55:46:   [纳斯达克100] 开始获取数据...
2026-04-20T09:55:46:   [上证指数] 开始获取数据...
2026-04-20T09:55:46:   [恒生科技] 蛋卷基金: PE=23.1832, PE百分位=33.98%, 估值=high
2026-04-20T09:55:46:   [恒生科技] 完成: price=5062.59, PE=23.1832, PE%=33.98%, temp=11°, src=danjuan-wind
2026-04-20T09:55:46:   [标普500] 完成: price=7126.06, PE=null, PE%=null%, temp=N/A, src=none
2026-04-20T09:55:46:   [纳斯达克100] 完成: price=24468.48, PE=null, PE%=null%, temp=N/A, src=none
2026-04-20T09:55:46:   [上证指数] 完成: price=4074.06, PE=null, PE%=null%, temp=N/A, src=none
2026-04-20T09:55:46: [数据] ===== 全部完成，耗时 0.4s =====
2026-04-20T09:55:46: [缓存] indices 数据获取完成，耗时 0.4s
2026-04-20T09:55:48: [数据] ===== 开始获取所有指数数据 =====
2026-04-20T09:55:48:   [配置] 核心指数: 沪深300, 中证500, 中证红利, 中证红利低波, 中证消费, 科创50, 恒生科技, 标普500, 纳斯达克100
2026-04-20T09:55:48:   [配置] Dashboard额外: 上证指数
2026-04-20T09:55:48:   [行情] 东方财富批量接口获取 9 条
2026-04-20T09:55:48:   [行情] 东方财富缺失 1 个指数(HSTECH), 用腾讯补漏
2026-04-20T09:55:48:   [行情] 腾讯备用源获取 1 条
2026-04-20T09:55:48:   [行情] 腾讯补漏成功: HSTECH
2026-04-20T09:55:48:   [天天基金] 最近连续失败，暂时跳过重试
2026-04-20T09:55:48:   [沪深300] 开始获取数据...
2026-04-20T09:55:48:   [中证500] 开始获取数据...
2026-04-20T09:55:48:   [中证红利] 开始获取数据...
2026-04-20T09:55:48:   [中证红利低波] 开始获取数据...
2026-04-20T09:55:48:   [中证消费] 开始获取数据...
2026-04-20T09:55:48:   [科创50] 开始获取数据...
2026-04-20T09:55:48:   [沪深300] 蛋卷基金: PE=14.4034, PE百分位=89.36%, 估值=high
2026-04-20T09:55:48:   [沪深300] 完成: price=4753.11, PE=14.4034, PE%=89.36%, temp=60°, src=danjuan-wind
2026-04-20T09:55:48:   [中证500] 蛋卷基金: PE=36.4631, PE百分位=85.52%, 估值=high
2026-04-20T09:55:48:   [中证500] 完成: price=8305.62, PE=36.4631, PE%=85.52%, temp=74°, src=danjuan-wind
2026-04-20T09:55:48:   [中证红利] 蛋卷基金: PE=8.6124, PE百分位=80.68%, 估值=high
2026-04-20T09:55:48:   [中证红利] 完成: price=5705.96, PE=8.6124, PE%=80.68%, temp=29°, src=danjuan-wind
2026-04-20T09:55:48:   [中证红利低波] 蛋卷基金: PE=8.4035, PE百分位=77.92%, 估值=high
2026-04-20T09:55:48:   [中证红利低波] 完成: price=11363.71, PE=8.4035, PE%=77.92%, temp=N/A, src=danjuan-wind
2026-04-20T09:55:48:   [中证消费] 蛋卷基金: PE=19.9003, PE百分位=7.92%, 估值=low
2026-04-20T09:55:48:   [中证消费] 完成: price=14255.56, PE=19.9003, PE%=7.92%, temp=0°, src=danjuan-wind
2026-04-20T09:55:48:   [科创50] 蛋卷基金: PE=159.6906, PE百分位=92.33%, 估值=high
2026-04-20T09:55:48:   [科创50] 完成: price=1443.68, PE=159.6906, PE%=92.33%, temp=N/A, src=danjuan-wind
2026-04-20T09:55:48:   [恒生科技] 开始获取数据...
2026-04-20T09:55:48:   [标普500] 开始获取数据...
2026-04-20T09:55:48:   [纳斯达克100] 开始获取数据...
2026-04-20T09:55:48:   [上证指数] 开始获取数据...
2026-04-20T09:55:48:   [恒生科技] 蛋卷基金: PE=23.1832, PE百分位=33.98%, 估值=high
2026-04-20T09:55:48:   [恒生科技] 完成: price=5063.33, PE=23.1832, PE%=33.98%, temp=11°, src=danjuan-wind
2026-04-20T09:55:48:   [标普500] 完成: price=7126.06, PE=null, PE%=null%, temp=N/A, src=none
2026-04-20T09:55:48:   [纳斯达克100] 完成: price=24468.48, PE=null, PE%=null%, temp=N/A, src=none
2026-04-20T09:55:48:   [上证指数] 完成: price=4074.06, PE=null, PE%=null%, temp=N/A, src=none
2026-04-20T09:55:48: [数据] ===== 全部完成，耗时 0.6s =====
2026-04-20T09:55:48: [缓存] indices 数据获取完成，耗时 0.6s
2026-04-20T09:55:51: [数据] ===== 开始获取所有指数数据 =====
2026-04-20T09:55:51:   [配置] 核心指数: 沪深300, 中证500, 中证红利, 中证红利低波, 中证消费, 科创50, 恒生科技, 标普500, 纳斯达克100
2026-04-20T09:55:51:   [配置] Dashboard额外: 上证指数
2026-04-20T09:55:51:   [行情] 东方财富批量接口获取 9 条
2026-04-20T09:55:51:   [行情] 东方财富缺失 1 个指数(HSTECH), 用腾讯补漏
2026-04-20T09:55:51:   [行情] 腾讯备用源获取 1 条
2026-04-20T09:55:51:   [行情] 腾讯补漏成功: HSTECH
2026-04-20T09:55:51:   [天天基金] 最近连续失败，暂时跳过重试
2026-04-20T09:55:51:   [沪深300] 开始获取数据...
2026-04-20T09:55:51:   [中证500] 开始获取数据...
2026-04-20T09:55:51:   [中证红利] 开始获取数据...
2026-04-20T09:55:51:   [中证红利低波] 开始获取数据...
2026-04-20T09:55:51:   [中证消费] 开始获取数据...
2026-04-20T09:55:51:   [科创50] 开始获取数据...
2026-04-20T09:55:51:   [沪深300] 蛋卷基金: PE=14.4034, PE百分位=89.36%, 估值=high
2026-04-20T09:55:51:   [沪深300] 完成: price=4753.61, PE=14.4034, PE%=89.36%, temp=60°, src=danjuan-wind
2026-04-20T09:55:51:   [中证500] 蛋卷基金: PE=36.4631, PE百分位=85.52%, 估值=high
2026-04-20T09:55:51:   [中证500] 完成: price=8304.6, PE=36.4631, PE%=85.52%, temp=74°, src=danjuan-wind
2026-04-20T09:55:51:   [中证红利] 蛋卷基金: PE=8.6124, PE百分位=80.68%, 估值=high
2026-04-20T09:55:51:   [中证红利] 完成: price=5704.78, PE=8.6124, PE%=80.68%, temp=29°, src=danjuan-wind
2026-04-20T09:55:51:   [中证红利低波] 蛋卷基金: PE=8.4035, PE百分位=77.92%, 估值=high
2026-04-20T09:55:51:   [中证红利低波] 完成: price=11360.95, PE=8.4035, PE%=77.92%, temp=N/A, src=danjuan-wind
2026-04-20T09:55:51:   [中证消费] 蛋卷基金: PE=19.9003, PE百分位=7.92%, 估值=low
2026-04-20T09:55:51:   [中证消费] 完成: price=14254.65, PE=19.9003, PE%=7.92%, temp=0°, src=danjuan-wind
2026-04-20T09:55:51:   [科创50] 蛋卷基金: PE=159.6906, PE百分位=92.33%, 估值=high
2026-04-20T09:55:51:   [科创50] 完成: price=1443.95, PE=159.6906, PE%=92.33%, temp=N/A, src=danjuan-wind
2026-04-20T09:55:52:   [恒生科技] 开始获取数据...
2026-04-20T09:55:52:   [标普500] 开始获取数据...
2026-04-20T09:55:52:   [纳斯达克100] 开始获取数据...
2026-04-20T09:55:52:   [上证指数] 开始获取数据...
2026-04-20T09:55:52:   [恒生科技] 蛋卷基金: PE=23.1832, PE百分位=33.98%, 估值=high
2026-04-20T09:55:52:   [恒生科技] 完成: price=5062.87, PE=23.1832, PE%=33.98%, temp=11°, src=danjuan-wind
2026-04-20T09:55:52:   [标普500] 完成: price=7126.06, PE=null, PE%=null%, temp=N/A, src=none
2026-04-20T09:55:52:   [纳斯达克100] 完成: price=24468.48, PE=null, PE%=null%, temp=N/A, src=none
2026-04-20T09:55:52:   [上证指数] 完成: price=4074.57, PE=null, PE%=null%, temp=N/A, src=none
2026-04-20T09:55:52: [数据] ===== 全部完成，耗时 0.5s =====
2026-04-20T09:55:52: [缓存] indices 数据获取完成，耗时 0.5s
2026-04-20T09:55:55: [数据] ===== 开始获取所有指数数据 =====
2026-04-20T09:55:55:   [配置] 核心指数: 沪深300, 中证500, 中证红利, 中证红利低波, 中证消费, 科创50, 恒生科技, 标普500, 纳斯达克100
2026-04-20T09:55:55:   [配置] Dashboard额外: 上证指数
2026-04-20T09:55:55:   [行情] 东方财富批量接口获取 9 条
2026-04-20T09:55:55:   [行情] 东方财富缺失 1 个指数(HSTECH), 用腾讯补漏
2026-04-20T09:55:55:   [行情] 腾讯备用源获取 1 条
2026-04-20T09:55:55:   [行情] 腾讯补漏成功: HSTECH
2026-04-20T09:55:55:   [天天基金] 最近连续失败，暂时跳过重试
2026-04-20T09:55:55:   [沪深300] 开始获取数据...
2026-04-20T09:55:55:   [中证500] 开始获取数据...
2026-04-20T09:55:55:   [中证红利] 开始获取数据...
2026-04-20T09:55:55:   [中证红利低波] 开始获取数据...
2026-04-20T09:55:55:   [中证消费] 开始获取数据...
2026-04-20T09:55:55:   [科创50] 开始获取数据...
2026-04-20T09:55:55:   [沪深300] 蛋卷基金: PE=14.4034, PE百分位=89.36%, 估值=high
2026-04-20T09:55:55:   [沪深300] 完成: price=4753.47, PE=14.4034, PE%=89.36%, temp=60°, src=danjuan-wind
2026-04-20T09:55:55:   [中证500] 蛋卷基金: PE=36.4631, PE百分位=85.52%, 估值=high
2026-04-20T09:55:55:   [中证500] 完成: price=8304.01, PE=36.4631, PE%=85.52%, temp=74°, src=danjuan-wind
2026-04-20T09:55:55:   [中证红利] 蛋卷基金: PE=8.6124, PE百分位=80.68%, 估值=high
2026-04-20T09:55:55:   [中证红利] 完成: price=5704.78, PE=8.6124, PE%=80.68%, temp=29°, src=danjuan-wind
2026-04-20T09:55:55:   [中证红利低波] 蛋卷基金: PE=8.4035, PE百分位=77.92%, 估值=high
2026-04-20T09:55:55:   [中证红利低波] 完成: price=11360.95, PE=8.4035, PE%=77.92%, temp=N/A, src=danjuan-wind
2026-04-20T09:55:55:   [中证消费] 蛋卷基金: PE=19.9003, PE百分位=7.92%, 估值=low
2026-04-20T09:55:55:   [中证消费] 完成: price=14254.76, PE=19.9003, PE%=7.92%, temp=0°, src=danjuan-wind
2026-04-20T09:55:55:   [科创50] 蛋卷基金: PE=159.6906, PE百分位=92.33%, 估值=high
2026-04-20T09:55:55:   [科创50] 完成: price=1443.95, PE=159.6906, PE%=92.33%, temp=N/A, src=danjuan-wind
2026-04-20T09:55:55:   [恒生科技] 开始获取数据...
2026-04-20T09:55:55:   [标普500] 开始获取数据...
2026-04-20T09:55:55:   [纳斯达克100] 开始获取数据...
2026-04-20T09:55:55:   [上证指数] 开始获取数据...
2026-04-20T09:55:55:   [恒生科技] 蛋卷基金: PE=23.1832, PE百分位=33.98%, 估值=high
2026-04-20T09:55:55:   [恒生科技] 完成: price=5061.77, PE=23.1832, PE%=33.98%, temp=11°, src=danjuan-wind
2026-04-20T09:55:55:   [标普500] 完成: price=7126.06, PE=null, PE%=null%, temp=N/A, src=none
2026-04-20T09:55:55:   [纳斯达克100] 完成: price=24468.48, PE=null, PE%=null%, temp=N/A, src=none
2026-04-20T09:55:55:   [上证指数] 完成: price=4073.8, PE=null, PE%=null%, temp=N/A, src=none
2026-04-20T09:55:55: [数据] ===== 全部完成，耗时 0.7s =====
2026-04-20T09:55:55: [缓存] indices 数据获取完成，耗时 0.7s
2026-04-20T09:55:57: [数据] ===== 开始获取所有指数数据 =====
2026-04-20T09:55:57:   [配置] 核心指数: 沪深300, 中证500, 中证红利, 中证红利低波, 中证消费, 科创50, 恒生科技, 标普500, 纳斯达克100
2026-04-20T09:55:57:   [配置] Dashboard额外: 上证指数
2026-04-20T09:55:57:   [行情] 东方财富批量接口获取 9 条
2026-04-20T09:55:57:   [行情] 东方财富缺失 1 个指数(HSTECH), 用腾讯补漏
2026-04-20T09:55:57:   [行情] 腾讯备用源获取 1 条
2026-04-20T09:55:57:   [行情] 腾讯补漏成功: HSTECH
2026-04-20T09:55:57:   [天天基金] 最近连续失败，暂时跳过重试
2026-04-20T09:55:57:   [沪深300] 开始获取数据...
2026-04-20T09:55:57:   [中证500] 开始获取数据...
2026-04-20T09:55:57:   [中证红利] 开始获取数据...
2026-04-20T09:55:57:   [中证红利低波] 开始获取数据...
2026-04-20T09:55:57:   [中证消费] 开始获取数据...
2026-04-20T09:55:57:   [科创50] 开始获取数据...
2026-04-20T09:55:57:   [沪深300] 蛋卷基金: PE=14.4034, PE百分位=89.36%, 估值=high
2026-04-20T09:55:57:   [沪深300] 完成: price=4753.44, PE=14.4034, PE%=89.36%, temp=60°, src=danjuan-wind
2026-04-20T09:55:57:   [中证500] 蛋卷基金: PE=36.4631, PE百分位=85.52%, 估值=high
2026-04-20T09:55:57:   [中证500] 完成: price=8303.48, PE=36.4631, PE%=85.52%, temp=74°, src=danjuan-wind
2026-04-20T09:55:57:   [中证红利] 蛋卷基金: PE=8.6124, PE百分位=80.68%, 估值=high
2026-04-20T09:55:57:   [中证红利] 完成: price=5704.78, PE=8.6124, PE%=80.68%, temp=29°, src=danjuan-wind
2026-04-20T09:55:57:   [中证红利低波] 蛋卷基金: PE=8.4035, PE百分位=77.92%, 估值=high
2026-04-20T09:55:57:   [中证红利低波] 完成: price=11360.95, PE=8.4035, PE%=77.92%, temp=N/A, src=danjuan-wind
2026-04-20T09:55:57:   [中证消费] 蛋卷基金: PE=19.9003, PE百分位=7.92%, 估值=low
2026-04-20T09:55:57:   [中证消费] 完成: price=14254.36, PE=19.9003, PE%=7.92%, temp=0°, src=danjuan-wind
2026-04-20T09:55:57:   [科创50] 蛋卷基金: PE=159.6906, PE百分位=92.33%, 估值=high
2026-04-20T09:55:57:   [科创50] 完成: price=1443.51, PE=159.6906, PE%=92.33%, temp=N/A, src=danjuan-wind
2026-04-20T09:55:57:   [恒生科技] 开始获取数据...
2026-04-20T09:55:57:   [标普500] 开始获取数据...
2026-04-20T09:55:57:   [纳斯达克100] 开始获取数据...
2026-04-20T09:55:57:   [上证指数] 开始获取数据...
2026-04-20T09:55:57:   [恒生科技] 蛋卷基金: PE=23.1832, PE百分位=33.98%, 估值=high
2026-04-20T09:55:57:   [恒生科技] 完成: price=5060.17, PE=23.1832, PE%=33.98%, temp=11°, src=danjuan-wind
2026-04-20T09:55:57:   [标普500] 完成: price=7126.06, PE=null, PE%=null%, temp=N/A, src=none
2026-04-20T09:55:57:   [纳斯达克100] 完成: price=24468.48, PE=null, PE%=null%, temp=N/A, src=none
2026-04-20T09:55:57:   [上证指数] 完成: price=4074.06, PE=null, PE%=null%, temp=N/A, src=none
2026-04-20T09:55:57: [数据] ===== 全部完成，耗时 0.3s =====
2026-04-20T09:55:57: [缓存] indices 数据获取完成，耗时 0.3s
2026-04-20T09:55:59: [数据] ===== 开始获取所有指数数据 =====
2026-04-20T09:55:59:   [配置] 核心指数: 沪深300, 中证500, 中证红利, 中证红利低波, 中证消费, 科创50, 恒生科技, 标普500, 纳斯达克100
2026-04-20T09:55:59:   [配置] Dashboard额外: 上证指数
2026-04-20T09:55:59:   [行情] 东方财富批量接口获取 9 条
2026-04-20T09:55:59:   [行情] 东方财富缺失 1 个指数(HSTECH), 用腾讯补漏
2026-04-20T09:55:59:   [行情] 腾讯备用源获取 1 条
2026-04-20T09:55:59:   [行情] 腾讯补漏成功: HSTECH
2026-04-20T09:55:59:   [天天基金] 最近连续失败，暂时跳过重试
2026-04-20T09:55:59:   [沪深300] 开始获取数据...
2026-04-20T09:55:59:   [中证500] 开始获取数据...
2026-04-20T09:55:59:   [中证红利] 开始获取数据...
2026-04-20T09:55:59:   [中证红利低波] 开始获取数据...
2026-04-20T09:55:59:   [中证消费] 开始获取数据...
2026-04-20T09:55:59:   [科创50] 开始获取数据...
2026-04-20T09:55:59:   [沪深300] 蛋卷基金: PE=14.4034, PE百分位=89.36%, 估值=high
2026-04-20T09:55:59:   [沪深300] 完成: price=4753.44, PE=14.4034, PE%=89.36%, temp=60°, src=danjuan-wind
2026-04-20T09:55:59:   [中证500] 蛋卷基金: PE=36.4631, PE百分位=85.52%, 估值=high
2026-04-20T09:55:59:   [中证500] 完成: price=8303.48, PE=36.4631, PE%=85.52%, temp=74°, src=danjuan-wind
2026-04-20T09:55:59:   [中证红利] 蛋卷基金: PE=8.6124, PE百分位=80.68%, 估值=high
2026-04-20T09:55:59:   [中证红利] 完成: price=5703.69, PE=8.6124, PE%=80.68%, temp=29°, src=danjuan-wind
2026-04-20T09:55:59:   [中证红利低波] 蛋卷基金: PE=8.4035, PE百分位=77.92%, 估值=high
2026-04-20T09:55:59:   [中证红利低波] 完成: price=11359.72, PE=8.4035, PE%=77.92%, temp=N/A, src=danjuan-wind
2026-04-20T09:55:59:   [中证消费] 蛋卷基金: PE=19.9003, PE百分位=7.92%, 估值=low
2026-04-20T09:55:59:   [中证消费] 完成: price=14254.36, PE=19.9003, PE%=7.92%, temp=0°, src=danjuan-wind
2026-04-20T09:55:59:   [科创50] 蛋卷基金: PE=159.6906, PE百分位=92.33%, 估值=high
2026-04-20T09:55:59:   [科创50] 完成: price=1443.51, PE=159.6906, PE%=92.33%, temp=N/A, src=danjuan-wind
2026-04-20T09:56:00:   [恒生科技] 开始获取数据...
2026-04-20T09:56:00:   [标普500] 开始获取数据...
2026-04-20T09:56:00:   [纳斯达克100] 开始获取数据...
2026-04-20T09:56:00:   [上证指数] 开始获取数据...
2026-04-20T09:56:00:   [恒生科技] 蛋卷基金: PE=23.1832, PE百分位=33.98%, 估值=high
2026-04-20T09:56:00:   [恒生科技] 完成: price=5057.8, PE=23.1832, PE%=33.98%, temp=11°, src=danjuan-wind
2026-04-20T09:56:00:   [标普500] 完成: price=7126.06, PE=null, PE%=null%, temp=N/A, src=none
2026-04-20T09:56:00:   [纳斯达克100] 完成: price=24468.48, PE=null, PE%=null%, temp=N/A, src=none
2026-04-20T09:56:00:   [上证指数] 完成: price=4074.06, PE=null, PE%=null%, temp=N/A, src=none
2026-04-20T09:56:00: [数据] ===== 全部完成，耗时 0.9s =====
2026-04-20T09:56:00: [缓存] indices 数据获取完成，耗时 0.9s
2026-04-20T09:56:01: [数据] ===== 开始获取所有指数数据 =====
2026-04-20T09:56:01:   [配置] 核心指数: 沪深300, 中证500, 中证红利, 中证红利低波, 中证消费, 科创50, 恒生科技, 标普500, 纳斯达克100
2026-04-20T09:56:01:   [配置] Dashboard额外: 上证指数
2026-04-20T09:56:01:   [行情] 东方财富批量接口获取 9 条
2026-04-20T09:56:01:   [行情] 东方财富缺失 1 个指数(HSTECH), 用腾讯补漏
2026-04-20T09:56:01:   [行情] 腾讯备用源获取 1 条
2026-04-20T09:56:01:   [行情] 腾讯补漏成功: HSTECH
2026-04-20T09:56:01:   [天天基金] 最近连续失败，暂时跳过重试
2026-04-20T09:56:02:   [沪深300] 开始获取数据...
2026-04-20T09:56:02:   [中证500] 开始获取数据...
2026-04-20T09:56:02:   [中证红利] 开始获取数据...
2026-04-20T09:56:02:   [中证红利低波] 开始获取数据...
2026-04-20T09:56:02:   [中证消费] 开始获取数据...
2026-04-20T09:56:02:   [科创50] 开始获取数据...
2026-04-20T09:56:02:   [沪深300] 蛋卷基金: PE=14.4034, PE百分位=89.36%, 估值=high
2026-04-20T09:56:02:   [沪深300] 完成: price=4754.22, PE=14.4034, PE%=89.36%, temp=60°, src=danjuan-wind
2026-04-20T09:56:02:   [中证500] 蛋卷基金: PE=36.4631, PE百分位=85.52%, 估值=high
2026-04-20T09:56:02:   [中证500] 完成: price=8303.2, PE=36.4631, PE%=85.52%, temp=74°, src=danjuan-wind
2026-04-20T09:56:02:   [中证红利] 蛋卷基金: PE=8.6124, PE百分位=80.68%, 估值=high
2026-04-20T09:56:02:   [中证红利] 完成: price=5702.95, PE=8.6124, PE%=80.68%, temp=29°, src=danjuan-wind
2026-04-20T09:56:02:   [中证红利低波] 蛋卷基金: PE=8.4035, PE百分位=77.92%, 估值=high
2026-04-20T09:56:02:   [中证红利低波] 完成: price=11359.72, PE=8.4035, PE%=77.92%, temp=N/A, src=danjuan-wind
2026-04-20T09:56:02:   [中证消费] 蛋卷基金: PE=19.9003, PE百分位=7.92%, 估值=low
2026-04-20T09:56:02:   [中证消费] 完成: price=14255.43, PE=19.9003, PE%=7.92%, temp=0°, src=danjuan-wind
2026-04-20T09:56:02:   [科创50] 蛋卷基金: PE=159.6906, PE百分位=92.33%, 估值=high
2026-04-20T09:56:02:   [科创50] 完成: price=1443.73, PE=159.6906, PE%=92.33%, temp=N/A, src=danjuan-wind
2026-04-20T09:56:02:   [恒生科技] 开始获取数据...
2026-04-20T09:56:02:   [标普500] 开始获取数据...
2026-04-20T09:56:02:   [纳斯达克100] 开始获取数据...
2026-04-20T09:56:02:   [上证指数] 开始获取数据...
2026-04-20T09:56:02:   [恒生科技] 蛋卷基金: PE=23.1832, PE百分位=33.98%, 估值=high
2026-04-20T09:56:02:   [恒生科技] 完成: price=5057.77, PE=23.1832, PE%=33.98%, temp=11°, src=danjuan-wind
2026-04-20T09:56:02:   [标普500] 完成: price=7126.06, PE=null, PE%=null%, temp=N/A, src=none
2026-04-20T09:56:02:   [纳斯达克100] 完成: price=24468.48, PE=null, PE%=null%, temp=N/A, src=none
2026-04-20T09:56:02:   [上证指数] 完成: price=4074.29, PE=null, PE%=null%, temp=N/A, src=none
2026-04-20T09:56:02: [数据] ===== 全部完成，耗时 0.3s =====
2026-04-20T09:56:02: [缓存] indices 数据获取完成，耗时 0.3s
2026-04-20T09:56:04: [数据] ===== 开始获取所有指数数据 =====
2026-04-20T09:56:04:   [配置] 核心指数: 沪深300, 中证500, 中证红利, 中证红利低波, 中证消费, 科创50, 恒生科技, 标普500, 纳斯达克100
2026-04-20T09:56:04:   [配置] Dashboard额外: 上证指数
2026-04-20T09:56:04:   [行情] 东方财富批量接口获取 9 条
2026-04-20T09:56:04:   [行情] 东方财富缺失 1 个指数(HSTECH), 用腾讯补漏
2026-04-20T09:56:04:   [行情] 腾讯备用源获取 1 条
2026-04-20T09:56:04:   [行情] 腾讯补漏成功: HSTECH
2026-04-20T09:56:04:   [天天基金] 最近连续失败，暂时跳过重试
2026-04-20T09:56:04:   [沪深300] 开始获取数据...
2026-04-20T09:56:04:   [中证500] 开始获取数据...
2026-04-20T09:56:04:   [中证红利] 开始获取数据...
2026-04-20T09:56:04:   [中证红利低波] 开始获取数据...
2026-04-20T09:56:04:   [中证消费] 开始获取数据...
2026-04-20T09:56:04:   [科创50] 开始获取数据...
2026-04-20T09:56:04:   [沪深300] 蛋卷基金: PE=14.4034, PE百分位=89.36%, 估值=high
2026-04-20T09:56:04:   [沪深300] 完成: price=4754.08, PE=14.4034, PE%=89.36%, temp=60°, src=danjuan-wind
2026-04-20T09:56:04:   [中证500] 蛋卷基金: PE=36.4631, PE百分位=85.52%, 估值=high
2026-04-20T09:56:04:   [中证500] 完成: price=8302.85, PE=36.4631, PE%=85.52%, temp=74°, src=danjuan-wind
2026-04-20T09:56:04:   [中证红利] 蛋卷基金: PE=8.6124, PE百分位=80.68%, 估值=high
2026-04-20T09:56:04:   [中证红利] 完成: price=5702.95, PE=8.6124, PE%=80.68%, temp=29°, src=danjuan-wind
2026-04-20T09:56:04:   [中证红利低波] 蛋卷基金: PE=8.4035, PE百分位=77.92%, 估值=high
2026-04-20T09:56:04:   [中证红利低波] 完成: price=11360.14, PE=8.4035, PE%=77.92%, temp=N/A, src=danjuan-wind
2026-04-20T09:56:04:   [中证消费] 蛋卷基金: PE=19.9003, PE百分位=7.92%, 估值=low
2026-04-20T09:56:04:   [中证消费] 完成: price=14256.47, PE=19.9003, PE%=7.92%, temp=0°, src=danjuan-wind
2026-04-20T09:56:04:   [科创50] 蛋卷基金: PE=159.6906, PE百分位=92.33%, 估值=high
2026-04-20T09:56:04:   [科创50] 完成: price=1444.3, PE=159.6906, PE%=92.33%, temp=N/A, src=danjuan-wind
2026-04-20T09:56:04:   [恒生科技] 开始获取数据...
2026-04-20T09:56:04:   [标普500] 开始获取数据...
2026-04-20T09:56:04:   [纳斯达克100] 开始获取数据...
2026-04-20T09:56:04:   [上证指数] 开始获取数据...
2026-04-20T09:56:04:   [恒生科技] 蛋卷基金: PE=23.1832, PE百分位=33.98%, 估值=high
2026-04-20T09:56:04:   [恒生科技] 完成: price=5057.77, PE=23.1832, PE%=33.98%, temp=11°, src=danjuan-wind
2026-04-20T09:56:04:   [标普500] 完成: price=7126.06, PE=null, PE%=null%, temp=N/A, src=none
2026-04-20T09:56:04:   [纳斯达克100] 完成: price=24468.48, PE=null, PE%=null%, temp=N/A, src=none
2026-04-20T09:56:04:   [上证指数] 完成: price=4074.25, PE=null, PE%=null%, temp=N/A, src=none
2026-04-20T09:56:04: [数据] ===== 全部完成，耗时 0.4s =====
2026-04-20T09:56:04: [缓存] indices 数据获取完成，耗时 0.4s
2026-04-20T09:56:07: [数据] ===== 开始获取所有指数数据 =====
2026-04-20T09:56:07:   [配置] 核心指数: 沪深300, 中证500, 中证红利, 中证红利低波, 中证消费, 科创50, 恒生科技, 标普500, 纳斯达克100
2026-04-20T09:56:07:   [配置] Dashboard额外: 上证指数
2026-04-20T09:56:07:   [行情] 东方财富批量接口获取 9 条
2026-04-20T09:56:07:   [行情] 东方财富缺失 1 个指数(HSTECH), 用腾讯补漏
2026-04-20T09:56:07:   [行情] 腾讯备用源获取 1 条
2026-04-20T09:56:07:   [行情] 腾讯补漏成功: HSTECH
2026-04-20T09:56:07:   [天天基金] 最近连续失败，暂时跳过重试
2026-04-20T09:56:07:   [沪深300] 开始获取数据...
2026-04-20T09:56:07:   [中证500] 开始获取数据...
2026-04-20T09:56:07:   [中证红利] 开始获取数据...
2026-04-20T09:56:07:   [中证红利低波] 开始获取数据...
2026-04-20T09:56:07:   [中证消费] 开始获取数据...
2026-04-20T09:56:07:   [科创50] 开始获取数据...
2026-04-20T09:56:07:   [沪深300] 蛋卷基金: PE=14.4034, PE百分位=89.36%, 估值=high
2026-04-20T09:56:07:   [沪深300] 完成: price=4753.34, PE=14.4034, PE%=89.36%, temp=60°, src=danjuan-wind
2026-04-20T09:56:07:   [中证500] 蛋卷基金: PE=36.4631, PE百分位=85.52%, 估值=high
2026-04-20T09:56:07:   [中证500] 完成: price=8302.42, PE=36.4631, PE%=85.52%, temp=74°, src=danjuan-wind
2026-04-20T09:56:07:   [中证红利] 蛋卷基金: PE=8.6124, PE百分位=80.68%, 估值=high
2026-04-20T09:56:07:   [中证红利] 完成: price=5702.94, PE=8.6124, PE%=80.68%, temp=29°, src=danjuan-wind
2026-04-20T09:56:07:   [中证红利低波] 蛋卷基金: PE=8.4035, PE百分位=77.92%, 估值=high
2026-04-20T09:56:07:   [中证红利低波] 完成: price=11359.16, PE=8.4035, PE%=77.92%, temp=N/A, src=danjuan-wind
2026-04-20T09:56:07:   [中证消费] 蛋卷基金: PE=19.9003, PE百分位=7.92%, 估值=low
2026-04-20T09:56:07:   [中证消费] 完成: price=14257.81, PE=19.9003, PE%=7.92%, temp=0°, src=danjuan-wind
2026-04-20T09:56:07:   [科创50] 蛋卷基金: PE=159.6906, PE百分位=92.33%, 估值=high
2026-04-20T09:56:07:   [科创50] 完成: price=1443.6, PE=159.6906, PE%=92.33%, temp=N/A, src=danjuan-wind
2026-04-20T09:56:08:   [恒生科技] 开始获取数据...
2026-04-20T09:56:08:   [标普500] 开始获取数据...
2026-04-20T09:56:08:   [纳斯达克100] 开始获取数据...
2026-04-20T09:56:08:   [上证指数] 开始获取数据...
2026-04-20T09:56:08:   [恒生科技] 蛋卷基金: PE=23.1832, PE百分位=33.98%, 估值=high
2026-04-20T09:56:08:   [恒生科技] 完成: price=5057.77, PE=23.1832, PE%=33.98%, temp=11°, src=danjuan-wind
2026-04-20T09:56:08:   [标普500] 完成: price=7126.06, PE=null, PE%=null%, temp=N/A, src=none
2026-04-20T09:56:08:   [纳斯达克100] 完成: price=24468.48, PE=null, PE%=null%, temp=N/A, src=none
2026-04-20T09:56:08:   [上证指数] 完成: price=4074.06, PE=null, PE%=null%, temp=N/A, src=none
2026-04-20T09:56:08: [数据] ===== 全部完成，耗时 0.6s =====
2026-04-20T09:56:08: [缓存] indices 数据获取完成，耗时 0.6s
2026-04-20T09:56:08:   [行情] 东方财富批量接口获取 8 条
2026-04-20T09:56:08:   [行情] 东方财富缺失 1 个指数(HSTECH), 用腾讯补漏
2026-04-20T09:56:08:   [行情] 腾讯备用源获取 1 条
2026-04-20T09:56:08:   [行情] 腾讯补漏成功: HSTECH
2026-04-20T09:56:08: [缓存] index-quotes 数据获取完成，耗时 0.0s
2026-04-20T09:56:09: [数据] ===== 开始获取所有指数数据 =====
2026-04-20T09:56:09:   [配置] 核心指数: 沪深300, 中证500, 中证红利, 中证红利低波, 中证消费, 科创50, 恒生科技, 标普500, 纳斯达克100
2026-04-20T09:56:09:   [配置] Dashboard额外: 上证指数
2026-04-20T09:56:09:   [行情] 东方财富批量接口获取 9 条
2026-04-20T09:56:09:   [行情] 东方财富缺失 1 个指数(HSTECH), 用腾讯补漏
2026-04-20T09:56:09:   [行情] 腾讯备用源获取 1 条
2026-04-20T09:56:09:   [行情] 腾讯补漏成功: HSTECH
2026-04-20T09:56:09:   [天天基金] 最近连续失败，暂时跳过重试
2026-04-20T09:56:09:   [沪深300] 开始获取数据...
2026-04-20T09:56:09:   [中证500] 开始获取数据...
2026-04-20T09:56:09:   [中证红利] 开始获取数据...
2026-04-20T09:56:09:   [中证红利低波] 开始获取数据...
2026-04-20T09:56:09:   [中证消费] 开始获取数据...
2026-04-20T09:56:09:   [科创50] 开始获取数据...
2026-04-20T09:56:09:   [沪深300] 蛋卷基金: PE=14.4034, PE百分位=89.36%, 估值=high
2026-04-20T09:56:09:   [沪深300] 完成: price=4753.34, PE=14.4034, PE%=89.36%, temp=60°, src=danjuan-wind
2026-04-20T09:56:09:   [中证500] 蛋卷基金: PE=36.4631, PE百分位=85.52%, 估值=high
2026-04-20T09:56:09:   [中证500] 完成: price=8302.42, PE=36.4631, PE%=85.52%, temp=74°, src=danjuan-wind
2026-04-20T09:56:09:   [中证红利] 蛋卷基金: PE=8.6124, PE百分位=80.68%, 估值=high
2026-04-20T09:56:09:   [中证红利] 完成: price=5702.94, PE=8.6124, PE%=80.68%, temp=29°, src=danjuan-wind
2026-04-20T09:56:09:   [中证红利低波] 蛋卷基金: PE=8.4035, PE百分位=77.92%, 估值=high
2026-04-20T09:56:09:   [中证红利低波] 完成: price=11359.16, PE=8.4035, PE%=77.92%, temp=N/A, src=danjuan-wind
2026-04-20T09:56:09:   [中证消费] 蛋卷基金: PE=19.9003, PE百分位=7.92%, 估值=low
2026-04-20T09:56:09:   [中证消费] 完成: price=14257.81, PE=19.9003, PE%=7.92%, temp=0°, src=danjuan-wind
2026-04-20T09:56:09:   [科创50] 蛋卷基金: PE=159.6906, PE百分位=92.33%, 估值=high
2026-04-20T09:56:09:   [科创50] 完成: price=1443.6, PE=159.6906, PE%=92.33%, temp=N/A, src=danjuan-wind
2026-04-20T09:56:09:   [恒生科技] 开始获取数据...
2026-04-20T09:56:09:   [标普500] 开始获取数据...
2026-04-20T09:56:09:   [纳斯达克100] 开始获取数据...
2026-04-20T09:56:09:   [上证指数] 开始获取数据...
2026-04-20T09:56:09:   [恒生科技] 蛋卷基金: PE=23.1832, PE百分位=33.98%, 估值=high
2026-04-20T09:56:09:   [恒生科技] 完成: price=5056.95, PE=23.1832, PE%=33.98%, temp=11°, src=danjuan-wind
2026-04-20T09:56:09:   [标普500] 完成: price=7126.06, PE=null, PE%=null%, temp=N/A, src=none
2026-04-20T09:56:09:   [纳斯达克100] 完成: price=24468.48, PE=null, PE%=null%, temp=N/A, src=none
2026-04-20T09:56:09:   [上证指数] 完成: price=4074.06, PE=null, PE%=null%, temp=N/A, src=none
2026-04-20T09:56:09: [数据] ===== 全部完成，耗时 0.4s =====
2026-04-20T09:56:09: [缓存] indices 数据获取完成，耗时 0.4s
2026-04-20T09:56:11: [数据] ===== 开始获取所有指数数据 =====
2026-04-20T09:56:11:   [配置] 核心指数: 沪深300, 中证500, 中证红利, 中证红利低波, 中证消费, 科创50, 恒生科技, 标普500, 纳斯达克100
2026-04-20T09:56:11:   [配置] Dashboard额外: 上证指数
2026-04-20T09:56:11:   [行情] 东方财富批量接口获取 9 条
2026-04-20T09:56:11:   [行情] 东方财富缺失 1 个指数(HSTECH), 用腾讯补漏
2026-04-20T09:56:11:   [行情] 腾讯备用源获取 1 条
2026-04-20T09:56:11:   [行情] 腾讯补漏成功: HSTECH
2026-04-20T09:56:11:   [天天基金] 最近连续失败，暂时跳过重试
2026-04-20T09:56:11:   [沪深300] 开始获取数据...
2026-04-20T09:56:11:   [中证500] 开始获取数据...
2026-04-20T09:56:11:   [中证红利] 开始获取数据...
2026-04-20T09:56:11:   [中证红利低波] 开始获取数据...
2026-04-20T09:56:11:   [中证消费] 开始获取数据...
2026-04-20T09:56:11:   [科创50] 开始获取数据...
2026-04-20T09:56:11:   [沪深300] 蛋卷基金: PE=14.4034, PE百分位=89.36%, 估值=high
2026-04-20T09:56:11:   [沪深300] 完成: price=4753.42, PE=14.4034, PE%=89.36%, temp=60°, src=danjuan-wind
2026-04-20T09:56:11:   [中证500] 蛋卷基金: PE=36.4631, PE百分位=85.52%, 估值=high
2026-04-20T09:56:11:   [中证500] 完成: price=8302.71, PE=36.4631, PE%=85.52%, temp=74°, src=danjuan-wind
2026-04-20T09:56:11:   [中证红利] 蛋卷基金: PE=8.6124, PE百分位=80.68%, 估值=high
2026-04-20T09:56:11:   [中证红利] 完成: price=5702.94, PE=8.6124, PE%=80.68%, temp=29°, src=danjuan-wind
2026-04-20T09:56:11:   [中证红利低波] 蛋卷基金: PE=8.4035, PE百分位=77.92%, 估值=high
2026-04-20T09:56:11:   [中证红利低波] 完成: price=11359.16, PE=8.4035, PE%=77.92%, temp=N/A, src=danjuan-wind
2026-04-20T09:56:11:   [中证消费] 蛋卷基金: PE=19.9003, PE百分位=7.92%, 估值=low
2026-04-20T09:56:11:   [中证消费] 完成: price=14258.1, PE=19.9003, PE%=7.92%, temp=0°, src=danjuan-wind
2026-04-20T09:56:11:   [科创50] 蛋卷基金: PE=159.6906, PE百分位=92.33%, 估值=high
2026-04-20T09:56:11:   [科创50] 完成: price=1443.57, PE=159.6906, PE%=92.33%, temp=N/A, src=danjuan-wind
2026-04-20T09:56:11:   [恒生科技] 开始获取数据...
2026-04-20T09:56:11:   [标普500] 开始获取数据...
2026-04-20T09:56:11:   [纳斯达克100] 开始获取数据...
2026-04-20T09:56:11:   [上证指数] 开始获取数据...
2026-04-20T09:56:11:   [恒生科技] 蛋卷基金: PE=23.1832, PE百分位=33.98%, 估值=high
2026-04-20T09:56:11:   [恒生科技] 完成: price=5056.95, PE=23.1832, PE%=33.98%, temp=11°, src=danjuan-wind
2026-04-20T09:56:11:   [标普500] 完成: price=7126.06, PE=null, PE%=null%, temp=N/A, src=none
2026-04-20T09:56:11:   [纳斯达克100] 完成: price=24468.48, PE=null, PE%=null%, temp=N/A, src=none
2026-04-20T09:56:11:   [上证指数] 完成: price=4074.11, PE=null, PE%=null%, temp=N/A, src=none
2026-04-20T09:56:11: [数据] ===== 全部完成，耗时 0.4s =====
2026-04-20T09:56:11: [缓存] indices 数据获取完成，耗时 0.4s
2026-04-20T09:56:13: [数据] ===== 开始获取所有指数数据 =====
2026-04-20T09:56:13:   [配置] 核心指数: 沪深300, 中证500, 中证红利, 中证红利低波, 中证消费, 科创50, 恒生科技, 标普500, 纳斯达克100
2026-04-20T09:56:13:   [配置] Dashboard额外: 上证指数
2026-04-20T09:56:13:   [行情] 东方财富批量接口获取 9 条
2026-04-20T09:56:13:   [行情] 东方财富缺失 1 个指数(HSTECH), 用腾讯补漏
2026-04-20T09:56:13:   [行情] 腾讯备用源获取 1 条
2026-04-20T09:56:13:   [行情] 腾讯补漏成功: HSTECH
2026-04-20T09:56:13:   [天天基金] 最近连续失败，暂时跳过重试
2026-04-20T09:56:14:   [沪深300] 开始获取数据...
2026-04-20T09:56:14:   [中证500] 开始获取数据...
2026-04-20T09:56:14:   [中证红利] 开始获取数据...
2026-04-20T09:56:14:   [中证红利低波] 开始获取数据...
2026-04-20T09:56:14:   [中证消费] 开始获取数据...
2026-04-20T09:56:14:   [科创50] 开始获取数据...
2026-04-20T09:56:14:   [沪深300] 蛋卷基金: PE=14.4034, PE百分位=89.36%, 估值=high
2026-04-20T09:56:14:   [沪深300] 完成: price=4753.46, PE=14.4034, PE%=89.36%, temp=60°, src=danjuan-wind
2026-04-20T09:56:14:   [中证500] 蛋卷基金: PE=36.4631, PE百分位=85.52%, 估值=high
2026-04-20T09:56:14:   [中证500] 完成: price=8303.17, PE=36.4631, PE%=85.52%, temp=74°, src=danjuan-wind
2026-04-20T09:56:14:   [中证红利] 蛋卷基金: PE=8.6124, PE百分位=80.68%, 估值=high
2026-04-20T09:56:14:   [中证红利] 完成: price=5702.8, PE=8.6124, PE%=80.68%, temp=29°, src=danjuan-wind
2026-04-20T09:56:14:   [中证红利低波] 蛋卷基金: PE=8.4035, PE百分位=77.92%, 估值=high
2026-04-20T09:56:14:   [中证红利低波] 完成: price=11357.74, PE=8.4035, PE%=77.92%, temp=N/A, src=danjuan-wind
2026-04-20T09:56:14:   [中证消费] 蛋卷基金: PE=19.9003, PE百分位=7.92%, 估值=low
2026-04-20T09:56:14:   [中证消费] 完成: price=14259.33, PE=19.9003, PE%=7.92%, temp=0°, src=danjuan-wind
2026-04-20T09:56:14:   [科创50] 蛋卷基金: PE=159.6906, PE百分位=92.33%, 估值=high
2026-04-20T09:56:14:   [科创50] 完成: price=1443.74, PE=159.6906, PE%=92.33%, temp=N/A, src=danjuan-wind
2026-04-20T09:56:14:   [恒生科技] 开始获取数据...
2026-04-20T09:56:14:   [标普500] 开始获取数据...
2026-04-20T09:56:14:   [纳斯达克100] 开始获取数据...
2026-04-20T09:56:14:   [上证指数] 开始获取数据...
2026-04-20T09:56:14:   [恒生科技] 蛋卷基金: PE=23.1832, PE百分位=33.98%, 估值=high
2026-04-20T09:56:14:   [恒生科技] 完成: price=5057.75, PE=23.1832, PE%=33.98%, temp=11°, src=danjuan-wind
2026-04-20T09:56:14:   [标普500] 完成: price=7126.06, PE=null, PE%=null%, temp=N/A, src=none
2026-04-20T09:56:14:   [纳斯达克100] 完成: price=24468.48, PE=null, PE%=null%, temp=N/A, src=none
2026-04-20T09:56:14:   [上证指数] 完成: price=4074.36, PE=null, PE%=null%, temp=N/A, src=none
2026-04-20T09:56:14: [数据] ===== 全部完成，耗时 0.6s =====
2026-04-20T09:56:14: [缓存] indices 数据获取完成，耗时 0.6s
2026-04-20T09:56:17: [数据] ===== 开始获取所有指数数据 =====
2026-04-20T09:56:17:   [配置] 核心指数: 沪深300, 中证500, 中证红利, 中证红利低波, 中证消费, 科创50, 恒生科技, 标普500, 纳斯达克100
2026-04-20T09:56:17:   [配置] Dashboard额外: 上证指数
2026-04-20T09:56:17:   [行情] 东方财富批量接口获取 9 条
2026-04-20T09:56:17:   [行情] 东方财富缺失 1 个指数(HSTECH), 用腾讯补漏
2026-04-20T09:56:17:   [行情] 腾讯备用源获取 1 条
2026-04-20T09:56:17:   [行情] 腾讯补漏成功: HSTECH
2026-04-20T09:56:17:   [天天基金] 最近连续失败，暂时跳过重试
2026-04-20T09:56:17:   [沪深300] 开始获取数据...
2026-04-20T09:56:17:   [中证500] 开始获取数据...
2026-04-20T09:56:17:   [中证红利] 开始获取数据...
2026-04-20T09:56:17:   [中证红利低波] 开始获取数据...
2026-04-20T09:56:17:   [中证消费] 开始获取数据...
2026-04-20T09:56:17:   [科创50] 开始获取数据...
2026-04-20T09:56:17:   [沪深300] 蛋卷基金: PE=14.4034, PE百分位=89.36%, 估值=high
2026-04-20T09:56:17:   [沪深300] 完成: price=4753.23, PE=14.4034, PE%=89.36%, temp=60°, src=danjuan-wind
2026-04-20T09:56:17:   [中证500] 蛋卷基金: PE=36.4631, PE百分位=85.52%, 估值=high
2026-04-20T09:56:17:   [中证500] 完成: price=8302.29, PE=36.4631, PE%=85.52%, temp=74°, src=danjuan-wind
2026-04-20T09:56:17:   [中证红利] 蛋卷基金: PE=8.6124, PE百分位=80.68%, 估值=high
2026-04-20T09:56:17:   [中证红利] 完成: price=5702.93, PE=8.6124, PE%=80.68%, temp=29°, src=danjuan-wind
2026-04-20T09:56:17:   [中证红利低波] 蛋卷基金: PE=8.4035, PE百分位=77.92%, 估值=high
2026-04-20T09:56:17:   [中证红利低波] 完成: price=11358.32, PE=8.4035, PE%=77.92%, temp=N/A, src=danjuan-wind
2026-04-20T09:56:17:   [中证消费] 蛋卷基金: PE=19.9003, PE百分位=7.92%, 估值=low
2026-04-20T09:56:17:   [中证消费] 完成: price=14259.12, PE=19.9003, PE%=7.92%, temp=0°, src=danjuan-wind
2026-04-20T09:56:17:   [科创50] 蛋卷基金: PE=159.6906, PE百分位=92.33%, 估值=high
2026-04-20T09:56:17:   [科创50] 完成: price=1443.8, PE=159.6906, PE%=92.33%, temp=N/A, src=danjuan-wind
2026-04-20T09:56:17:   [恒生科技] 开始获取数据...
2026-04-20T09:56:17:   [标普500] 开始获取数据...
2026-04-20T09:56:17:   [纳斯达克100] 开始获取数据...
2026-04-20T09:56:17:   [上证指数] 开始获取数据...
2026-04-20T09:56:17:   [恒生科技] 蛋卷基金: PE=23.1832, PE百分位=33.98%, 估值=high
2026-04-20T09:56:17:   [恒生科技] 完成: price=5055.96, PE=23.1832, PE%=33.98%, temp=11°, src=danjuan-wind
2026-04-20T09:56:17:   [标普500] 完成: price=7126.06, PE=null, PE%=null%, temp=N/A, src=none
2026-04-20T09:56:17:   [纳斯达克100] 完成: price=24468.48, PE=null, PE%=null%, temp=N/A, src=none
2026-04-20T09:56:17:   [上证指数] 完成: price=4073.72, PE=null, PE%=null%, temp=N/A, src=none
2026-04-20T09:56:17: [数据] ===== 全部完成，耗时 0.4s =====
2026-04-20T09:56:17: [缓存] indices 数据获取完成，耗时 0.4s
2026-04-20T09:56:20: [数据] ===== 开始获取所有指数数据 =====
2026-04-20T09:56:20:   [配置] 核心指数: 沪深300, 中证500, 中证红利, 中证红利低波, 中证消费, 科创50, 恒生科技, 标普500, 纳斯达克100
2026-04-20T09:56:20:   [配置] Dashboard额外: 上证指数
2026-04-20T09:56:20:   [行情] 东方财富批量接口获取 9 条
2026-04-20T09:56:20:   [行情] 东方财富缺失 1 个指数(HSTECH), 用腾讯补漏
2026-04-20T09:56:20:   [行情] 腾讯备用源获取 1 条
2026-04-20T09:56:20:   [行情] 腾讯补漏成功: HSTECH
2026-04-20T09:56:20:   [天天基金] 最近连续失败，暂时跳过重试
2026-04-20T09:56:20:   [沪深300] 开始获取数据...
2026-04-20T09:56:20:   [中证500] 开始获取数据...
2026-04-20T09:56:20:   [中证红利] 开始获取数据...
2026-04-20T09:56:20:   [中证红利低波] 开始获取数据...
2026-04-20T09:56:20:   [中证消费] 开始获取数据...
2026-04-20T09:56:20:   [科创50] 开始获取数据...
2026-04-20T09:56:20:   [沪深300] 蛋卷基金: PE=14.4034, PE百分位=89.36%, 估值=high
2026-04-20T09:56:20:   [沪深300] 完成: price=4753.44, PE=14.4034, PE%=89.36%, temp=60°, src=danjuan-wind
2026-04-20T09:56:20:   [中证500] 蛋卷基金: PE=36.4631, PE百分位=85.52%, 估值=high
2026-04-20T09:56:20:   [中证500] 完成: price=8302.25, PE=36.4631, PE%=85.52%, temp=74°, src=danjuan-wind
2026-04-20T09:56:20:   [中证红利] 蛋卷基金: PE=8.6124, PE百分位=80.68%, 估值=high
2026-04-20T09:56:20:   [中证红利] 完成: price=5702.93, PE=8.6124, PE%=80.68%, temp=29°, src=danjuan-wind
2026-04-20T09:56:20:   [中证红利低波] 蛋卷基金: PE=8.4035, PE百分位=77.92%, 估值=high
2026-04-20T09:56:20:   [中证红利低波] 完成: price=11358.32, PE=8.4035, PE%=77.92%, temp=N/A, src=danjuan-wind
2026-04-20T09:56:20:   [中证消费] 蛋卷基金: PE=19.9003, PE百分位=7.92%, 估值=low
2026-04-20T09:56:20:   [中证消费] 完成: price=14260.1, PE=19.9003, PE%=7.92%, temp=0°, src=danjuan-wind
2026-04-20T09:56:20:   [科创50] 蛋卷基金: PE=159.6906, PE百分位=92.33%, 估值=high
2026-04-20T09:56:20:   [科创50] 完成: price=1443.84, PE=159.6906, PE%=92.33%, temp=N/A, src=danjuan-wind
2026-04-20T09:56:20:   [恒生科技] 开始获取数据...
2026-04-20T09:56:20:   [标普500] 开始获取数据...
2026-04-20T09:56:20:   [纳斯达克100] 开始获取数据...
2026-04-20T09:56:20:   [上证指数] 开始获取数据...
2026-04-20T09:56:20:   [恒生科技] 蛋卷基金: PE=23.1832, PE百分位=33.98%, 估值=high
2026-04-20T09:56:20:   [恒生科技] 完成: price=5055.96, PE=23.1832, PE%=33.98%, temp=11°, src=danjuan-wind
2026-04-20T09:56:20:   [标普500] 完成: price=7126.06, PE=null, PE%=null%, temp=N/A, src=none
2026-04-20T09:56:20:   [纳斯达克100] 完成: price=24468.48, PE=null, PE%=null%, temp=N/A, src=none
2026-04-20T09:56:20:   [上证指数] 完成: price=4074.2, PE=null, PE%=null%, temp=N/A, src=none
2026-04-20T09:56:20: [数据] ===== 全部完成，耗时 0.4s =====
2026-04-20T09:56:20: [缓存] indices 数据获取完成，耗时 0.4s
2026-04-20T09:56:22: [数据] ===== 开始获取所有指数数据 =====
2026-04-20T09:56:22:   [配置] 核心指数: 沪深300, 中证500, 中证红利, 中证红利低波, 中证消费, 科创50, 恒生科技, 标普500, 纳斯达克100
2026-04-20T09:56:22:   [配置] Dashboard额外: 上证指数
2026-04-20T09:56:22:   [行情] 东方财富批量接口获取 9 条
2026-04-20T09:56:22:   [行情] 东方财富缺失 1 个指数(HSTECH), 用腾讯补漏
2026-04-20T09:56:22:   [行情] 腾讯备用源获取 1 条
2026-04-20T09:56:22:   [行情] 腾讯补漏成功: HSTECH
2026-04-20T09:56:22:   [天天基金] 最近连续失败，暂时跳过重试
2026-04-20T09:56:22:   [沪深300] 开始获取数据...
2026-04-20T09:56:22:   [中证500] 开始获取数据...
2026-04-20T09:56:22:   [中证红利] 开始获取数据...
2026-04-20T09:56:22:   [中证红利低波] 开始获取数据...
2026-04-20T09:56:22:   [中证消费] 开始获取数据...
2026-04-20T09:56:22:   [科创50] 开始获取数据...
2026-04-20T09:56:22:   [沪深300] 蛋卷基金: PE=14.4034, PE百分位=89.36%, 估值=high
2026-04-20T09:56:22:   [沪深300] 完成: price=4753.38, PE=14.4034, PE%=89.36%, temp=60°, src=danjuan-wind
2026-04-20T09:56:22:   [中证500] 蛋卷基金: PE=36.4631, PE百分位=85.52%, 估值=high
2026-04-20T09:56:22:   [中证500] 完成: price=8301.88, PE=36.4631, PE%=85.52%, temp=74°, src=danjuan-wind
2026-04-20T09:56:22:   [中证红利] 蛋卷基金: PE=8.6124, PE百分位=80.68%, 估值=high
2026-04-20T09:56:22:   [中证红利] 完成: price=5702.93, PE=8.6124, PE%=80.68%, temp=29°, src=danjuan-wind
2026-04-20T09:56:22:   [中证红利低波] 蛋卷基金: PE=8.4035, PE百分位=77.92%, 估值=high
2026-04-20T09:56:22:   [中证红利低波] 完成: price=11358.32, PE=8.4035, PE%=77.92%, temp=N/A, src=danjuan-wind
2026-04-20T09:56:22:   [中证消费] 蛋卷基金: PE=19.9003, PE百分位=7.92%, 估值=low
2026-04-20T09:56:22:   [中证消费] 完成: price=14259.48, PE=19.9003, PE%=7.92%, temp=0°, src=danjuan-wind
2026-04-20T09:56:22:   [科创50] 蛋卷基金: PE=159.6906, PE百分位=92.33%, 估值=high
2026-04-20T09:56:22:   [科创50] 完成: price=1443.87, PE=159.6906, PE%=92.33%, temp=N/A, src=danjuan-wind
2026-04-20T09:56:23:   [恒生科技] 开始获取数据...
2026-04-20T09:56:23:   [标普500] 开始获取数据...
2026-04-20T09:56:23:   [纳斯达克100] 开始获取数据...
2026-04-20T09:56:23:   [上证指数] 开始获取数据...
2026-04-20T09:56:23:   [恒生科技] 蛋卷基金: PE=23.1832, PE百分位=33.98%, 估值=high
2026-04-20T09:56:23:   [恒生科技] 完成: price=5054.9, PE=23.1832, PE%=33.98%, temp=11°, src=danjuan-wind
2026-04-20T09:56:23:   [标普500] 完成: price=7126.06, PE=null, PE%=null%, temp=N/A, src=none
2026-04-20T09:56:23:   [纳斯达克100] 完成: price=24468.48, PE=null, PE%=null%, temp=N/A, src=none
2026-04-20T09:56:23:   [上证指数] 完成: price=4074.31, PE=null, PE%=null%, temp=N/A, src=none
2026-04-20T09:56:23: [数据] ===== 全部完成，耗时 0.7s =====
2026-04-20T09:56:23: [缓存] indices 数据获取完成，耗时 0.7s
2026-04-20T09:56:25: [数据] ===== 开始获取所有指数数据 =====
2026-04-20T09:56:25:   [配置] 核心指数: 沪深300, 中证500, 中证红利, 中证红利低波, 中证消费, 科创50, 恒生科技, 标普500, 纳斯达克100
2026-04-20T09:56:25:   [配置] Dashboard额外: 上证指数
2026-04-20T09:56:25:   [行情] 东方财富批量接口获取 9 条
2026-04-20T09:56:25:   [行情] 东方财富缺失 1 个指数(HSTECH), 用腾讯补漏
2026-04-20T09:56:25:   [行情] 腾讯备用源获取 1 条
2026-04-20T09:56:25:   [行情] 腾讯补漏成功: HSTECH
2026-04-20T09:56:25:   [天天基金] 最近连续失败，暂时跳过重试
2026-04-20T09:56:25:   [沪深300] 开始获取数据...
2026-04-20T09:56:25:   [中证500] 开始获取数据...
2026-04-20T09:56:25:   [中证红利] 开始获取数据...
2026-04-20T09:56:25:   [中证红利低波] 开始获取数据...
2026-04-20T09:56:25:   [中证消费] 开始获取数据...
2026-04-20T09:56:25:   [科创50] 开始获取数据...
2026-04-20T09:56:25:   [沪深300] 蛋卷基金: PE=14.4034, PE百分位=89.36%, 估值=high
2026-04-20T09:56:25:   [沪深300] 完成: price=4752.77, PE=14.4034, PE%=89.36%, temp=60°, src=danjuan-wind
2026-04-20T09:56:25:   [中证500] 蛋卷基金: PE=36.4631, PE百分位=85.52%, 估值=high
2026-04-20T09:56:25:   [中证500] 完成: price=8301.05, PE=36.4631, PE%=85.52%, temp=74°, src=danjuan-wind
2026-04-20T09:56:25:   [中证红利] 蛋卷基金: PE=8.6124, PE百分位=80.68%, 估值=high
2026-04-20T09:56:25:   [中证红利] 完成: price=5703.45, PE=8.6124, PE%=80.68%, temp=29°, src=danjuan-wind
2026-04-20T09:56:25:   [中证红利低波] 蛋卷基金: PE=8.4035, PE百分位=77.92%, 估值=high
2026-04-20T09:56:25:   [中证红利低波] 完成: price=11359.11, PE=8.4035, PE%=77.92%, temp=N/A, src=danjuan-wind
2026-04-20T09:56:25:   [中证消费] 蛋卷基金: PE=19.9003, PE百分位=7.92%, 估值=low
2026-04-20T09:56:25:   [中证消费] 完成: price=14258.56, PE=19.9003, PE%=7.92%, temp=0°, src=danjuan-wind
2026-04-20T09:56:25:   [科创50] 蛋卷基金: PE=159.6906, PE百分位=92.33%, 估值=high
2026-04-20T09:56:25:   [科创50] 完成: price=1443.88, PE=159.6906, PE%=92.33%, temp=N/A, src=danjuan-wind
2026-04-20T09:56:25:   [恒生科技] 开始获取数据...
2026-04-20T09:56:25:   [标普500] 开始获取数据...
2026-04-20T09:56:25:   [纳斯达克100] 开始获取数据...
2026-04-20T09:56:25:   [上证指数] 开始获取数据...
2026-04-20T09:56:25:   [恒生科技] 蛋卷基金: PE=23.1832, PE百分位=33.98%, 估值=high
2026-04-20T09:56:25:   [恒生科技] 完成: price=5052.35, PE=23.1832, PE%=33.98%, temp=11°, src=danjuan-wind
2026-04-20T09:56:25:   [标普500] 完成: price=7126.06, PE=null, PE%=null%, temp=N/A, src=none
2026-04-20T09:56:25:   [纳斯达克100] 完成: price=24468.48, PE=null, PE%=null%, temp=N/A, src=none
2026-04-20T09:56:25:   [上证指数] 完成: price=4073.27, PE=null, PE%=null%, temp=N/A, src=none
2026-04-20T09:56:25: [数据] ===== 全部完成，耗时 0.6s =====
2026-04-20T09:56:25: [缓存] indices 数据获取完成，耗时 0.6s
2026-04-20T09:56:26: [数据] ===== 开始获取所有指数数据 =====
2026-04-20T09:56:26:   [配置] 核心指数: 沪深300, 中证500, 中证红利, 中证红利低波, 中证消费, 科创50, 恒生科技, 标普500, 纳斯达克100
2026-04-20T09:56:26:   [配置] Dashboard额外: 上证指数
2026-04-20T09:56:26:   [行情] 东方财富批量接口获取 9 条
2026-04-20T09:56:26:   [行情] 东方财富缺失 1 个指数(HSTECH), 用腾讯补漏
2026-04-20T09:56:26:   [行情] 腾讯备用源获取 1 条
2026-04-20T09:56:26:   [行情] 腾讯补漏成功: HSTECH
2026-04-20T09:56:26:   [天天基金] 最近连续失败，暂时跳过重试
2026-04-20T09:56:27:   [沪深300] 开始获取数据...
2026-04-20T09:56:27:   [中证500] 开始获取数据...
2026-04-20T09:56:27:   [中证红利] 开始获取数据...
2026-04-20T09:56:27:   [中证红利低波] 开始获取数据...
2026-04-20T09:56:27:   [中证消费] 开始获取数据...
2026-04-20T09:56:27:   [科创50] 开始获取数据...
2026-04-20T09:56:27:   [沪深300] 蛋卷基金: PE=14.4034, PE百分位=89.36%, 估值=high
2026-04-20T09:56:27:   [沪深300] 完成: price=4752.77, PE=14.4034, PE%=89.36%, temp=60°, src=danjuan-wind
2026-04-20T09:56:27:   [中证500] 蛋卷基金: PE=36.4631, PE百分位=85.52%, 估值=high
2026-04-20T09:56:27:   [中证500] 完成: price=8301.05, PE=36.4631, PE%=85.52%, temp=74°, src=danjuan-wind
2026-04-20T09:56:27:   [中证红利] 蛋卷基金: PE=8.6124, PE百分位=80.68%, 估值=high
2026-04-20T09:56:27:   [中证红利] 完成: price=5703.45, PE=8.6124, PE%=80.68%, temp=29°, src=danjuan-wind
2026-04-20T09:56:27:   [中证红利低波] 蛋卷基金: PE=8.4035, PE百分位=77.92%, 估值=high
2026-04-20T09:56:27:   [中证红利低波] 完成: price=11359.11, PE=8.4035, PE%=77.92%, temp=N/A, src=danjuan-wind
2026-04-20T09:56:27:   [中证消费] 蛋卷基金: PE=19.9003, PE百分位=7.92%, 估值=low
2026-04-20T09:56:27:   [中证消费] 完成: price=14258.56, PE=19.9003, PE%=7.92%, temp=0°, src=danjuan-wind
2026-04-20T09:56:27:   [科创50] 蛋卷基金: PE=159.6906, PE百分位=92.33%, 估值=high
2026-04-20T09:56:27:   [科创50] 完成: price=1443.88, PE=159.6906, PE%=92.33%, temp=N/A, src=danjuan-wind
2026-04-20T09:56:27:   [恒生科技] 开始获取数据...
2026-04-20T09:56:27:   [标普500] 开始获取数据...
2026-04-20T09:56:27:   [纳斯达克100] 开始获取数据...
2026-04-20T09:56:27:   [上证指数] 开始获取数据...
2026-04-20T09:56:27:   [恒生科技] 蛋卷基金: PE=23.1832, PE百分位=33.98%, 估值=high
2026-04-20T09:56:27:   [恒生科技] 完成: price=5052.35, PE=23.1832, PE%=33.98%, temp=11°, src=danjuan-wind
2026-04-20T09:56:27:   [标普500] 完成: price=7126.06, PE=null, PE%=null%, temp=N/A, src=none
2026-04-20T09:56:27:   [纳斯达克100] 完成: price=24468.48, PE=null, PE%=null%, temp=N/A, src=none
2026-04-20T09:56:27:   [上证指数] 完成: price=4073.27, PE=null, PE%=null%, temp=N/A, src=none
2026-04-20T09:56:27: [数据] ===== 全部完成，耗时 0.6s =====
2026-04-20T09:56:27: [缓存] indices 数据获取完成，耗时 0.6s
2026-04-20T09:56:29: [数据] ===== 开始获取所有指数数据 =====
2026-04-20T09:56:29:   [配置] 核心指数: 沪深300, 中证500, 中证红利, 中证红利低波, 中证消费, 科创50, 恒生科技, 标普500, 纳斯达克100
2026-04-20T09:56:29:   [配置] Dashboard额外: 上证指数
2026-04-20T09:56:29:   [行情] 东方财富批量接口获取 9 条
2026-04-20T09:56:29:   [行情] 东方财富缺失 1 个指数(HSTECH), 用腾讯补漏
2026-04-20T09:56:29:   [行情] 腾讯备用源获取 1 条
2026-04-20T09:56:29:   [行情] 腾讯补漏成功: HSTECH
2026-04-20T09:56:29:   [天天基金] 最近连续失败，暂时跳过重试
2026-04-20T09:56:30:   [沪深300] 开始获取数据...
2026-04-20T09:56:30:   [中证500] 开始获取数据...
2026-04-20T09:56:30:   [中证红利] 开始获取数据...
2026-04-20T09:56:30:   [中证红利低波] 开始获取数据...
2026-04-20T09:56:30:   [中证消费] 开始获取数据...
2026-04-20T09:56:30:   [科创50] 开始获取数据...
2026-04-20T09:56:30:   [沪深300] 蛋卷基金: PE=14.4034, PE百分位=89.36%, 估值=high
2026-04-20T09:56:30:   [沪深300] 完成: price=4752.64, PE=14.4034, PE%=89.36%, temp=60°, src=danjuan-wind
2026-04-20T09:56:30:   [中证500] 蛋卷基金: PE=36.4631, PE百分位=85.52%, 估值=high
2026-04-20T09:56:30:   [中证500] 完成: price=8301.36, PE=36.4631, PE%=85.52%, temp=74°, src=danjuan-wind
2026-04-20T09:56:30:   [中证红利] 蛋卷基金: PE=8.6124, PE百分位=80.68%, 估值=high
2026-04-20T09:56:30:   [中证红利] 完成: price=5701.86, PE=8.6124, PE%=80.68%, temp=29°, src=danjuan-wind
2026-04-20T09:56:30:   [中证红利低波] 蛋卷基金: PE=8.4035, PE百分位=77.92%, 估值=high
2026-04-20T09:56:30:   [中证红利低波] 完成: price=11357.79, PE=8.4035, PE%=77.92%, temp=N/A, src=danjuan-wind
2026-04-20T09:56:30:   [中证消费] 蛋卷基金: PE=19.9003, PE百分位=7.92%, 估值=low
2026-04-20T09:56:30:   [中证消费] 完成: price=14259.53, PE=19.9003, PE%=7.92%, temp=0°, src=danjuan-wind
2026-04-20T09:56:30:   [科创50] 蛋卷基金: PE=159.6906, PE百分位=92.33%, 估值=high
2026-04-20T09:56:30:   [科创50] 完成: price=1443.94, PE=159.6906, PE%=92.33%, temp=N/A, src=danjuan-wind
2026-04-20T09:56:30:   [恒生科技] 开始获取数据...
2026-04-20T09:56:30:   [标普500] 开始获取数据...
2026-04-20T09:56:30:   [纳斯达克100] 开始获取数据...
2026-04-20T09:56:30:   [上证指数] 开始获取数据...
2026-04-20T09:56:30:   [恒生科技] 蛋卷基金: PE=23.1832, PE百分位=33.98%, 估值=high
2026-04-20T09:56:30:   [恒生科技] 完成: price=5052.35, PE=23.1832, PE%=33.98%, temp=11°, src=danjuan-wind
2026-04-20T09:56:30:   [标普500] 完成: price=7126.06, PE=null, PE%=null%, temp=N/A, src=none
2026-04-20T09:56:30:   [纳斯达克100] 完成: price=24468.48, PE=null, PE%=null%, temp=N/A, src=none
2026-04-20T09:56:30:   [上证指数] 完成: price=4073.34, PE=null, PE%=null%, temp=N/A, src=none
2026-04-20T09:56:30: [数据] ===== 全部完成，耗时 0.8s =====
2026-04-20T09:56:30: [缓存] indices 数据获取完成，耗时 0.8s
2026-04-20T09:56:32: [数据] ===== 开始获取所有指数数据 =====
2026-04-20T09:56:32:   [配置] 核心指数: 沪深300, 中证500, 中证红利, 中证红利低波, 中证消费, 科创50, 恒生科技, 标普500, 纳斯达克100
2026-04-20T09:56:32:   [配置] Dashboard额外: 上证指数
2026-04-20T09:56:32:   [行情] 东方财富批量接口获取 9 条
2026-04-20T09:56:32:   [行情] 东方财富缺失 1 个指数(HSTECH), 用腾讯补漏
2026-04-20T09:56:32:   [行情] 腾讯备用源获取 1 条
2026-04-20T09:56:32:   [行情] 腾讯补漏成功: HSTECH
2026-04-20T09:56:32:   [天天基金] 最近连续失败，暂时跳过重试
2026-04-20T09:56:32:   [沪深300] 开始获取数据...
2026-04-20T09:56:32:   [中证500] 开始获取数据...
2026-04-20T09:56:32:   [中证红利] 开始获取数据...
2026-04-20T09:56:32:   [中证红利低波] 开始获取数据...
2026-04-20T09:56:32:   [中证消费] 开始获取数据...
2026-04-20T09:56:32:   [科创50] 开始获取数据...
2026-04-20T09:56:32:   [沪深300] 蛋卷基金: PE=14.4034, PE百分位=89.36%, 估值=high
2026-04-20T09:56:32:   [沪深300] 完成: price=4752.54, PE=14.4034, PE%=89.36%, temp=60°, src=danjuan-wind
2026-04-20T09:56:32:   [中证500] 蛋卷基金: PE=36.4631, PE百分位=85.52%, 估值=high
2026-04-20T09:56:32:   [中证500] 完成: price=8300.99, PE=36.4631, PE%=85.52%, temp=74°, src=danjuan-wind
2026-04-20T09:56:32:   [中证红利] 蛋卷基金: PE=8.6124, PE百分位=80.68%, 估值=high
2026-04-20T09:56:32:   [中证红利] 完成: price=5701.86, PE=8.6124, PE%=80.68%, temp=29°, src=danjuan-wind
2026-04-20T09:56:32:   [中证红利低波] 蛋卷基金: PE=8.4035, PE百分位=77.92%, 估值=high
2026-04-20T09:56:32:   [中证红利低波] 完成: price=11357.79, PE=8.4035, PE%=77.92%, temp=N/A, src=danjuan-wind
2026-04-20T09:56:32:   [中证消费] 蛋卷基金: PE=19.9003, PE百分位=7.92%, 估值=low
2026-04-20T09:56:32:   [中证消费] 完成: price=14258.53, PE=19.9003, PE%=7.92%, temp=0°, src=danjuan-wind
2026-04-20T09:56:32:   [科创50] 蛋卷基金: PE=159.6906, PE百分位=92.33%, 估值=high
2026-04-20T09:56:32:   [科创50] 完成: price=1444.58, PE=159.6906, PE%=92.33%, temp=N/A, src=danjuan-wind
2026-04-20T09:56:32:   [恒生科技] 开始获取数据...
2026-04-20T09:56:32:   [标普500] 开始获取数据...
2026-04-20T09:56:32:   [纳斯达克100] 开始获取数据...
2026-04-20T09:56:32:   [上证指数] 开始获取数据...
2026-04-20T09:56:32:   [恒生科技] 蛋卷基金: PE=23.1832, PE百分位=33.98%, 估值=high
2026-04-20T09:56:32:   [恒生科技] 完成: price=5051.08, PE=23.1832, PE%=33.98%, temp=11°, src=danjuan-wind
2026-04-20T09:56:32:   [标普500] 完成: price=7126.06, PE=null, PE%=null%, temp=N/A, src=none
2026-04-20T09:56:32:   [纳斯达克100] 完成: price=24468.48, PE=null, PE%=null%, temp=N/A, src=none
2026-04-20T09:56:32:   [上证指数] 完成: price=4073.52, PE=null, PE%=null%, temp=N/A, src=none
2026-04-20T09:56:32: [数据] ===== 全部完成，耗时 0.5s =====
2026-04-20T09:56:32: [缓存] indices 数据获取完成，耗时 0.5s
2026-04-20T09:56:34: [数据] ===== 开始获取所有指数数据 =====
2026-04-20T09:56:34:   [配置] 核心指数: 沪深300, 中证500, 中证红利, 中证红利低波, 中证消费, 科创50, 恒生科技, 标普500, 纳斯达克100
2026-04-20T09:56:34:   [配置] Dashboard额外: 上证指数
2026-04-20T09:56:34:   [行情] 东方财富批量接口获取 9 条
2026-04-20T09:56:34:   [行情] 东方财富缺失 1 个指数(HSTECH), 用腾讯补漏
2026-04-20T09:56:34:   [行情] 腾讯备用源获取 1 条
2026-04-20T09:56:34:   [行情] 腾讯补漏成功: HSTECH
2026-04-20T09:56:34:   [天天基金] 最近连续失败，暂时跳过重试
2026-04-20T09:56:34:   [沪深300] 开始获取数据...
2026-04-20T09:56:34:   [中证500] 开始获取数据...
2026-04-20T09:56:34:   [中证红利] 开始获取数据...
2026-04-20T09:56:34:   [中证红利低波] 开始获取数据...
2026-04-20T09:56:34:   [中证消费] 开始获取数据...
2026-04-20T09:56:34:   [科创50] 开始获取数据...
2026-04-20T09:56:34:   [沪深300] 蛋卷基金: PE=14.4034, PE百分位=89.36%, 估值=high
2026-04-20T09:56:34:   [沪深300] 完成: price=4752.72, PE=14.4034, PE%=89.36%, temp=60°, src=danjuan-wind
2026-04-20T09:56:34:   [中证500] 蛋卷基金: PE=36.4631, PE百分位=85.52%, 估值=high
2026-04-20T09:56:34:   [中证500] 完成: price=8300.48, PE=36.4631, PE%=85.52%, temp=74°, src=danjuan-wind
2026-04-20T09:56:34:   [中证红利] 蛋卷基金: PE=8.6124, PE百分位=80.68%, 估值=high
2026-04-20T09:56:34:   [中证红利] 完成: price=5700.44, PE=8.6124, PE%=80.68%, temp=29°, src=danjuan-wind
2026-04-20T09:56:34:   [中证红利低波] 蛋卷基金: PE=8.4035, PE百分位=77.92%, 估值=high
2026-04-20T09:56:34:   [中证红利低波] 完成: price=11354.44, PE=8.4035, PE%=77.92%, temp=N/A, src=danjuan-wind
2026-04-20T09:56:34:   [中证消费] 蛋卷基金: PE=19.9003, PE百分位=7.92%, 估值=low
2026-04-20T09:56:34:   [中证消费] 完成: price=14259.17, PE=19.9003, PE%=7.92%, temp=0°, src=danjuan-wind
2026-04-20T09:56:34:   [科创50] 蛋卷基金: PE=159.6906, PE百分位=92.33%, 估值=high
2026-04-20T09:56:34:   [科创50] 完成: price=1444.35, PE=159.6906, PE%=92.33%, temp=N/A, src=danjuan-wind
2026-04-20T09:56:34:   [恒生科技] 开始获取数据...
2026-04-20T09:56:34:   [标普500] 开始获取数据...
2026-04-20T09:56:34:   [纳斯达克100] 开始获取数据...
2026-04-20T09:56:34:   [上证指数] 开始获取数据...
2026-04-20T09:56:34:   [恒生科技] 蛋卷基金: PE=23.1832, PE百分位=33.98%, 估值=high
2026-04-20T09:56:34:   [恒生科技] 完成: price=5051.14, PE=23.1832, PE%=33.98%, temp=11°, src=danjuan-wind
2026-04-20T09:56:34:   [标普500] 完成: price=7126.06, PE=null, PE%=null%, temp=N/A, src=none
2026-04-20T09:56:34:   [纳斯达克100] 完成: price=24468.48, PE=null, PE%=null%, temp=N/A, src=none
2026-04-20T09:56:34:   [上证指数] 完成: price=4073.67, PE=null, PE%=null%, temp=N/A, src=none
2026-04-20T09:56:34: [数据] ===== 全部完成，耗时 0.4s =====
2026-04-20T09:56:34: [缓存] indices 数据获取完成，耗时 0.4s
2026-04-20T09:56:37: [数据] ===== 开始获取所有指数数据 =====
2026-04-20T09:56:37:   [配置] 核心指数: 沪深300, 中证500, 中证红利, 中证红利低波, 中证消费, 科创50, 恒生科技, 标普500, 纳斯达克100
2026-04-20T09:56:37:   [配置] Dashboard额外: 上证指数
2026-04-20T09:56:38:   [行情] 东方财富批量接口获取 9 条
2026-04-20T09:56:38:   [行情] 东方财富缺失 1 个指数(HSTECH), 用腾讯补漏
2026-04-20T09:56:38:   [行情] 腾讯备用源获取 1 条
2026-04-20T09:56:38:   [行情] 腾讯补漏成功: HSTECH
2026-04-20T09:56:38:   [天天基金] 最近连续失败，暂时跳过重试
2026-04-20T09:56:39:   [沪深300] 开始获取数据...
2026-04-20T09:56:39:   [中证500] 开始获取数据...
2026-04-20T09:56:39:   [中证红利] 开始获取数据...
2026-04-20T09:56:39:   [中证红利低波] 开始获取数据...
2026-04-20T09:56:39:   [中证消费] 开始获取数据...
2026-04-20T09:56:39:   [科创50] 开始获取数据...
2026-04-20T09:56:39:   [沪深300] 蛋卷基金: PE=14.4034, PE百分位=89.36%, 估值=high
2026-04-20T09:56:39:   [沪深300] 完成: price=4752.55, PE=14.4034, PE%=89.36%, temp=60°, src=danjuan-wind
2026-04-20T09:56:39:   [中证500] 蛋卷基金: PE=36.4631, PE百分位=85.52%, 估值=high
2026-04-20T09:56:39:   [中证500] 完成: price=8301.06, PE=36.4631, PE%=85.52%, temp=74°, src=danjuan-wind
2026-04-20T09:56:39:   [中证红利] 蛋卷基金: PE=8.6124, PE百分位=80.68%, 估值=high
2026-04-20T09:56:39:   [中证红利] 完成: price=5700.03, PE=8.6124, PE%=80.68%, temp=29°, src=danjuan-wind
2026-04-20T09:56:39:   [中证红利低波] 蛋卷基金: PE=8.4035, PE百分位=77.92%, 估值=high
2026-04-20T09:56:39:   [中证红利低波] 完成: price=11355.04, PE=8.4035, PE%=77.92%, temp=N/A, src=danjuan-wind
2026-04-20T09:56:39:   [中证消费] 蛋卷基金: PE=19.9003, PE百分位=7.92%, 估值=low
2026-04-20T09:56:39:   [中证消费] 完成: price=14256.33, PE=19.9003, PE%=7.92%, temp=0°, src=danjuan-wind
2026-04-20T09:56:39:   [科创50] 蛋卷基金: PE=159.6906, PE百分位=92.33%, 估值=high
2026-04-20T09:56:39:   [科创50] 完成: price=1444.33, PE=159.6906, PE%=92.33%, temp=N/A, src=danjuan-wind
2026-04-20T09:56:39:   [恒生科技] 开始获取数据...
2026-04-20T09:56:39:   [标普500] 开始获取数据...
2026-04-20T09:56:39:   [纳斯达克100] 开始获取数据...
2026-04-20T09:56:39:   [上证指数] 开始获取数据...
2026-04-20T09:56:39:   [恒生科技] 蛋卷基金: PE=23.1832, PE百分位=33.98%, 估值=high
2026-04-20T09:56:39:   [恒生科技] 完成: price=5051.78, PE=23.1832, PE%=33.98%, temp=11°, src=danjuan-wind
2026-04-20T09:56:39:   [标普500] 完成: price=7126.06, PE=null, PE%=null%, temp=N/A, src=none
2026-04-20T09:56:39:   [纳斯达克100] 完成: price=24468.48, PE=null, PE%=null%, temp=N/A, src=none
2026-04-20T09:56:39:   [上证指数] 完成: price=4073.35, PE=null, PE%=null%, temp=N/A, src=none
2026-04-20T09:56:39: [数据] ===== 全部完成，耗时 1.7s =====
2026-04-20T09:56:39: [缓存] indices 数据获取完成，耗时 1.7s
2026-04-20T09:56:39:   [行情] 东方财富批量接口获取 8 条
2026-04-20T09:56:39:   [行情] 东方财富缺失 1 个指数(HSTECH), 用腾讯补漏
2026-04-20T09:56:39:   [行情] 腾讯备用源获取 1 条
2026-04-20T09:56:39:   [行情] 腾讯补漏成功: HSTECH
2026-04-20T09:56:39: [缓存] index-quotes 数据获取完成，耗时 0.0s
2026-04-20T09:56:41: [数据] ===== 开始获取所有指数数据 =====
2026-04-20T09:56:41:   [配置] 核心指数: 沪深300, 中证500, 中证红利, 中证红利低波, 中证消费, 科创50, 恒生科技, 标普500, 纳斯达克100
2026-04-20T09:56:41:   [配置] Dashboard额外: 上证指数
2026-04-20T09:56:41:   [行情] 东方财富批量接口获取 9 条
2026-04-20T09:56:41:   [行情] 东方财富缺失 1 个指数(HSTECH), 用腾讯补漏
2026-04-20T09:56:41:   [行情] 腾讯备用源获取 1 条
2026-04-20T09:56:41:   [行情] 腾讯补漏成功: HSTECH
2026-04-20T09:56:41:   [天天基金] 最近连续失败，暂时跳过重试
2026-04-20T09:56:42:   [沪深300] 开始获取数据...
2026-04-20T09:56:42:   [中证500] 开始获取数据...
2026-04-20T09:56:42:   [中证红利] 开始获取数据...
2026-04-20T09:56:42:   [中证红利低波] 开始获取数据...
2026-04-20T09:56:42:   [中证消费] 开始获取数据...
2026-04-20T09:56:42:   [科创50] 开始获取数据...
2026-04-20T09:56:42:   [沪深300] 蛋卷基金: PE=14.4034, PE百分位=89.36%, 估值=high
2026-04-20T09:56:42:   [沪深300] 完成: price=4752.33, PE=14.4034, PE%=89.36%, temp=60°, src=danjuan-wind
2026-04-20T09:56:42:   [中证500] 蛋卷基金: PE=36.4631, PE百分位=85.52%, 估值=high
2026-04-20T09:56:42:   [中证500] 完成: price=8300.95, PE=36.4631, PE%=85.52%, temp=74°, src=danjuan-wind
2026-04-20T09:56:42:   [中证红利] 蛋卷基金: PE=8.6124, PE百分位=80.68%, 估值=high
2026-04-20T09:56:42:   [中证红利] 完成: price=5700.03, PE=8.6124, PE%=80.68%, temp=29°, src=danjuan-wind
2026-04-20T09:56:42:   [中证红利低波] 蛋卷基金: PE=8.4035, PE百分位=77.92%, 估值=high
2026-04-20T09:56:42:   [中证红利低波] 完成: price=11355.04, PE=8.4035, PE%=77.92%, temp=N/A, src=danjuan-wind
2026-04-20T09:56:42:   [中证消费] 蛋卷基金: PE=19.9003, PE百分位=7.92%, 估值=low
2026-04-20T09:56:42:   [中证消费] 完成: price=14257.38, PE=19.9003, PE%=7.92%, temp=0°, src=danjuan-wind
2026-04-20T09:56:42:   [科创50] 蛋卷基金: PE=159.6906, PE百分位=92.33%, 估值=high
2026-04-20T09:56:42:   [科创50] 完成: price=1444.68, PE=159.6906, PE%=92.33%, temp=N/A, src=danjuan-wind
2026-04-20T09:56:42:   [恒生科技] 开始获取数据...
2026-04-20T09:56:42:   [标普500] 开始获取数据...
2026-04-20T09:56:42:   [纳斯达克100] 开始获取数据...
2026-04-20T09:56:42:   [上证指数] 开始获取数据...
2026-04-20T09:56:42:   [恒生科技] 蛋卷基金: PE=23.1832, PE百分位=33.98%, 估值=high
2026-04-20T09:56:42:   [恒生科技] 完成: price=5051.85, PE=23.1832, PE%=33.98%, temp=11°, src=danjuan-wind
2026-04-20T09:56:42:   [标普500] 完成: price=7126.06, PE=null, PE%=null%, temp=N/A, src=none
2026-04-20T09:56:42:   [纳斯达克100] 完成: price=24468.48, PE=null, PE%=null%, temp=N/A, src=none
2026-04-20T09:56:42:   [上证指数] 完成: price=4073.55, PE=null, PE%=null%, temp=N/A, src=none
2026-04-20T09:56:42: [数据] ===== 全部完成，耗时 0.4s =====
2026-04-20T09:56:42: [缓存] indices 数据获取完成，耗时 0.4s
2026-04-20T09:56:44: [数据] ===== 开始获取所有指数数据 =====
2026-04-20T09:56:44:   [配置] 核心指数: 沪深300, 中证500, 中证红利, 中证红利低波, 中证消费, 科创50, 恒生科技, 标普500, 纳斯达克100
2026-04-20T09:56:44:   [配置] Dashboard额外: 上证指数
2026-04-20T09:56:44:   [行情] 东方财富批量接口获取 9 条
2026-04-20T09:56:44:   [行情] 东方财富缺失 1 个指数(HSTECH), 用腾讯补漏
2026-04-20T09:56:44:   [行情] 腾讯备用源获取 1 条
2026-04-20T09:56:44:   [行情] 腾讯补漏成功: HSTECH
2026-04-20T09:56:44:   [天天基金] 最近连续失败，暂时跳过重试
2026-04-20T09:56:45:   [沪深300] 开始获取数据...
2026-04-20T09:56:45:   [中证500] 开始获取数据...
2026-04-20T09:56:45:   [中证红利] 开始获取数据...
2026-04-20T09:56:45:   [中证红利低波] 开始获取数据...
2026-04-20T09:56:45:   [中证消费] 开始获取数据...
2026-04-20T09:56:45:   [科创50] 开始获取数据...
2026-04-20T09:56:45:   [沪深300] 蛋卷基金: PE=14.4034, PE百分位=89.36%, 估值=high
2026-04-20T09:56:45:   [沪深300] 完成: price=4752.12, PE=14.4034, PE%=89.36%, temp=60°, src=danjuan-wind
2026-04-20T09:56:45:   [中证500] 蛋卷基金: PE=36.4631, PE百分位=85.52%, 估值=high
2026-04-20T09:56:45:   [中证500] 完成: price=8300.86, PE=36.4631, PE%=85.52%, temp=74°, src=danjuan-wind
2026-04-20T09:56:45:   [中证红利] 蛋卷基金: PE=8.6124, PE百分位=80.68%, 估值=high
2026-04-20T09:56:45:   [中证红利] 完成: price=5699.95, PE=8.6124, PE%=80.68%, temp=29°, src=danjuan-wind
2026-04-20T09:56:45:   [中证红利低波] 蛋卷基金: PE=8.4035, PE百分位=77.92%, 估值=high
2026-04-20T09:56:45:   [中证红利低波] 完成: price=11358.79, PE=8.4035, PE%=77.92%, temp=N/A, src=danjuan-wind
2026-04-20T09:56:45:   [中证消费] 蛋卷基金: PE=19.9003, PE百分位=7.92%, 估值=low
2026-04-20T09:56:45:   [中证消费] 完成: price=14256.99, PE=19.9003, PE%=7.92%, temp=0°, src=danjuan-wind
2026-04-20T09:56:45:   [科创50] 蛋卷基金: PE=159.6906, PE百分位=92.33%, 估值=high
2026-04-20T09:56:45:   [科创50] 完成: price=1444.71, PE=159.6906, PE%=92.33%, temp=N/A, src=danjuan-wind
2026-04-20T09:56:45:   [恒生科技] 开始获取数据...
2026-04-20T09:56:45:   [标普500] 开始获取数据...
2026-04-20T09:56:45:   [纳斯达克100] 开始获取数据...
2026-04-20T09:56:45:   [上证指数] 开始获取数据...
2026-04-20T09:56:45:   [恒生科技] 蛋卷基金: PE=23.1832, PE百分位=33.98%, 估值=high
2026-04-20T09:56:45:   [恒生科技] 完成: price=5050.03, PE=23.1832, PE%=33.98%, temp=11°, src=danjuan-wind
2026-04-20T09:56:45:   [标普500] 完成: price=7126.06, PE=null, PE%=null%, temp=N/A, src=none
2026-04-20T09:56:45:   [纳斯达克100] 完成: price=24468.48, PE=null, PE%=null%, temp=N/A, src=none
2026-04-20T09:56:45:   [上证指数] 完成: price=4073.03, PE=null, PE%=null%, temp=N/A, src=none
2026-04-20T09:56:45: [数据] ===== 全部完成，耗时 0.4s =====
2026-04-20T09:56:45: [缓存] indices 数据获取完成，耗时 0.4s
2026-04-20T09:56:47: [数据] ===== 开始获取所有指数数据 =====
2026-04-20T09:56:47:   [配置] 核心指数: 沪深300, 中证500, 中证红利, 中证红利低波, 中证消费, 科创50, 恒生科技, 标普500, 纳斯达克100
2026-04-20T09:56:47:   [配置] Dashboard额外: 上证指数
2026-04-20T09:56:47:   [行情] 东方财富批量接口获取 9 条
2026-04-20T09:56:47:   [行情] 东方财富缺失 1 个指数(HSTECH), 用腾讯补漏
2026-04-20T09:56:47:   [行情] 腾讯备用源获取 1 条
2026-04-20T09:56:47:   [行情] 腾讯补漏成功: HSTECH
2026-04-20T09:56:47:   [天天基金] 最近连续失败，暂时跳过重试
2026-04-20T09:56:48:   [沪深300] 开始获取数据...
2026-04-20T09:56:48:   [中证500] 开始获取数据...
2026-04-20T09:56:48:   [中证红利] 开始获取数据...
2026-04-20T09:56:48:   [中证红利低波] 开始获取数据...
2026-04-20T09:56:48:   [中证消费] 开始获取数据...
2026-04-20T09:56:48:   [科创50] 开始获取数据...
2026-04-20T09:56:48:   [沪深300] 蛋卷基金: PE=14.4034, PE百分位=89.36%, 估值=high
2026-04-20T09:56:48:   [沪深300] 完成: price=4752.07, PE=14.4034, PE%=89.36%, temp=60°, src=danjuan-wind
2026-04-20T09:56:48:   [中证500] 蛋卷基金: PE=36.4631, PE百分位=85.52%, 估值=high
2026-04-20T09:56:48:   [中证500] 完成: price=8300.85, PE=36.4631, PE%=85.52%, temp=74°, src=danjuan-wind
2026-04-20T09:56:48:   [中证红利] 蛋卷基金: PE=8.6124, PE百分位=80.68%, 估值=high
2026-04-20T09:56:48:   [中证红利] 完成: price=5698.71, PE=8.6124, PE%=80.68%, temp=29°, src=danjuan-wind
2026-04-20T09:56:48:   [中证红利低波] 蛋卷基金: PE=8.4035, PE百分位=77.92%, 估值=high
2026-04-20T09:56:48:   [中证红利低波] 完成: price=11354.29, PE=8.4035, PE%=77.92%, temp=N/A, src=danjuan-wind
2026-04-20T09:56:48:   [中证消费] 蛋卷基金: PE=19.9003, PE百分位=7.92%, 估值=low
2026-04-20T09:56:48:   [中证消费] 完成: price=14256.37, PE=19.9003, PE%=7.92%, temp=0°, src=danjuan-wind
2026-04-20T09:56:48:   [科创50] 蛋卷基金: PE=159.6906, PE百分位=92.33%, 估值=high
2026-04-20T09:56:48:   [科创50] 完成: price=1444.43, PE=159.6906, PE%=92.33%, temp=N/A, src=danjuan-wind
2026-04-20T09:56:48:   [恒生科技] 开始获取数据...
2026-04-20T09:56:48:   [标普500] 开始获取数据...
2026-04-20T09:56:48:   [纳斯达克100] 开始获取数据...
2026-04-20T09:56:48:   [上证指数] 开始获取数据...
2026-04-20T09:56:48:   [恒生科技] 蛋卷基金: PE=23.1832, PE百分位=33.98%, 估值=high
2026-04-20T09:56:48:   [恒生科技] 完成: price=5051, PE=23.1832, PE%=33.98%, temp=11°, src=danjuan-wind
2026-04-20T09:56:48:   [标普500] 完成: price=7126.06, PE=null, PE%=null%, temp=N/A, src=none
2026-04-20T09:56:48:   [纳斯达克100] 完成: price=24468.48, PE=null, PE%=null%, temp=N/A, src=none
2026-04-20T09:56:48:   [上证指数] 完成: price=4073.19, PE=null, PE%=null%, temp=N/A, src=none
2026-04-20T09:56:48: [数据] ===== 全部完成，耗时 0.6s =====
2026-04-20T09:56:48: [缓存] indices 数据获取完成，耗时 0.6s
2026-04-20T09:56:50: [数据] ===== 开始获取所有指数数据 =====
2026-04-20T09:56:50:   [配置] 核心指数: 沪深300, 中证500, 中证红利, 中证红利低波, 中证消费, 科创50, 恒生科技, 标普500, 纳斯达克100
2026-04-20T09:56:50:   [配置] Dashboard额外: 上证指数
2026-04-20T09:56:50:   [行情] 东方财富批量接口获取 9 条
2026-04-20T09:56:50:   [行情] 东方财富缺失 1 个指数(HSTECH), 用腾讯补漏
2026-04-20T09:56:50:   [行情] 腾讯备用源获取 1 条
2026-04-20T09:56:50:   [行情] 腾讯补漏成功: HSTECH
2026-04-20T09:56:50:   [天天基金] 最近连续失败，暂时跳过重试
2026-04-20T09:56:51:   [沪深300] 开始获取数据...
2026-04-20T09:56:51:   [中证500] 开始获取数据...
2026-04-20T09:56:51:   [中证红利] 开始获取数据...
2026-04-20T09:56:51:   [中证红利低波] 开始获取数据...
2026-04-20T09:56:51:   [中证消费] 开始获取数据...
2026-04-20T09:56:51:   [科创50] 开始获取数据...
2026-04-20T09:56:51:   [沪深300] 蛋卷基金: PE=14.4034, PE百分位=89.36%, 估值=high
2026-04-20T09:56:51:   [沪深300] 完成: price=4752.05, PE=14.4034, PE%=89.36%, temp=60°, src=danjuan-wind
2026-04-20T09:56:51:   [中证500] 蛋卷基金: PE=36.4631, PE百分位=85.52%, 估值=high
2026-04-20T09:56:51:   [中证500] 完成: price=8301.21, PE=36.4631, PE%=85.52%, temp=74°, src=danjuan-wind
2026-04-20T09:56:51:   [中证红利] 蛋卷基金: PE=8.6124, PE百分位=80.68%, 估值=high
2026-04-20T09:56:51:   [中证红利] 完成: price=5698.71, PE=8.6124, PE%=80.68%, temp=29°, src=danjuan-wind
2026-04-20T09:56:51:   [中证红利低波] 蛋卷基金: PE=8.4035, PE百分位=77.92%, 估值=high
2026-04-20T09:56:51:   [中证红利低波] 完成: price=11354.29, PE=8.4035, PE%=77.92%, temp=N/A, src=danjuan-wind
2026-04-20T09:56:51:   [中证消费] 蛋卷基金: PE=19.9003, PE百分位=7.92%, 估值=low
2026-04-20T09:56:51:   [中证消费] 完成: price=14255.8, PE=19.9003, PE%=7.92%, temp=0°, src=danjuan-wind
2026-04-20T09:56:51:   [科创50] 蛋卷基金: PE=159.6906, PE百分位=92.33%, 估值=high
2026-04-20T09:56:51:   [科创50] 完成: price=1444.44, PE=159.6906, PE%=92.33%, temp=N/A, src=danjuan-wind
2026-04-20T09:56:51:   [恒生科技] 开始获取数据...
2026-04-20T09:56:51:   [标普500] 开始获取数据...
2026-04-20T09:56:51:   [纳斯达克100] 开始获取数据...
2026-04-20T09:56:51:   [上证指数] 开始获取数据...
2026-04-20T09:56:51:   [恒生科技] 蛋卷基金: PE=23.1832, PE百分位=33.98%, 估值=high
2026-04-20T09:56:51:   [恒生科技] 完成: price=5047.82, PE=23.1832, PE%=33.98%, temp=11°, src=danjuan-wind
2026-04-20T09:56:51:   [标普500] 完成: price=7126.06, PE=null, PE%=null%, temp=N/A, src=none
2026-04-20T09:56:51:   [纳斯达克100] 完成: price=24468.48, PE=null, PE%=null%, temp=N/A, src=none
2026-04-20T09:56:51:   [上证指数] 完成: price=4073.03, PE=null, PE%=null%, temp=N/A, src=none
2026-04-20T09:56:51: [数据] ===== 全部完成，耗时 0.5s =====
2026-04-20T09:56:51: [缓存] indices 数据获取完成，耗时 0.5s
2026-04-20T09:56:54: [数据] ===== 开始获取所有指数数据 =====
2026-04-20T09:56:54:   [配置] 核心指数: 沪深300, 中证500, 中证红利, 中证红利低波, 中证消费, 科创50, 恒生科技, 标普500, 纳斯达克100
2026-04-20T09:56:54:   [配置] Dashboard额外: 上证指数
2026-04-20T09:56:54:   [行情] 东方财富批量接口获取 9 条
2026-04-20T09:56:54:   [行情] 东方财富缺失 1 个指数(HSTECH), 用腾讯补漏
2026-04-20T09:56:54:   [行情] 腾讯备用源获取 1 条
2026-04-20T09:56:54:   [行情] 腾讯补漏成功: HSTECH
2026-04-20T09:56:54:   [天天基金] 最近连续失败，暂时跳过重试
2026-04-20T09:56:54:   [沪深300] 开始获取数据...
2026-04-20T09:56:54:   [中证500] 开始获取数据...
2026-04-20T09:56:54:   [中证红利] 开始获取数据...
2026-04-20T09:56:54:   [中证红利低波] 开始获取数据...
2026-04-20T09:56:54:   [中证消费] 开始获取数据...
2026-04-20T09:56:54:   [科创50] 开始获取数据...
2026-04-20T09:56:54:   [沪深300] 蛋卷基金: PE=14.4034, PE百分位=89.36%, 估值=high
2026-04-20T09:56:54:   [沪深300] 完成: price=4752.04, PE=14.4034, PE%=89.36%, temp=60°, src=danjuan-wind
2026-04-20T09:56:54:   [中证500] 蛋卷基金: PE=36.4631, PE百分位=85.52%, 估值=high
2026-04-20T09:56:54:   [中证500] 完成: price=8301.18, PE=36.4631, PE%=85.52%, temp=74°, src=danjuan-wind
2026-04-20T09:56:54:   [中证红利] 蛋卷基金: PE=8.6124, PE百分位=80.68%, 估值=high
2026-04-20T09:56:54:   [中证红利] 完成: price=5698.67, PE=8.6124, PE%=80.68%, temp=29°, src=danjuan-wind
2026-04-20T09:56:54:   [中证红利低波] 蛋卷基金: PE=8.4035, PE百分位=77.92%, 估值=high
2026-04-20T09:56:54:   [中证红利低波] 完成: price=11354.78, PE=8.4035, PE%=77.92%, temp=N/A, src=danjuan-wind
2026-04-20T09:56:54:   [中证消费] 蛋卷基金: PE=19.9003, PE百分位=7.92%, 估值=low
2026-04-20T09:56:54:   [中证消费] 完成: price=14253.44, PE=19.9003, PE%=7.92%, temp=0°, src=danjuan-wind
2026-04-20T09:56:54:   [科创50] 蛋卷基金: PE=159.6906, PE百分位=92.33%, 估值=high
2026-04-20T09:56:54:   [科创50] 完成: price=1444.6, PE=159.6906, PE%=92.33%, temp=N/A, src=danjuan-wind
2026-04-20T09:56:55:   [恒生科技] 开始获取数据...
2026-04-20T09:56:55:   [标普500] 开始获取数据...
2026-04-20T09:56:55:   [纳斯达克100] 开始获取数据...
2026-04-20T09:56:55:   [上证指数] 开始获取数据...
2026-04-20T09:56:55:   [恒生科技] 蛋卷基金: PE=23.1832, PE百分位=33.98%, 估值=high
2026-04-20T09:56:55:   [恒生科技] 完成: price=5046.75, PE=23.1832, PE%=33.98%, temp=11°, src=danjuan-wind
2026-04-20T09:56:55:   [标普500] 完成: price=7126.06, PE=null, PE%=null%, temp=N/A, src=none
2026-04-20T09:56:55:   [纳斯达克100] 完成: price=24468.48, PE=null, PE%=null%, temp=N/A, src=none
2026-04-20T09:56:55:   [上证指数] 完成: price=4073.03, PE=null, PE%=null%, temp=N/A, src=none
2026-04-20T09:56:55: [数据] ===== 全部完成，耗时 0.3s =====
2026-04-20T09:56:55: [缓存] indices 数据获取完成，耗时 0.3s
2026-04-20T09:56:57: [数据] ===== 开始获取所有指数数据 =====
2026-04-20T09:56:57:   [配置] 核心指数: 沪深300, 中证500, 中证红利, 中证红利低波, 中证消费, 科创50, 恒生科技, 标普500, 纳斯达克100
2026-04-20T09:56:57:   [配置] Dashboard额外: 上证指数
2026-04-20T09:56:57:   [行情] 东方财富批量接口获取 9 条
2026-04-20T09:56:57:   [行情] 东方财富缺失 1 个指数(HSTECH), 用腾讯补漏
2026-04-20T09:56:57:   [行情] 腾讯备用源获取 1 条
2026-04-20T09:56:57:   [行情] 腾讯补漏成功: HSTECH
2026-04-20T09:56:57:   [天天基金] 最近连续失败，暂时跳过重试
2026-04-20T09:56:58:   [沪深300] 开始获取数据...
2026-04-20T09:56:58:   [中证500] 开始获取数据...
2026-04-20T09:56:58:   [中证红利] 开始获取数据...
2026-04-20T09:56:58:   [中证红利低波] 开始获取数据...
2026-04-20T09:56:58:   [中证消费] 开始获取数据...
2026-04-20T09:56:58:   [科创50] 开始获取数据...
2026-04-20T09:56:58:   [沪深300] 蛋卷基金: PE=14.4034, PE百分位=89.36%, 估值=high
2026-04-20T09:56:58:   [沪深300] 完成: price=4752.04, PE=14.4034, PE%=89.36%, temp=60°, src=danjuan-wind
2026-04-20T09:56:58:   [中证500] 蛋卷基金: PE=36.4631, PE百分位=85.52%, 估值=high
2026-04-20T09:56:58:   [中证500] 完成: price=8301.18, PE=36.4631, PE%=85.52%, temp=74°, src=danjuan-wind
2026-04-20T09:56:58:   [中证红利] 蛋卷基金: PE=8.6124, PE百分位=80.68%, 估值=high
2026-04-20T09:56:58:   [中证红利] 完成: price=5698.78, PE=8.6124, PE%=80.68%, temp=29°, src=danjuan-wind
2026-04-20T09:56:58:   [中证红利低波] 蛋卷基金: PE=8.4035, PE百分位=77.92%, 估值=high
2026-04-20T09:56:58:   [中证红利低波] 完成: price=11355.29, PE=8.4035, PE%=77.92%, temp=N/A, src=danjuan-wind
2026-04-20T09:56:58:   [中证消费] 蛋卷基金: PE=19.9003, PE百分位=7.92%, 估值=low
2026-04-20T09:56:58:   [中证消费] 完成: price=14253.44, PE=19.9003, PE%=7.92%, temp=0°, src=danjuan-wind
2026-04-20T09:56:58:   [科创50] 蛋卷基金: PE=159.6906, PE百分位=92.33%, 估值=high
2026-04-20T09:56:58:   [科创50] 完成: price=1444.6, PE=159.6906, PE%=92.33%, temp=N/A, src=danjuan-wind
2026-04-20T09:56:58:   [恒生科技] 开始获取数据...
2026-04-20T09:56:58:   [标普500] 开始获取数据...
2026-04-20T09:56:58:   [纳斯达克100] 开始获取数据...
2026-04-20T09:56:58:   [上证指数] 开始获取数据...
2026-04-20T09:56:58:   [恒生科技] 蛋卷基金: PE=23.1832, PE百分位=33.98%, 估值=high
2026-04-20T09:56:58:   [恒生科技] 完成: price=5047.09, PE=23.1832, PE%=33.98%, temp=11°, src=danjuan-wind
2026-04-20T09:56:58:   [标普500] 完成: price=7126.06, PE=null, PE%=null%, temp=N/A, src=none
2026-04-20T09:56:58:   [纳斯达克100] 完成: price=24468.48, PE=null, PE%=null%, temp=N/A, src=none
2026-04-20T09:56:58:   [上证指数] 完成: price=4073.03, PE=null, PE%=null%, temp=N/A, src=none
2026-04-20T09:56:58: [数据] ===== 全部完成，耗时 0.6s =====
2026-04-20T09:56:58: [缓存] indices 数据获取完成，耗时 0.6s
2026-04-20T09:57:01: [数据] ===== 开始获取所有指数数据 =====
2026-04-20T09:57:01:   [配置] 核心指数: 沪深300, 中证500, 中证红利, 中证红利低波, 中证消费, 科创50, 恒生科技, 标普500, 纳斯达克100
2026-04-20T09:57:01:   [配置] Dashboard额外: 上证指数
2026-04-20T09:57:01:   [行情] 东方财富批量接口获取 9 条
2026-04-20T09:57:01:   [行情] 东方财富缺失 1 个指数(HSTECH), 用腾讯补漏
2026-04-20T09:57:01:   [行情] 腾讯备用源获取 1 条
2026-04-20T09:57:01:   [行情] 腾讯补漏成功: HSTECH
2026-04-20T09:57:01:   [天天基金] 最近连续失败，暂时跳过重试
2026-04-20T09:57:02:   [沪深300] 开始获取数据...
2026-04-20T09:57:02:   [中证500] 开始获取数据...
2026-04-20T09:57:02:   [中证红利] 开始获取数据...
2026-04-20T09:57:02:   [中证红利低波] 开始获取数据...
2026-04-20T09:57:02:   [中证消费] 开始获取数据...
2026-04-20T09:57:02:   [科创50] 开始获取数据...
2026-04-20T09:57:02:   [沪深300] 蛋卷基金: PE=14.4034, PE百分位=89.36%, 估值=high
2026-04-20T09:57:02:   [沪深300] 完成: price=4751.94, PE=14.4034, PE%=89.36%, temp=60°, src=danjuan-wind
2026-04-20T09:57:02:   [中证500] 蛋卷基金: PE=36.4631, PE百分位=85.52%, 估值=high
2026-04-20T09:57:02:   [中证500] 完成: price=8302.37, PE=36.4631, PE%=85.52%, temp=74°, src=danjuan-wind
2026-04-20T09:57:02:   [中证红利] 蛋卷基金: PE=8.6124, PE百分位=80.68%, 估值=high
2026-04-20T09:57:02:   [中证红利] 完成: price=5698.26, PE=8.6124, PE%=80.68%, temp=29°, src=danjuan-wind
2026-04-20T09:57:02:   [中证红利低波] 蛋卷基金: PE=8.4035, PE百分位=77.92%, 估值=high
2026-04-20T09:57:02:   [中证红利低波] 完成: price=11355.05, PE=8.4035, PE%=77.92%, temp=N/A, src=danjuan-wind
2026-04-20T09:57:02:   [中证消费] 蛋卷基金: PE=19.9003, PE百分位=7.92%, 估值=low
2026-04-20T09:57:02:   [中证消费] 完成: price=14251.38, PE=19.9003, PE%=7.92%, temp=0°, src=danjuan-wind
2026-04-20T09:57:02:   [科创50] 蛋卷基金: PE=159.6906, PE百分位=92.33%, 估值=high
2026-04-20T09:57:02:   [科创50] 完成: price=1444.6, PE=159.6906, PE%=92.33%, temp=N/A, src=danjuan-wind
2026-04-20T09:57:02:   [恒生科技] 开始获取数据...
2026-04-20T09:57:02:   [标普500] 开始获取数据...
2026-04-20T09:57:02:   [纳斯达克100] 开始获取数据...
2026-04-20T09:57:02:   [上证指数] 开始获取数据...
2026-04-20T09:57:02:   [恒生科技] 蛋卷基金: PE=23.1832, PE百分位=33.98%, 估值=high
2026-04-20T09:57:02:   [恒生科技] 完成: price=5047.02, PE=23.1832, PE%=33.98%, temp=11°, src=danjuan-wind
2026-04-20T09:57:02:   [标普500] 完成: price=7126.06, PE=null, PE%=null%, temp=N/A, src=none
2026-04-20T09:57:02:   [纳斯达克100] 完成: price=24468.48, PE=null, PE%=null%, temp=N/A, src=none
2026-04-20T09:57:02:   [上证指数] 完成: price=4073.1, PE=null, PE%=null%, temp=N/A, src=none
2026-04-20T09:57:02: [数据] ===== 全部完成，耗时 0.4s =====
2026-04-20T09:57:02: [缓存] indices 数据获取完成，耗时 0.4s
2026-04-20T09:57:03: [数据] ===== 开始获取所有指数数据 =====
2026-04-20T09:57:03:   [配置] 核心指数: 沪深300, 中证500, 中证红利, 中证红利低波, 中证消费, 科创50, 恒生科技, 标普500, 纳斯达克100
2026-04-20T09:57:03:   [配置] Dashboard额外: 上证指数
2026-04-20T09:57:03:   [行情] 东方财富批量接口获取 9 条
2026-04-20T09:57:03:   [行情] 东方财富缺失 1 个指数(HSTECH), 用腾讯补漏
2026-04-20T09:57:03:   [行情] 腾讯备用源获取 1 条
2026-04-20T09:57:03:   [行情] 腾讯补漏成功: HSTECH
2026-04-20T09:57:03:   [天天基金] 最近连续失败，暂时跳过重试
2026-04-20T09:57:04:   [沪深300] 开始获取数据...
2026-04-20T09:57:04:   [中证500] 开始获取数据...
2026-04-20T09:57:04:   [中证红利] 开始获取数据...
2026-04-20T09:57:04:   [中证红利低波] 开始获取数据...
2026-04-20T09:57:04:   [中证消费] 开始获取数据...
2026-04-20T09:57:04:   [科创50] 开始获取数据...
2026-04-20T09:57:04:   [沪深300] 蛋卷基金: PE=14.4034, PE百分位=89.36%, 估值=high
2026-04-20T09:57:04:   [沪深300] 完成: price=4751.53, PE=14.4034, PE%=89.36%, temp=60°, src=danjuan-wind
2026-04-20T09:57:04:   [中证500] 蛋卷基金: PE=36.4631, PE百分位=85.52%, 估值=high
2026-04-20T09:57:04:   [中证500] 完成: price=8301.82, PE=36.4631, PE%=85.52%, temp=74°, src=danjuan-wind
2026-04-20T09:57:04:   [中证红利] 蛋卷基金: PE=8.6124, PE百分位=80.68%, 估值=high
2026-04-20T09:57:04:   [中证红利] 完成: price=5698.26, PE=8.6124, PE%=80.68%, temp=29°, src=danjuan-wind
2026-04-20T09:57:04:   [中证红利低波] 蛋卷基金: PE=8.4035, PE百分位=77.92%, 估值=high
2026-04-20T09:57:04:   [中证红利低波] 完成: price=11355.05, PE=8.4035, PE%=77.92%, temp=N/A, src=danjuan-wind
2026-04-20T09:57:04:   [中证消费] 蛋卷基金: PE=19.9003, PE百分位=7.92%, 估值=low
2026-04-20T09:57:04:   [中证消费] 完成: price=14251.72, PE=19.9003, PE%=7.92%, temp=0°, src=danjuan-wind
2026-04-20T09:57:04:   [科创50] 蛋卷基金: PE=159.6906, PE百分位=92.33%, 估值=high
2026-04-20T09:57:04:   [科创50] 完成: price=1444.39, PE=159.6906, PE%=92.33%, temp=N/A, src=danjuan-wind
2026-04-20T09:57:04:   [恒生科技] 开始获取数据...
2026-04-20T09:57:04:   [标普500] 开始获取数据...
2026-04-20T09:57:04:   [纳斯达克100] 开始获取数据...
2026-04-20T09:57:04:   [上证指数] 开始获取数据...
2026-04-20T09:57:04:   [恒生科技] 蛋卷基金: PE=23.1832, PE百分位=33.98%, 估值=high
2026-04-20T09:57:04:   [恒生科技] 完成: price=5047.44, PE=23.1832, PE%=33.98%, temp=11°, src=danjuan-wind
2026-04-20T09:57:04:   [标普500] 完成: price=7126.06, PE=null, PE%=null%, temp=N/A, src=none
2026-04-20T09:57:04:   [纳斯达克100] 完成: price=24468.48, PE=null, PE%=null%, temp=N/A, src=none
2026-04-20T09:57:04:   [上证指数] 完成: price=4072.8, PE=null, PE%=null%, temp=N/A, src=none
2026-04-20T09:57:04: [数据] ===== 全部完成，耗时 0.5s =====
2026-04-20T09:57:04: [缓存] indices 数据获取完成，耗时 0.5s
2026-04-20T09:57:07: [数据] ===== 开始获取所有指数数据 =====
2026-04-20T09:57:07:   [配置] 核心指数: 沪深300, 中证500, 中证红利, 中证红利低波, 中证消费, 科创50, 恒生科技, 标普500, 纳斯达克100
2026-04-20T09:57:07:   [配置] Dashboard额外: 上证指数
2026-04-20T09:57:07:   [行情] 东方财富批量接口获取 9 条
2026-04-20T09:57:07:   [行情] 东方财富缺失 1 个指数(HSTECH), 用腾讯补漏
2026-04-20T09:57:07:   [行情] 腾讯备用源获取 1 条
2026-04-20T09:57:07:   [行情] 腾讯补漏成功: HSTECH
2026-04-20T09:57:07:   [天天基金] 最近连续失败，暂时跳过重试
2026-04-20T09:57:08:   [沪深300] 开始获取数据...
2026-04-20T09:57:08:   [中证500] 开始获取数据...
2026-04-20T09:57:08:   [中证红利] 开始获取数据...
2026-04-20T09:57:08:   [中证红利低波] 开始获取数据...
2026-04-20T09:57:08:   [中证消费] 开始获取数据...
2026-04-20T09:57:08:   [科创50] 开始获取数据...
2026-04-20T09:57:08:   [沪深300] 蛋卷基金: PE=14.4034, PE百分位=89.36%, 估值=high
2026-04-20T09:57:08:   [沪深300] 完成: price=4751.16, PE=14.4034, PE%=89.36%, temp=60°, src=danjuan-wind
2026-04-20T09:57:08:   [中证500] 蛋卷基金: PE=36.4631, PE百分位=85.52%, 估值=high
2026-04-20T09:57:08:   [中证500] 完成: price=8301.19, PE=36.4631, PE%=85.52%, temp=74°, src=danjuan-wind
2026-04-20T09:57:08:   [中证红利] 蛋卷基金: PE=8.6124, PE百分位=80.68%, 估值=high
2026-04-20T09:57:08:   [中证红利] 完成: price=5698.31, PE=8.6124, PE%=80.68%, temp=29°, src=danjuan-wind
2026-04-20T09:57:08:   [中证红利低波] 蛋卷基金: PE=8.4035, PE百分位=77.92%, 估值=high
2026-04-20T09:57:08:   [中证红利低波] 完成: price=11354.43, PE=8.4035, PE%=77.92%, temp=N/A, src=danjuan-wind
2026-04-20T09:57:08:   [中证消费] 蛋卷基金: PE=19.9003, PE百分位=7.92%, 估值=low
2026-04-20T09:57:08:   [中证消费] 完成: price=14249.13, PE=19.9003, PE%=7.92%, temp=0°, src=danjuan-wind
2026-04-20T09:57:08:   [科创50] 蛋卷基金: PE=159.6906, PE百分位=92.33%, 估值=high
2026-04-20T09:57:08:   [科创50] 完成: price=1444.31, PE=159.6906, PE%=92.33%, temp=N/A, src=danjuan-wind
2026-04-20T09:57:08:   [恒生科技] 开始获取数据...
2026-04-20T09:57:08:   [标普500] 开始获取数据...
2026-04-20T09:57:08:   [纳斯达克100] 开始获取数据...
2026-04-20T09:57:08:   [上证指数] 开始获取数据...
2026-04-20T09:57:08:   [恒生科技] 蛋卷基金: PE=23.1832, PE百分位=33.98%, 估值=high
2026-04-20T09:57:08:   [恒生科技] 完成: price=5047.44, PE=23.1832, PE%=33.98%, temp=11°, src=danjuan-wind
2026-04-20T09:57:08:   [标普500] 完成: price=7126.06, PE=null, PE%=null%, temp=N/A, src=none
2026-04-20T09:57:08:   [纳斯达克100] 完成: price=24468.48, PE=null, PE%=null%, temp=N/A, src=none
2026-04-20T09:57:08:   [上证指数] 完成: price=4072.56, PE=null, PE%=null%, temp=N/A, src=none
2026-04-20T09:57:08: [数据] ===== 全部完成，耗时 0.4s =====
2026-04-20T09:57:08: [缓存] indices 数据获取完成，耗时 0.4s
2026-04-20T09:57:10: [数据] ===== 开始获取所有指数数据 =====
2026-04-20T09:57:10:   [配置] 核心指数: 沪深300, 中证500, 中证红利, 中证红利低波, 中证消费, 科创50, 恒生科技, 标普500, 纳斯达克100
2026-04-20T09:57:10:   [配置] Dashboard额外: 上证指数
2026-04-20T09:57:10:   [行情] 东方财富批量接口获取 9 条
2026-04-20T09:57:10:   [行情] 东方财富缺失 1 个指数(HSTECH), 用腾讯补漏
2026-04-20T09:57:10:   [行情] 腾讯备用源获取 1 条
2026-04-20T09:57:10:   [行情] 腾讯补漏成功: HSTECH
2026-04-20T09:57:10:   [天天基金] 最近连续失败，暂时跳过重试
2026-04-20T09:57:11:   [沪深300] 开始获取数据...
2026-04-20T09:57:11:   [中证500] 开始获取数据...
2026-04-20T09:57:11:   [中证红利] 开始获取数据...
2026-04-20T09:57:11:   [中证红利低波] 开始获取数据...
2026-04-20T09:57:11:   [中证消费] 开始获取数据...
2026-04-20T09:57:11:   [科创50] 开始获取数据...
2026-04-20T09:57:11:   [沪深300] 蛋卷基金: PE=14.4034, PE百分位=89.36%, 估值=high
2026-04-20T09:57:11:   [沪深300] 完成: price=4751.07, PE=14.4034, PE%=89.36%, temp=60°, src=danjuan-wind
2026-04-20T09:57:11:   [中证500] 蛋卷基金: PE=36.4631, PE百分位=85.52%, 估值=high
2026-04-20T09:57:11:   [中证500] 完成: price=8302.05, PE=36.4631, PE%=85.52%, temp=74°, src=danjuan-wind
2026-04-20T09:57:11:   [中证红利] 蛋卷基金: PE=8.6124, PE百分位=80.68%, 估值=high
2026-04-20T09:57:11:   [中证红利] 完成: price=5698.31, PE=8.6124, PE%=80.68%, temp=29°, src=danjuan-wind
2026-04-20T09:57:11:   [中证红利低波] 蛋卷基金: PE=8.4035, PE百分位=77.92%, 估值=high
2026-04-20T09:57:11:   [中证红利低波] 完成: price=11354.43, PE=8.4035, PE%=77.92%, temp=N/A, src=danjuan-wind
2026-04-20T09:57:11:   [中证消费] 蛋卷基金: PE=19.9003, PE百分位=7.92%, 估值=low
2026-04-20T09:57:11:   [中证消费] 完成: price=14248.2, PE=19.9003, PE%=7.92%, temp=0°, src=danjuan-wind
2026-04-20T09:57:11:   [科创50] 蛋卷基金: PE=159.6906, PE百分位=92.33%, 估值=high
2026-04-20T09:57:11:   [科创50] 完成: price=1444.22, PE=159.6906, PE%=92.33%, temp=N/A, src=danjuan-wind
2026-04-20T09:57:11:   [恒生科技] 开始获取数据...
2026-04-20T09:57:11:   [标普500] 开始获取数据...
2026-04-20T09:57:11:   [纳斯达克100] 开始获取数据...
2026-04-20T09:57:11:   [上证指数] 开始获取数据...
2026-04-20T09:57:11:   [恒生科技] 蛋卷基金: PE=23.1832, PE百分位=33.98%, 估值=high
2026-04-20T09:57:11:   [恒生科技] 完成: price=5050.07, PE=23.1832, PE%=33.98%, temp=11°, src=danjuan-wind
2026-04-20T09:57:11:   [标普500] 完成: price=7126.06, PE=null, PE%=null%, temp=N/A, src=none
2026-04-20T09:57:11:   [纳斯达克100] 完成: price=24468.48, PE=null, PE%=null%, temp=N/A, src=none
2026-04-20T09:57:11:   [上证指数] 完成: price=4072.78, PE=null, PE%=null%, temp=N/A, src=none
2026-04-20T09:57:11: [数据] ===== 全部完成，耗时 0.4s =====
2026-04-20T09:57:11: [缓存] indices 数据获取完成，耗时 0.4s
2026-04-20T09:57:11:   [行情] 东方财富批量接口获取 8 条
2026-04-20T09:57:11:   [行情] 东方财富缺失 1 个指数(HSTECH), 用腾讯补漏
2026-04-20T09:57:11:   [行情] 腾讯备用源获取 1 条
2026-04-20T09:57:11:   [行情] 腾讯补漏成功: HSTECH
2026-04-20T09:57:11: [缓存] index-quotes 数据获取完成，耗时 0.0s
2026-04-20T09:57:12: [数据] ===== 开始获取所有指数数据 =====
2026-04-20T09:57:12:   [配置] 核心指数: 沪深300, 中证500, 中证红利, 中证红利低波, 中证消费, 科创50, 恒生科技, 标普500, 纳斯达克100
2026-04-20T09:57:12:   [配置] Dashboard额外: 上证指数
2026-04-20T09:57:12:   [行情] 东方财富批量接口获取 9 条
2026-04-20T09:57:12:   [行情] 东方财富缺失 1 个指数(HSTECH), 用腾讯补漏
2026-04-20T09:57:12:   [行情] 腾讯备用源获取 1 条
2026-04-20T09:57:12:   [行情] 腾讯补漏成功: HSTECH
2026-04-20T09:57:12:   [天天基金] 最近连续失败，暂时跳过重试
2026-04-20T09:57:13:   [沪深300] 开始获取数据...
2026-04-20T09:57:13:   [中证500] 开始获取数据...
2026-04-20T09:57:13:   [中证红利] 开始获取数据...
2026-04-20T09:57:13:   [中证红利低波] 开始获取数据...
2026-04-20T09:57:13:   [中证消费] 开始获取数据...
2026-04-20T09:57:13:   [科创50] 开始获取数据...
2026-04-20T09:57:13:   [沪深300] 蛋卷基金: PE=14.4034, PE百分位=89.36%, 估值=high
2026-04-20T09:57:13:   [沪深300] 完成: price=4751.2, PE=14.4034, PE%=89.36%, temp=60°, src=danjuan-wind
2026-04-20T09:57:13:   [中证500] 蛋卷基金: PE=36.4631, PE百分位=85.52%, 估值=high
2026-04-20T09:57:13:   [中证500] 完成: price=8302.36, PE=36.4631, PE%=85.52%, temp=74°, src=danjuan-wind
2026-04-20T09:57:13:   [中证红利] 蛋卷基金: PE=8.6124, PE百分位=80.68%, 估值=high
2026-04-20T09:57:13:   [中证红利] 完成: price=5698.66, PE=8.6124, PE%=80.68%, temp=29°, src=danjuan-wind
2026-04-20T09:57:13:   [中证红利低波] 蛋卷基金: PE=8.4035, PE百分位=77.92%, 估值=high
2026-04-20T09:57:13:   [中证红利低波] 完成: price=11352.66, PE=8.4035, PE%=77.92%, temp=N/A, src=danjuan-wind
2026-04-20T09:57:13:   [中证消费] 蛋卷基金: PE=19.9003, PE百分位=7.92%, 估值=low
2026-04-20T09:57:13:   [中证消费] 完成: price=14249.5, PE=19.9003, PE%=7.92%, temp=0°, src=danjuan-wind
2026-04-20T09:57:13:   [科创50] 蛋卷基金: PE=159.6906, PE百分位=92.33%, 估值=high
2026-04-20T09:57:13:   [科创50] 完成: price=1444.53, PE=159.6906, PE%=92.33%, temp=N/A, src=danjuan-wind
2026-04-20T09:57:13:   [恒生科技] 开始获取数据...
2026-04-20T09:57:13:   [标普500] 开始获取数据...
2026-04-20T09:57:13:   [纳斯达克100] 开始获取数据...
2026-04-20T09:57:13:   [上证指数] 开始获取数据...
2026-04-20T09:57:13:   [恒生科技] 蛋卷基金: PE=23.1832, PE百分位=33.98%, 估值=high
2026-04-20T09:57:13:   [恒生科技] 完成: price=5050.07, PE=23.1832, PE%=33.98%, temp=11°, src=danjuan-wind
2026-04-20T09:57:13:   [标普500] 完成: price=7126.06, PE=null, PE%=null%, temp=N/A, src=none
2026-04-20T09:57:13:   [纳斯达克100] 完成: price=24468.48, PE=null, PE%=null%, temp=N/A, src=none
2026-04-20T09:57:13:   [上证指数] 完成: price=4073.02, PE=null, PE%=null%, temp=N/A, src=none
2026-04-20T09:57:13: [数据] ===== 全部完成，耗时 0.4s =====
2026-04-20T09:57:13: [缓存] indices 数据获取完成，耗时 0.4s
2026-04-20T09:57:16: [数据] ===== 开始获取所有指数数据 =====
2026-04-20T09:57:16:   [配置] 核心指数: 沪深300, 中证500, 中证红利, 中证红利低波, 中证消费, 科创50, 恒生科技, 标普500, 纳斯达克100
2026-04-20T09:57:16:   [配置] Dashboard额外: 上证指数
2026-04-20T09:57:16:   [行情] 东方财富批量接口获取 9 条
2026-04-20T09:57:16:   [行情] 东方财富缺失 1 个指数(HSTECH), 用腾讯补漏
2026-04-20T09:57:16:   [行情] 腾讯备用源获取 1 条
2026-04-20T09:57:16:   [行情] 腾讯补漏成功: HSTECH
2026-04-20T09:57:16:   [天天基金] 最近连续失败，暂时跳过重试
2026-04-20T09:57:17:   [沪深300] 开始获取数据...
2026-04-20T09:57:17:   [中证500] 开始获取数据...
2026-04-20T09:57:17:   [中证红利] 开始获取数据...
2026-04-20T09:57:17:   [中证红利低波] 开始获取数据...
2026-04-20T09:57:17:   [中证消费] 开始获取数据...
2026-04-20T09:57:17:   [科创50] 开始获取数据...
2026-04-20T09:57:17:   [沪深300] 蛋卷基金: PE=14.4034, PE百分位=89.36%, 估值=high
2026-04-20T09:57:17:   [沪深300] 完成: price=4751.29, PE=14.4034, PE%=89.36%, temp=60°, src=danjuan-wind
2026-04-20T09:57:17:   [中证500] 蛋卷基金: PE=36.4631, PE百分位=85.52%, 估值=high
2026-04-20T09:57:17:   [中证500] 完成: price=8303.78, PE=36.4631, PE%=85.52%, temp=74°, src=danjuan-wind
2026-04-20T09:57:17:   [中证红利] 蛋卷基金: PE=8.6124, PE百分位=80.68%, 估值=high
2026-04-20T09:57:17:   [中证红利] 完成: price=5699.26, PE=8.6124, PE%=80.68%, temp=29°, src=danjuan-wind
2026-04-20T09:57:17:   [中证红利低波] 蛋卷基金: PE=8.4035, PE百分位=77.92%, 估值=high
2026-04-20T09:57:17:   [中证红利低波] 完成: price=11356.18, PE=8.4035, PE%=77.92%, temp=N/A, src=danjuan-wind
2026-04-20T09:57:17:   [中证消费] 蛋卷基金: PE=19.9003, PE百分位=7.92%, 估值=low
2026-04-20T09:57:17:   [中证消费] 完成: price=14250.71, PE=19.9003, PE%=7.92%, temp=0°, src=danjuan-wind
2026-04-20T09:57:17:   [科创50] 蛋卷基金: PE=159.6906, PE百分位=92.33%, 估值=high
2026-04-20T09:57:17:   [科创50] 完成: price=1444.43, PE=159.6906, PE%=92.33%, temp=N/A, src=danjuan-wind
2026-04-20T09:57:18:   [恒生科技] 开始获取数据...
2026-04-20T09:57:18:   [标普500] 开始获取数据...
2026-04-20T09:57:18:   [纳斯达克100] 开始获取数据...
2026-04-20T09:57:18:   [上证指数] 开始获取数据...
2026-04-20T09:57:18:   [恒生科技] 蛋卷基金: PE=23.1832, PE百分位=33.98%, 估值=high
2026-04-20T09:57:18:   [恒生科技] 完成: price=5051.1, PE=23.1832, PE%=33.98%, temp=11°, src=danjuan-wind
2026-04-20T09:57:18:   [标普500] 完成: price=7126.06, PE=null, PE%=null%, temp=N/A, src=none
2026-04-20T09:57:18:   [纳斯达克100] 完成: price=24468.48, PE=null, PE%=null%, temp=N/A, src=none
2026-04-20T09:57:18:   [上证指数] 完成: price=4073.58, PE=null, PE%=null%, temp=N/A, src=none
2026-04-20T09:57:18: [数据] ===== 全部完成，耗时 1.2s =====
2026-04-20T09:57:18: [缓存] indices 数据获取完成，耗时 1.2s
2026-04-20T09:57:19: [数据] ===== 开始获取所有指数数据 =====
2026-04-20T09:57:19:   [配置] 核心指数: 沪深300, 中证500, 中证红利, 中证红利低波, 中证消费, 科创50, 恒生科技, 标普500, 纳斯达克100
2026-04-20T09:57:19:   [配置] Dashboard额外: 上证指数
2026-04-20T09:57:19:   [行情] 东方财富批量接口获取 9 条
2026-04-20T09:57:19:   [行情] 东方财富缺失 1 个指数(HSTECH), 用腾讯补漏
2026-04-20T09:57:19:   [行情] 腾讯备用源获取 1 条
2026-04-20T09:57:19:   [行情] 腾讯补漏成功: HSTECH
2026-04-20T09:57:19:   [天天基金] 最近连续失败，暂时跳过重试
2026-04-20T09:57:19:   [沪深300] 开始获取数据...
2026-04-20T09:57:19:   [中证500] 开始获取数据...
2026-04-20T09:57:19:   [中证红利] 开始获取数据...
2026-04-20T09:57:19:   [中证红利低波] 开始获取数据...
2026-04-20T09:57:19:   [中证消费] 开始获取数据...
2026-04-20T09:57:19:   [科创50] 开始获取数据...
2026-04-20T09:57:19:   [沪深300] 蛋卷基金: PE=14.4034, PE百分位=89.36%, 估值=high
2026-04-20T09:57:19:   [沪深300] 完成: price=4751.69, PE=14.4034, PE%=89.36%, temp=60°, src=danjuan-wind
2026-04-20T09:57:19:   [中证500] 蛋卷基金: PE=36.4631, PE百分位=85.52%, 估值=high
2026-04-20T09:57:19:   [中证500] 完成: price=8305.32, PE=36.4631, PE%=85.52%, temp=74°, src=danjuan-wind
2026-04-20T09:57:19:   [中证红利] 蛋卷基金: PE=8.6124, PE百分位=80.68%, 估值=high
2026-04-20T09:57:19:   [中证红利] 完成: price=5699.26, PE=8.6124, PE%=80.68%, temp=29°, src=danjuan-wind
2026-04-20T09:57:19:   [中证红利低波] 蛋卷基金: PE=8.4035, PE百分位=77.92%, 估值=high
2026-04-20T09:57:19:   [中证红利低波] 完成: price=11356.18, PE=8.4035, PE%=77.92%, temp=N/A, src=danjuan-wind
2026-04-20T09:57:19:   [中证消费] 蛋卷基金: PE=19.9003, PE百分位=7.92%, 估值=low
2026-04-20T09:57:19:   [中证消费] 完成: price=14252.04, PE=19.9003, PE%=7.92%, temp=0°, src=danjuan-wind
2026-04-20T09:57:19:   [科创50] 蛋卷基金: PE=159.6906, PE百分位=92.33%, 估值=high
2026-04-20T09:57:19:   [科创50] 完成: price=1444.25, PE=159.6906, PE%=92.33%, temp=N/A, src=danjuan-wind
2026-04-20T09:57:19:   [恒生科技] 开始获取数据...
2026-04-20T09:57:19:   [标普500] 开始获取数据...
2026-04-20T09:57:19:   [纳斯达克100] 开始获取数据...
2026-04-20T09:57:19:   [上证指数] 开始获取数据...
2026-04-20T09:57:19:   [恒生科技] 蛋卷基金: PE=23.1832, PE百分位=33.98%, 估值=high
2026-04-20T09:57:19:   [恒生科技] 完成: price=5050.9, PE=23.1832, PE%=33.98%, temp=11°, src=danjuan-wind
2026-04-20T09:57:19:   [标普500] 完成: price=7126.06, PE=null, PE%=null%, temp=N/A, src=none
2026-04-20T09:57:19:   [纳斯达克100] 完成: price=24468.48, PE=null, PE%=null%, temp=N/A, src=none
2026-04-20T09:57:19:   [上证指数] 完成: price=4073.82, PE=null, PE%=null%, temp=N/A, src=none
2026-04-20T09:57:19: [数据] ===== 全部完成，耗时 0.5s =====
2026-04-20T09:57:19: [缓存] indices 数据获取完成，耗时 0.5s
2026-04-20T09:57:21: [数据] ===== 开始获取所有指数数据 =====
2026-04-20T09:57:21:   [配置] 核心指数: 沪深300, 中证500, 中证红利, 中证红利低波, 中证消费, 科创50, 恒生科技, 标普500, 纳斯达克100
2026-04-20T09:57:21:   [配置] Dashboard额外: 上证指数
2026-04-20T09:57:21:   [行情] 东方财富批量接口获取 9 条
2026-04-20T09:57:21:   [行情] 东方财富缺失 1 个指数(HSTECH), 用腾讯补漏
2026-04-20T09:57:21:   [行情] 腾讯备用源获取 1 条
2026-04-20T09:57:21:   [行情] 腾讯补漏成功: HSTECH
2026-04-20T09:57:21:   [天天基金] 最近连续失败，暂时跳过重试
2026-04-20T09:57:21:   [沪深300] 开始获取数据...
2026-04-20T09:57:21:   [中证500] 开始获取数据...
2026-04-20T09:57:21:   [中证红利] 开始获取数据...
2026-04-20T09:57:21:   [中证红利低波] 开始获取数据...
2026-04-20T09:57:21:   [中证消费] 开始获取数据...
2026-04-20T09:57:21:   [科创50] 开始获取数据...
2026-04-20T09:57:21:   [沪深300] 蛋卷基金: PE=14.4034, PE百分位=89.36%, 估值=high
2026-04-20T09:57:21:   [沪深300] 完成: price=4751.57, PE=14.4034, PE%=89.36%, temp=60°, src=danjuan-wind
2026-04-20T09:57:21:   [中证500] 蛋卷基金: PE=36.4631, PE百分位=85.52%, 估值=high
2026-04-20T09:57:21:   [中证500] 完成: price=8304.98, PE=36.4631, PE%=85.52%, temp=74°, src=danjuan-wind
2026-04-20T09:57:21:   [中证红利] 蛋卷基金: PE=8.6124, PE百分位=80.68%, 估值=high
2026-04-20T09:57:21:   [中证红利] 完成: price=5699.26, PE=8.6124, PE%=80.68%, temp=29°, src=danjuan-wind
2026-04-20T09:57:21:   [中证红利低波] 蛋卷基金: PE=8.4035, PE百分位=77.92%, 估值=high
2026-04-20T09:57:21:   [中证红利低波] 完成: price=11356.18, PE=8.4035, PE%=77.92%, temp=N/A, src=danjuan-wind
2026-04-20T09:57:21:   [中证消费] 蛋卷基金: PE=19.9003, PE百分位=7.92%, 估值=low
2026-04-20T09:57:21:   [中证消费] 完成: price=14251.62, PE=19.9003, PE%=7.92%, temp=0°, src=danjuan-wind
2026-04-20T09:57:21:   [科创50] 蛋卷基金: PE=159.6906, PE百分位=92.33%, 估值=high
2026-04-20T09:57:21:   [科创50] 完成: price=1444.05, PE=159.6906, PE%=92.33%, temp=N/A, src=danjuan-wind
2026-04-20T09:57:21:   [恒生科技] 开始获取数据...
2026-04-20T09:57:21:   [标普500] 开始获取数据...
2026-04-20T09:57:21:   [纳斯达克100] 开始获取数据...
2026-04-20T09:57:21:   [上证指数] 开始获取数据...
2026-04-20T09:57:21:   [恒生科技] 蛋卷基金: PE=23.1832, PE百分位=33.98%, 估值=high
2026-04-20T09:57:21:   [恒生科技] 完成: price=5051.1, PE=23.1832, PE%=33.98%, temp=11°, src=danjuan-wind
2026-04-20T09:57:21:   [标普500] 完成: price=7126.06, PE=null, PE%=null%, temp=N/A, src=none
2026-04-20T09:57:21:   [纳斯达克100] 完成: price=24468.48, PE=null, PE%=null%, temp=N/A, src=none
2026-04-20T09:57:21:   [上证指数] 完成: price=4073.64, PE=null, PE%=null%, temp=N/A, src=none
2026-04-20T09:57:21: [数据] ===== 全部完成，耗时 0.4s =====
2026-04-20T09:57:21: [缓存] indices 数据获取完成，耗时 0.4s
2026-04-20T09:57:33: [ETF] ===== 获取关注 ETF 行情 =====
2026-04-20T09:57:33:   [ETF行情] 东方财富批量接口获取 6 条
2026-04-20T09:57:33: [ETF] ===== 完成，耗时 0.3s =====
2026-04-20T09:57:33: [缓存] etfs 数据获取完成，耗时 0.3s
2026-04-20T09:57:35: [ETF] ===== 获取关注 ETF 行情 =====
2026-04-20T09:57:35:   [ETF行情] 东方财富批量接口获取 6 条
2026-04-20T09:57:35: [ETF] ===== 完成，耗时 0.1s =====
2026-04-20T09:57:35: [缓存] etfs 数据获取完成，耗时 0.1s
2026-04-20T09:57:38: [ETF] ===== 获取关注 ETF 行情 =====
2026-04-20T09:57:38:   [ETF行情] 东方财富批量接口获取 6 条
2026-04-20T09:57:38: [ETF] ===== 完成，耗时 0.0s =====
2026-04-20T09:57:38: [缓存] etfs 数据获取完成，耗时 0.0s
2026-04-20T09:57:41: [ETF] ===== 获取关注 ETF 行情 =====
2026-04-20T09:57:41:   [ETF行情] 东方财富批量接口获取 6 条
2026-04-20T09:57:41: [ETF] ===== 完成，耗时 0.0s =====
2026-04-20T09:57:41: [缓存] etfs 数据获取完成，耗时 0.0s
2026-04-20T09:57:43: [ETF] ===== 获取关注 ETF 行情 =====
2026-04-20T09:57:43:   [ETF行情] 东方财富批量接口获取 6 条
2026-04-20T09:57:43: [ETF] ===== 完成，耗时 0.0s =====
2026-04-20T09:57:43: [缓存] etfs 数据获取完成，耗时 0.0s
2026-04-20T09:57:46: [ETF] ===== 获取关注 ETF 行情 =====
2026-04-20T09:57:46:   [ETF行情] 东方财富批量接口获取 6 条
2026-04-20T09:57:46: [ETF] ===== 完成，耗时 0.0s =====
2026-04-20T09:57:46: [缓存] etfs 数据获取完成，耗时 0.0s
2026-04-20T09:57:48: [ETF] ===== 获取关注 ETF 行情 =====
2026-04-20T09:57:48:   [ETF行情] 东方财富批量接口获取 6 条
2026-04-20T09:57:48: [ETF] ===== 完成，耗时 0.1s =====
2026-04-20T09:57:48: [缓存] etfs 数据获取完成，耗时 0.1s
2026-04-20T09:57:50: [ETF] ===== 获取关注 ETF 行情 =====
2026-04-20T09:57:50:   [ETF行情] 东方财富批量接口获取 6 条
2026-04-20T09:57:50: [ETF] ===== 完成，耗时 0.0s =====
2026-04-20T09:57:50: [缓存] etfs 数据获取完成，耗时 0.0s
2026-04-20T09:57:53: [ETF] ===== 获取关注 ETF 行情 =====
2026-04-20T09:57:53:   [ETF行情] 东方财富批量接口获取 6 条
2026-04-20T09:57:53: [ETF] ===== 完成，耗时 0.0s =====
2026-04-20T09:57:53: [缓存] etfs 数据获取完成，耗时 0.0s
2026-04-20T09:57:56: [ETF] ===== 获取关注 ETF 行情 =====
2026-04-20T09:57:56:   [ETF行情] 东方财富批量接口获取 6 条
2026-04-20T09:57:56: [ETF] ===== 完成，耗时 0.1s =====
2026-04-20T09:57:56: [缓存] etfs 数据获取完成，耗时 0.1s
2026-04-20T09:57:58: [ETF] ===== 获取关注 ETF 行情 =====
2026-04-20T09:57:58:   [ETF行情] 东方财富批量接口获取 6 条
2026-04-20T09:57:58: [ETF] ===== 完成，耗时 0.0s =====
2026-04-20T09:57:58: [缓存] etfs 数据获取完成，耗时 0.0s
2026-04-20T09:58:01: [ETF] ===== 获取关注 ETF 行情 =====
2026-04-20T09:58:01:   [ETF行情] 东方财富批量接口获取 6 条
2026-04-20T09:58:01: [ETF] ===== 完成，耗时 0.0s =====
2026-04-20T09:58:01: [缓存] etfs 数据获取完成，耗时 0.0s
2026-04-20T09:58:04: [ETF] ===== 获取关注 ETF 行情 =====
2026-04-20T09:58:04:   [ETF行情] 东方财富批量接口获取 6 条
2026-04-20T09:58:04: [ETF] ===== 完成，耗时 0.1s =====
2026-04-20T09:58:04: [缓存] etfs 数据获取完成，耗时 0.1s
2026-04-20T09:58:07: [ETF] ===== 获取关注 ETF 行情 =====
2026-04-20T09:58:07:   [ETF行情] 东方财富批量接口获取 6 条
2026-04-20T09:58:07: [ETF] ===== 完成，耗时 0.0s =====
2026-04-20T09:58:07: [缓存] etfs 数据获取完成，耗时 0.0s
2026-04-20T09:58:10: [ETF] ===== 获取关注 ETF 行情 =====
2026-04-20T09:58:10:   [ETF行情] 东方财富批量接口获取 6 条
2026-04-20T09:58:10: [ETF] ===== 完成，耗时 0.1s =====
2026-04-20T09:58:10: [缓存] etfs 数据获取完成，耗时 0.1s
2026-04-20T09:58:14: [ETF] ===== 获取关注 ETF 行情 =====
2026-04-20T09:58:14:   [ETF行情] 东方财富批量接口获取 6 条
2026-04-20T09:58:14: [ETF] ===== 完成，耗时 0.0s =====
2026-04-20T09:58:14: [缓存] etfs 数据获取完成，耗时 0.0s
2026-04-20T09:58:17: [ETF] ===== 获取关注 ETF 行情 =====
2026-04-20T09:58:18:   [ETF行情] 东方财富批量接口获取 6 条
2026-04-20T09:58:18: [ETF] ===== 完成，耗时 0.2s =====
2026-04-20T09:58:18: [缓存] etfs 数据获取完成，耗时 0.2s
2026-04-20T09:58:20: [ETF] ===== 获取关注 ETF 行情 =====
2026-04-20T09:58:20:   [ETF行情] 东方财富批量接口获取 6 条
2026-04-20T09:58:20: [ETF] ===== 完成，耗时 0.1s =====
2026-04-20T09:58:20: [缓存] etfs 数据获取完成，耗时 0.1s
2026-04-20T09:58:23: [ETF] ===== 获取关注 ETF 行情 =====
2026-04-20T09:58:23:   [ETF行情] 东方财富批量接口获取 6 条
2026-04-20T09:58:23: [ETF] ===== 完成，耗时 0.0s =====
2026-04-20T09:58:23: [缓存] etfs 数据获取完成，耗时 0.0s
2026-04-20T09:58:25: [ETF] ===== 获取关注 ETF 行情 =====
2026-04-20T09:58:25:   [ETF行情] 东方财富批量接口获取 6 条
2026-04-20T09:58:25: [ETF] ===== 完成，耗时 0.0s =====
2026-04-20T09:58:25: [缓存] etfs 数据获取完成，耗时 0.0s
2026-04-20T09:58:27: [ETF] ===== 获取关注 ETF 行情 =====
2026-04-20T09:58:27:   [ETF行情] 东方财富批量接口获取 6 条
2026-04-20T09:58:27: [ETF] ===== 完成，耗时 0.1s =====
2026-04-20T09:58:27: [缓存] etfs 数据获取完成，耗时 0.1s
2026-04-20T09:58:30: [ETF] ===== 获取关注 ETF 行情 =====
2026-04-20T09:58:30:   [ETF行情] 东方财富批量接口获取 6 条
2026-04-20T09:58:30: [ETF] ===== 完成，耗时 0.0s =====
2026-04-20T09:58:30: [缓存] etfs 数据获取完成，耗时 0.0s
2026-04-20T09:58:32: [ETF] ===== 获取关注 ETF 行情 =====
2026-04-20T09:58:32:   [ETF行情] 东方财富批量接口获取 6 条
2026-04-20T09:58:32: [ETF] ===== 完成，耗时 0.0s =====
2026-04-20T09:58:32: [缓存] etfs 数据获取完成，耗时 0.0s
2026-04-20T09:58:35: [ETF] ===== 获取关注 ETF 行情 =====
2026-04-20T09:58:35:   [ETF行情] 东方财富批量接口获取 6 条
2026-04-20T09:58:35: [ETF] ===== 完成，耗时 0.1s =====
2026-04-20T09:58:35: [缓存] etfs 数据获取完成，耗时 0.1s
2026-04-20T09:58:37: [ETF] ===== 获取关注 ETF 行情 =====
2026-04-20T09:58:37:   [ETF行情] 东方财富批量接口获取 6 条
2026-04-20T09:58:37: [ETF] ===== 完成，耗时 0.0s =====
2026-04-20T09:58:37: [缓存] etfs 数据获取完成，耗时 0.0s
2026-04-20T09:58:39: [ETF] ===== 获取关注 ETF 行情 =====
2026-04-20T09:58:39:   [ETF行情] 东方财富批量接口获取 6 条
2026-04-20T09:58:39: [ETF] ===== 完成，耗时 0.0s =====
2026-04-20T09:58:39: [缓存] etfs 数据获取完成，耗时 0.0s
2026-04-20T09:58:41: [ETF] ===== 获取关注 ETF 行情 =====
2026-04-20T09:58:41:   [ETF行情] 东方财富批量接口获取 6 条
2026-04-20T09:58:41: [ETF] ===== 完成，耗时 0.2s =====
2026-04-20T09:58:41: [缓存] etfs 数据获取完成，耗时 0.2s
2026-04-20T09:58:44: [ETF] ===== 获取关注 ETF 行情 =====
2026-04-20T09:58:44:   [ETF行情] 东方财富批量接口获取 6 条
2026-04-20T09:58:44: [ETF] ===== 完成，耗时 0.0s =====
2026-04-20T09:58:44: [缓存] etfs 数据获取完成，耗时 0.0s
2026-04-20T09:58:47: [ETF] ===== 获取关注 ETF 行情 =====
2026-04-20T09:58:47:   [ETF行情] 东方财富批量接口获取 6 条
2026-04-20T09:58:47: [ETF] ===== 完成，耗时 0.1s =====
2026-04-20T09:58:47: [缓存] etfs 数据获取完成，耗时 0.1s
2026-04-20T09:58:50: [ETF] ===== 获取关注 ETF 行情 =====
2026-04-20T09:58:50:   [ETF行情] 东方财富批量接口获取 6 条
2026-04-20T09:58:50: [ETF] ===== 完成，耗时 0.0s =====
2026-04-20T09:58:50: [缓存] etfs 数据获取完成，耗时 0.0s
2026-04-20T09:58:52: [ETF] ===== 获取关注 ETF 行情 =====
2026-04-20T09:58:52:   [ETF行情] 东方财富批量接口获取 6 条
2026-04-20T09:58:52: [ETF] ===== 完成，耗时 0.0s =====
2026-04-20T09:58:52: [缓存] etfs 数据获取完成，耗时 0.0s
2026-04-20T09:58:54: [ETF] ===== 获取关注 ETF 行情 =====
2026-04-20T09:58:54:   [ETF行情] 东方财富批量接口获取 6 条
2026-04-20T09:58:54: [ETF] ===== 完成，耗时 0.1s =====
2026-04-20T09:58:54: [缓存] etfs 数据获取完成，耗时 0.1s
2026-04-20T09:58:56: [ETF] ===== 获取关注 ETF 行情 =====
2026-04-20T09:58:56:   [ETF行情] 东方财富批量接口获取 6 条
2026-04-20T09:58:56: [ETF] ===== 完成，耗时 0.0s =====
2026-04-20T09:58:56: [缓存] etfs 数据获取完成，耗时 0.0s
2026-04-20T09:58:58: [ETF] ===== 获取关注 ETF 行情 =====
2026-04-20T09:58:58:   [ETF行情] 东方财富批量接口获取 6 条
2026-04-20T09:58:58: [ETF] ===== 完成，耗时 0.1s =====
2026-04-20T09:58:58: [缓存] etfs 数据获取完成，耗时 0.1s
2026-04-20T09:59:01: [ETF] ===== 获取关注 ETF 行情 =====
2026-04-20T09:59:01:   [ETF行情] 东方财富批量接口获取 6 条
2026-04-20T09:59:01: [ETF] ===== 完成，耗时 0.1s =====
2026-04-20T09:59:01: [缓存] etfs 数据获取完成，耗时 0.1s
2026-04-20T09:59:05: [ETF] ===== 获取关注 ETF 行情 =====
2026-04-20T09:59:05:   [ETF行情] 东方财富批量接口获取 6 条
2026-04-20T09:59:05: [ETF] ===== 完成，耗时 0.0s =====
2026-04-20T09:59:05: [缓存] etfs 数据获取完成，耗时 0.0s
2026-04-20T09:59:07: [ETF] ===== 获取关注 ETF 行情 =====
2026-04-20T09:59:07:   [ETF行情] 东方财富批量接口获取 6 条
2026-04-20T09:59:07: [ETF] ===== 完成，耗时 0.1s =====
2026-04-20T09:59:07: [缓存] etfs 数据获取完成，耗时 0.1s
2026-04-20T09:59:09: [ETF] ===== 获取关注 ETF 行情 =====
2026-04-20T09:59:09:   [ETF行情] 东方财富批量接口获取 6 条
2026-04-20T09:59:09: [ETF] ===== 完成，耗时 0.0s =====
2026-04-20T09:59:09: [缓存] etfs 数据获取完成，耗时 0.0s
2026-04-20T09:59:11: [ETF] ===== 获取关注 ETF 行情 =====
2026-04-20T09:59:12:   [ETF行情] 东方财富批量接口获取 6 条
2026-04-20T09:59:12: [ETF] ===== 完成，耗时 0.2s =====
2026-04-20T09:59:12: [缓存] etfs 数据获取完成，耗时 0.2s
2026-04-20T09:59:13: [ETF] ===== 获取关注 ETF 行情 =====
2026-04-20T09:59:13:   [ETF行情] 东方财富批量接口获取 6 条
2026-04-20T09:59:13: [ETF] ===== 完成，耗时 0.1s =====
2026-04-20T09:59:13: [缓存] etfs 数据获取完成，耗时 0.1s
2026-04-20T09:59:16: [ETF] ===== 获取关注 ETF 行情 =====
2026-04-20T09:59:16:   [ETF行情] 东方财富批量接口获取 6 条
2026-04-20T09:59:16: [ETF] ===== 完成，耗时 0.0s =====
2026-04-20T09:59:16: [缓存] etfs 数据获取完成，耗时 0.0s
2026-04-20T09:59:18: [ETF] ===== 获取关注 ETF 行情 =====
2026-04-20T09:59:18:   [ETF行情] 东方财富批量接口获取 6 条
2026-04-20T09:59:18: [ETF] ===== 完成，耗时 0.0s =====
2026-04-20T09:59:18: [缓存] etfs 数据获取完成，耗时 0.0s
2026-04-20T09:59:20: [ETF] ===== 获取关注 ETF 行情 =====
2026-04-20T09:59:20:   [ETF行情] 东方财富批量接口获取 6 条
2026-04-20T09:59:20: [ETF] ===== 完成，耗时 0.0s =====
2026-04-20T09:59:20: [缓存] etfs 数据获取完成，耗时 0.0s
2026-04-20T09:59:23: [ETF] ===== 获取关注 ETF 行情 =====
2026-04-20T09:59:23:   [ETF行情] 东方财富批量接口获取 6 条
2026-04-20T09:59:23: [ETF] ===== 完成，耗时 0.0s =====
2026-04-20T09:59:23: [缓存] etfs 数据获取完成，耗时 0.0s
2026-04-20T09:59:26: [ETF] ===== 获取关注 ETF 行情 =====
2026-04-20T09:59:26:   [ETF行情] 东方财富批量接口获取 6 条
2026-04-20T09:59:26: [ETF] ===== 完成，耗时 0.1s =====
2026-04-20T09:59:26: [缓存] etfs 数据获取完成，耗时 0.1s
2026-04-20T09:59:28: [ETF] ===== 获取关注 ETF 行情 =====
2026-04-20T09:59:28:   [ETF行情] 东方财富批量接口获取 6 条
2026-04-20T09:59:28: [ETF] ===== 完成，耗时 0.0s =====
2026-04-20T09:59:28: [缓存] etfs 数据获取完成，耗时 0.0s
2026-04-20T09:59:31: [ETF] ===== 获取关注 ETF 行情 =====
2026-04-20T09:59:31:   [ETF行情] 东方财富批量接口获取 6 条
2026-04-20T09:59:31: [ETF] ===== 完成，耗时 0.0s =====
2026-04-20T09:59:31: [缓存] etfs 数据获取完成，耗时 0.0s
2026-04-20T09:59:34: [ETF] ===== 获取关注 ETF 行情 =====
2026-04-20T09:59:34:   [ETF行情] 东方财富批量接口获取 6 条
2026-04-20T09:59:34: [ETF] ===== 完成，耗时 0.1s =====
2026-04-20T09:59:34: [缓存] etfs 数据获取完成，耗时 0.1s
2026-04-20T09:59:37: [ETF] ===== 获取关注 ETF 行情 =====
2026-04-20T09:59:37:   [ETF行情] 东方财富批量接口获取 6 条
2026-04-20T09:59:37: [ETF] ===== 完成，耗时 0.0s =====
2026-04-20T09:59:37: [缓存] etfs 数据获取完成，耗时 0.0s
2026-04-20T09:59:39: [ETF] ===== 获取关注 ETF 行情 =====
2026-04-20T09:59:39:   [ETF行情] 东方财富批量接口获取 6 条
2026-04-20T09:59:39: [ETF] ===== 完成，耗时 0.0s =====
2026-04-20T09:59:39: [缓存] etfs 数据获取完成，耗时 0.0s
2026-04-20T09:59:41: [ETF] ===== 获取关注 ETF 行情 =====
2026-04-20T09:59:41:   [ETF行情] 东方财富批量接口获取 6 条
2026-04-20T09:59:41: [ETF] ===== 完成，耗时 0.1s =====
2026-04-20T09:59:41: [缓存] etfs 数据获取完成，耗时 0.1s
2026-04-20T09:59:44: [ETF] ===== 获取关注 ETF 行情 =====
2026-04-20T09:59:44:   [ETF行情] 东方财富批量接口获取 6 条
2026-04-20T09:59:44: [ETF] ===== 完成，耗时 0.0s =====
2026-04-20T09:59:44: [缓存] etfs 数据获取完成，耗时 0.0s
2026-04-20T09:59:46: [ETF] ===== 获取关注 ETF 行情 =====
2026-04-20T09:59:46:   [ETF行情] 东方财富批量接口获取 6 条
2026-04-20T09:59:46: [ETF] ===== 完成，耗时 0.0s =====
2026-04-20T09:59:46: [缓存] etfs 数据获取完成，耗时 0.0s
2026-04-20T09:59:48: [ETF] ===== 获取关注 ETF 行情 =====
2026-04-20T09:59:48:   [ETF行情] 东方财富批量接口获取 6 条
2026-04-20T09:59:48: [ETF] ===== 完成，耗时 0.0s =====
2026-04-20T09:59:48: [缓存] etfs 数据获取完成，耗时 0.0s
2026-04-20T09:59:50: [ETF] ===== 获取关注 ETF 行情 =====
2026-04-20T09:59:50:   [ETF行情] 东方财富批量接口获取 6 条
2026-04-20T09:59:50: [ETF] ===== 完成，耗时 0.0s =====
2026-04-20T09:59:50: [缓存] etfs 数据获取完成，耗时 0.0s
2026-04-20T09:59:53: [ETF] ===== 获取关注 ETF 行情 =====
2026-04-20T09:59:53:   [ETF行情] 东方财富批量接口获取 6 条
2026-04-20T09:59:53: [ETF] ===== 完成，耗时 0.0s =====
2026-04-20T09:59:53: [缓存] etfs 数据获取完成，耗时 0.0s
2026-04-20T09:59:55: [ETF] ===== 获取关注 ETF 行情 =====
2026-04-20T09:59:55:   [ETF行情] 东方财富批量接口获取 6 条
2026-04-20T09:59:55: [ETF] ===== 完成，耗时 0.1s =====
2026-04-20T09:59:55: [缓存] etfs 数据获取完成，耗时 0.1s
2026-04-20T09:59:58: [ETF] ===== 获取关注 ETF 行情 =====
2026-04-20T09:59:58:   [ETF行情] 东方财富批量接口获取 6 条
2026-04-20T09:59:58: [ETF] ===== 完成，耗时 0.0s =====
2026-04-20T09:59:58: [缓存] etfs 数据获取完成，耗时 0.0s
2026-04-20T10:00:00: [ETF] ===== 获取关注 ETF 行情 =====
2026-04-20T10:00:00:   [ETF行情] 东方财富批量接口获取 6 条
2026-04-20T10:00:00: [ETF] ===== 完成，耗时 0.0s =====
2026-04-20T10:00:00: [缓存] etfs 数据获取完成，耗时 0.0s
2026-04-20T10:00:03: [ETF] ===== 获取关注 ETF 行情 =====
2026-04-20T10:00:03:   [ETF行情] 东方财富批量接口获取 6 条
2026-04-20T10:00:03: [ETF] ===== 完成，耗时 0.1s =====
2026-04-20T10:00:03: [缓存] etfs 数据获取完成，耗时 0.1s
2026-04-20T10:00:05: [ETF] ===== 获取关注 ETF 行情 =====
2026-04-20T10:00:05:   [ETF行情] 东方财富批量接口获取 6 条
2026-04-20T10:00:05: [ETF] ===== 完成，耗时 0.0s =====
2026-04-20T10:00:05: [缓存] etfs 数据获取完成，耗时 0.0s
2026-04-20T10:00:08: [ETF] ===== 获取关注 ETF 行情 =====
2026-04-20T10:00:08:   [ETF行情] 东方财富批量接口获取 6 条
2026-04-20T10:00:08: [ETF] ===== 完成，耗时 0.0s =====
2026-04-20T10:00:08: [缓存] etfs 数据获取完成，耗时 0.0s
2026-04-20T10:00:11: [ETF] ===== 获取关注 ETF 行情 =====
2026-04-20T10:00:11:   [ETF行情] 东方财富批量接口获取 6 条
2026-04-20T10:00:11: [ETF] ===== 完成，耗时 0.1s =====
2026-04-20T10:00:11: [缓存] etfs 数据获取完成，耗时 0.1s
2026-04-20T10:00:13: [ETF] ===== 获取关注 ETF 行情 =====
2026-04-20T10:00:13:   [ETF行情] 东方财富批量接口获取 6 条
2026-04-20T10:00:13: [ETF] ===== 完成，耗时 0.0s =====
2026-04-20T10:00:13: [缓存] etfs 数据获取完成，耗时 0.0s
2026-04-20T10:00:15: [ETF] ===== 获取关注 ETF 行情 =====
2026-04-20T10:00:15:   [ETF行情] 东方财富批量接口获取 6 条
2026-04-20T10:00:15: [ETF] ===== 完成，耗时 0.0s =====
2026-04-20T10:00:15: [缓存] etfs 数据获取完成，耗时 0.0s
2026-04-20T10:00:18: [ETF] ===== 获取关注 ETF 行情 =====
2026-04-20T10:00:18:   [ETF行情] 东方财富批量接口获取 6 条
2026-04-20T10:00:18: [ETF] ===== 完成，耗时 0.1s =====
2026-04-20T10:00:18: [缓存] etfs 数据获取完成，耗时 0.1s
2026-04-20T10:00:20: [ETF] ===== 获取关注 ETF 行情 =====
2026-04-20T10:00:20:   [ETF行情] 东方财富批量接口获取 6 条
2026-04-20T10:00:20: [ETF] ===== 完成，耗时 0.0s =====
2026-04-20T10:00:20: [缓存] etfs 数据获取完成，耗时 0.0s
2026-04-20T10:00:23: [ETF] ===== 获取关注 ETF 行情 =====
2026-04-20T10:00:23:   [ETF行情] 东方财富批量接口获取 6 条
2026-04-20T10:00:23: [ETF] ===== 完成，耗时 0.0s =====
2026-04-20T10:00:23: [缓存] etfs 数据获取完成，耗时 0.0s
2026-04-20T10:00:26: [ETF] ===== 获取关注 ETF 行情 =====
2026-04-20T10:00:26:   [ETF行情] 东方财富批量接口获取 6 条
2026-04-20T10:00:26: [ETF] ===== 完成，耗时 0.1s =====
2026-04-20T10:00:26: [缓存] etfs 数据获取完成，耗时 0.1s
2026-04-20T10:00:29: [ETF] ===== 获取关注 ETF 行情 =====
2026-04-20T10:00:29:   [ETF行情] 东方财富批量接口获取 6 条
2026-04-20T10:00:29: [ETF] ===== 完成，耗时 0.0s =====
2026-04-20T10:00:29: [缓存] etfs 数据获取完成，耗时 0.0s
2026-04-20T10:00:32: [ETF] ===== 获取关注 ETF 行情 =====
2026-04-20T10:00:32:   [ETF行情] 东方财富批量接口获取 6 条
2026-04-20T10:00:32: [ETF] ===== 完成，耗时 0.1s =====
2026-04-20T10:00:32: [缓存] etfs 数据获取完成，耗时 0.1s
2026-04-20T10:00:34: [ETF] ===== 获取关注 ETF 行情 =====
2026-04-20T10:00:34:   [ETF行情] 东方财富批量接口获取 6 条
2026-04-20T10:00:34: [ETF] ===== 完成，耗时 0.0s =====
2026-04-20T10:00:34: [缓存] etfs 数据获取完成，耗时 0.0s
2026-04-20T10:00:37: [ETF] ===== 获取关注 ETF 行情 =====
2026-04-20T10:00:37:   [ETF行情] 东方财富批量接口获取 6 条
2026-04-20T10:00:37: [ETF] ===== 完成，耗时 0.0s =====
2026-04-20T10:00:37: [缓存] etfs 数据获取完成，耗时 0.0s
2026-04-20T10:00:40: [ETF] ===== 获取关注 ETF 行情 =====
2026-04-20T10:00:40:   [ETF行情] 东方财富批量接口获取 6 条
2026-04-20T10:00:40: [ETF] ===== 完成，耗时 0.1s =====
2026-04-20T10:00:40: [缓存] etfs 数据获取完成，耗时 0.1s
2026-04-20T10:00:43: [ETF] ===== 获取关注 ETF 行情 =====
2026-04-20T10:00:43:   [ETF行情] 东方财富批量接口获取 6 条
2026-04-20T10:00:43: [ETF] ===== 完成，耗时 0.0s =====
2026-04-20T10:00:43: [缓存] etfs 数据获取完成，耗时 0.0s
2026-04-20T10:00:46: [ETF] ===== 获取关注 ETF 行情 =====
2026-04-20T10:00:46:   [ETF行情] 东方财富批量接口获取 6 条
2026-04-20T10:00:46: [ETF] ===== 完成，耗时 0.1s =====
2026-04-20T10:00:46: [缓存] etfs 数据获取完成，耗时 0.1s
2026-04-20T10:00:49: [ETF] ===== 获取关注 ETF 行情 =====
2026-04-20T10:00:49:   [ETF行情] 东方财富批量接口获取 6 条
2026-04-20T10:00:49: [ETF] ===== 完成，耗时 0.0s =====
2026-04-20T10:00:49: [缓存] etfs 数据获取完成，耗时 0.0s
2026-04-20T10:00:51: [ETF] ===== 获取关注 ETF 行情 =====
2026-04-20T10:00:51:   [ETF行情] 东方财富批量接口获取 6 条
2026-04-20T10:00:51: [ETF] ===== 完成，耗时 0.0s =====
2026-04-20T10:00:51: [缓存] etfs 数据获取完成，耗时 0.0s
2026-04-20T10:00:53: [ETF] ===== 获取关注 ETF 行情 =====
2026-04-20T10:00:53:   [ETF行情] 东方财富批量接口获取 6 条
2026-04-20T10:00:53: [ETF] ===== 完成，耗时 0.1s =====
2026-04-20T10:00:53: [缓存] etfs 数据获取完成，耗时 0.1s
2026-04-20T10:00:55: [ETF] ===== 获取关注 ETF 行情 =====
2026-04-20T10:00:55:   [ETF行情] 东方财富批量接口获取 6 条
2026-04-20T10:00:55: [ETF] ===== 完成，耗时 0.0s =====
2026-04-20T10:00:55: [缓存] etfs 数据获取完成，耗时 0.0s
2026-04-20T10:00:58: [ETF] ===== 获取关注 ETF 行情 =====
2026-04-20T10:00:58:   [ETF行情] 东方财富批量接口获取 6 条
2026-04-20T10:00:58: [ETF] ===== 完成，耗时 0.0s =====
2026-04-20T10:00:58: [缓存] etfs 数据获取完成，耗时 0.0s
2026-04-20T10:01:01: [ETF] ===== 获取关注 ETF 行情 =====
2026-04-20T10:01:01:   [ETF行情] 东方财富批量接口获取 6 条
2026-04-20T10:01:01: [ETF] ===== 完成，耗时 0.1s =====
2026-04-20T10:01:01: [缓存] etfs 数据获取完成，耗时 0.1s
2026-04-20T10:01:04: [ETF] ===== 获取关注 ETF 行情 =====
2026-04-20T10:01:04:   [ETF行情] 东方财富批量接口获取 6 条
2026-04-20T10:01:04: [ETF] ===== 完成，耗时 0.0s =====
2026-04-20T10:01:04: [缓存] etfs 数据获取完成，耗时 0.0s
2026-04-20T10:01:06: [ETF] ===== 获取关注 ETF 行情 =====
2026-04-20T10:01:06:   [ETF行情] 东方财富批量接口获取 6 条
2026-04-20T10:01:06: [ETF] ===== 完成，耗时 0.0s =====
2026-04-20T10:01:06: [缓存] etfs 数据获取完成，耗时 0.0s
2026-04-20T10:01:09: [ETF] ===== 获取关注 ETF 行情 =====
2026-04-20T10:01:09:   [ETF行情] 东方财富批量接口获取 6 条
2026-04-20T10:01:09: [ETF] ===== 完成，耗时 0.1s =====
2026-04-20T10:01:09: [缓存] etfs 数据获取完成，耗时 0.1s
2026-04-20T10:01:12: [ETF] ===== 获取关注 ETF 行情 =====
2026-04-20T10:01:12:   [ETF行情] 东方财富批量接口获取 6 条
2026-04-20T10:01:12: [ETF] ===== 完成，耗时 0.0s =====
2026-04-20T10:01:12: [缓存] etfs 数据获取完成，耗时 0.0s
2026-04-20T10:01:15: [ETF] ===== 获取关注 ETF 行情 =====
2026-04-20T10:01:15:   [ETF行情] 东方财富批量接口获取 6 条
2026-04-20T10:01:15: [ETF] ===== 完成，耗时 0.1s =====
2026-04-20T10:01:15: [缓存] etfs 数据获取完成，耗时 0.1s
2026-04-20T10:01:18: [ETF] ===== 获取关注 ETF 行情 =====
2026-04-20T10:01:18:   [ETF行情] 东方财富批量接口获取 6 条
2026-04-20T10:01:18: [ETF] ===== 完成，耗时 0.0s =====
2026-04-20T10:01:18: [缓存] etfs 数据获取完成，耗时 0.0s
2026-04-20T10:01:21: [ETF] ===== 获取关注 ETF 行情 =====
2026-04-20T10:01:21:   [ETF行情] 东方财富批量接口获取 6 条
2026-04-20T10:01:21: [ETF] ===== 完成，耗时 0.1s =====
2026-04-20T10:01:21: [缓存] etfs 数据获取完成，耗时 0.1s
2026-04-20T10:01:23: [ETF] ===== 获取关注 ETF 行情 =====
2026-04-20T10:01:23:   [ETF行情] 东方财富批量接口获取 6 条
2026-04-20T10:01:23: [ETF] ===== 完成，耗时 0.0s =====
2026-04-20T10:01:23: [缓存] etfs 数据获取完成，耗时 0.0s
2026-04-20T10:01:25: [ETF] ===== 获取关注 ETF 行情 =====
2026-04-20T10:01:25:   [ETF行情] 东方财富批量接口获取 6 条
2026-04-20T10:01:25: [ETF] ===== 完成，耗时 0.0s =====
2026-04-20T10:01:25: [缓存] etfs 数据获取完成，耗时 0.0s
2026-04-20T10:01:27: [ETF] ===== 获取关注 ETF 行情 =====
2026-04-20T10:01:27:   [ETF行情] 东方财富批量接口获取 6 条
2026-04-20T10:01:27: [ETF] ===== 完成，耗时 0.2s =====
2026-04-20T10:01:27: [缓存] etfs 数据获取完成，耗时 0.2s
2026-04-20T10:01:29: [ETF] ===== 获取关注 ETF 行情 =====
2026-04-20T10:01:29:   [ETF行情] 东方财富批量接口获取 6 条
2026-04-20T10:01:29: [ETF] ===== 完成，耗时 0.0s =====
2026-04-20T10:01:29: [缓存] etfs 数据获取完成，耗时 0.0s
2026-04-20T10:01:31: [ETF] ===== 获取关注 ETF 行情 =====
2026-04-20T10:01:31:   [ETF行情] 东方财富批量接口获取 6 条
2026-04-20T10:01:31: [ETF] ===== 完成，耗时 0.0s =====
2026-04-20T10:01:31: [缓存] etfs 数据获取完成，耗时 0.0s
2026-04-20T10:01:33: [ETF] ===== 获取关注 ETF 行情 =====
2026-04-20T10:01:33:   [ETF行情] 东方财富批量接口获取 6 条
2026-04-20T10:01:33: [ETF] ===== 完成，耗时 0.1s =====
2026-04-20T10:01:33: [缓存] etfs 数据获取完成，耗时 0.1s
2026-04-20T10:01:36: [ETF] ===== 获取关注 ETF 行情 =====
2026-04-20T10:01:36:   [ETF行情] 东方财富批量接口获取 6 条
2026-04-20T10:01:36: [ETF] ===== 完成，耗时 0.0s =====
2026-04-20T10:01:36: [缓存] etfs 数据获取完成，耗时 0.0s
2026-04-20T10:01:39: [ETF] ===== 获取关注 ETF 行情 =====
2026-04-20T10:01:39:   [ETF行情] 东方财富批量接口获取 6 条
2026-04-20T10:01:39: [ETF] ===== 完成，耗时 0.1s =====
2026-04-20T10:01:39: [缓存] etfs 数据获取完成，耗时 0.1s
2026-04-20T10:01:41: [ETF] ===== 获取关注 ETF 行情 =====
2026-04-20T10:01:41:   [ETF行情] 东方财富批量接口获取 6 条
2026-04-20T10:01:41: [ETF] ===== 完成，耗时 0.0s =====
2026-04-20T10:01:41: [缓存] etfs 数据获取完成，耗时 0.0s
2026-04-20T10:01:43: [ETF] ===== 获取关注 ETF 行情 =====
2026-04-20T10:01:43:   [ETF行情] 东方财富批量接口获取 6 条
2026-04-20T10:01:43: [ETF] ===== 完成，耗时 0.0s =====
2026-04-20T10:01:43: [缓存] etfs 数据获取完成，耗时 0.0s
2026-04-20T10:01:45: [ETF] ===== 获取关注 ETF 行情 =====
2026-04-20T10:01:45:   [ETF行情] 东方财富批量接口获取 6 条
2026-04-20T10:01:45: [ETF] ===== 完成，耗时 0.1s =====
2026-04-20T10:01:45: [缓存] etfs 数据获取完成，耗时 0.1s
2026-04-20T10:01:48: [ETF] ===== 获取关注 ETF 行情 =====
2026-04-20T10:01:48:   [ETF行情] 东方财富批量接口获取 6 条
2026-04-20T10:01:48: [ETF] ===== 完成，耗时 0.0s =====
2026-04-20T10:01:48: [缓存] etfs 数据获取完成，耗时 0.0s
2026-04-20T10:01:50: [ETF] ===== 获取关注 ETF 行情 =====
2026-04-20T10:01:50:   [ETF行情] 东方财富批量接口获取 6 条
2026-04-20T10:01:50: [ETF] ===== 完成，耗时 0.0s =====
2026-04-20T10:01:50: [缓存] etfs 数据获取完成，耗时 0.0s
2026-04-20T10:01:53: [ETF] ===== 获取关注 ETF 行情 =====
2026-04-20T10:01:53:   [ETF行情] 东方财富批量接口获取 6 条
2026-04-20T10:01:53: [ETF] ===== 完成，耗时 0.1s =====
2026-04-20T10:01:53: [缓存] etfs 数据获取完成，耗时 0.1s
2026-04-20T10:01:55: [ETF] ===== 获取关注 ETF 行情 =====
2026-04-20T10:01:55:   [ETF行情] 东方财富批量接口获取 6 条
2026-04-20T10:01:55: [ETF] ===== 完成，耗时 0.0s =====
2026-04-20T10:01:55: [缓存] etfs 数据获取完成，耗时 0.0s
2026-04-20T10:01:58: [ETF] ===== 获取关注 ETF 行情 =====
2026-04-20T10:01:58:   [ETF行情] 东方财富批量接口获取 6 条
2026-04-20T10:01:58: [ETF] ===== 完成，耗时 0.0s =====
2026-04-20T10:01:58: [缓存] etfs 数据获取完成，耗时 0.0s
2026-04-20T10:02:01: [ETF] ===== 获取关注 ETF 行情 =====
2026-04-20T10:02:01:   [ETF行情] 东方财富批量接口获取 6 条
2026-04-20T10:02:01: [ETF] ===== 完成，耗时 0.1s =====
2026-04-20T10:02:01: [缓存] etfs 数据获取完成，耗时 0.1s
2026-04-20T10:02:03: [ETF] ===== 获取关注 ETF 行情 =====
2026-04-20T10:02:03:   [ETF行情] 东方财富批量接口获取 6 条
2026-04-20T10:02:03: [ETF] ===== 完成，耗时 0.0s =====
2026-04-20T10:02:03: [缓存] etfs 数据获取完成，耗时 0.0s
2026-04-20T10:02:05: [ETF] ===== 获取关注 ETF 行情 =====
2026-04-20T10:02:05:   [ETF行情] 东方财富批量接口获取 6 条
2026-04-20T10:02:05: [ETF] ===== 完成，耗时 0.1s =====
2026-04-20T10:02:05: [缓存] etfs 数据获取完成，耗时 0.1s
2026-04-20T10:02:08: [ETF] ===== 获取关注 ETF 行情 =====
2026-04-20T10:02:08:   [ETF行情] 东方财富批量接口获取 6 条
2026-04-20T10:02:08: [ETF] ===== 完成，耗时 0.1s =====
2026-04-20T10:02:08: [缓存] etfs 数据获取完成，耗时 0.1s
2026-04-20T10:02:10: [ETF] ===== 获取关注 ETF 行情 =====
2026-04-20T10:02:10:   [ETF行情] 东方财富批量接口获取 6 条
2026-04-20T10:02:10: [ETF] ===== 完成，耗时 0.0s =====
2026-04-20T10:02:10: [缓存] etfs 数据获取完成，耗时 0.0s
2026-04-20T10:02:12: [ETF] ===== 获取关注 ETF 行情 =====
2026-04-20T10:02:12:   [ETF行情] 东方财富批量接口获取 6 条
2026-04-20T10:02:12: [ETF] ===== 完成，耗时 0.0s =====
2026-04-20T10:02:12: [缓存] etfs 数据获取完成，耗时 0.0s
2026-04-20T10:02:15: [ETF] ===== 获取关注 ETF 行情 =====
2026-04-20T10:02:15:   [ETF行情] 东方财富批量接口获取 6 条
2026-04-20T10:02:15: [ETF] ===== 完成，耗时 0.1s =====
2026-04-20T10:02:15: [缓存] etfs 数据获取完成，耗时 0.1s
2026-04-20T10:02:17: [ETF] ===== 获取关注 ETF 行情 =====
2026-04-20T10:02:17:   [ETF行情] 东方财富批量接口获取 6 条
2026-04-20T10:02:17: [ETF] ===== 完成，耗时 0.0s =====
2026-04-20T10:02:17: [缓存] etfs 数据获取完成，耗时 0.0s
2026-04-20T10:02:19: [ETF] ===== 获取关注 ETF 行情 =====
2026-04-20T10:02:19:   [ETF行情] 东方财富批量接口获取 6 条
2026-04-20T10:02:19: [ETF] ===== 完成，耗时 0.0s =====
2026-04-20T10:02:19: [缓存] etfs 数据获取完成，耗时 0.0s
2026-04-20T10:02:22: [ETF] ===== 获取关注 ETF 行情 =====
2026-04-20T10:02:23:   [ETF行情] 东方财富批量接口获取 6 条
2026-04-20T10:02:23: [ETF] ===== 完成，耗时 0.2s =====
2026-04-20T10:02:23: [缓存] etfs 数据获取完成，耗时 0.2s
2026-04-20T10:02:24: [ETF] ===== 获取关注 ETF 行情 =====
2026-04-20T10:02:24:   [ETF行情] 东方财富批量接口获取 6 条
2026-04-20T10:02:24: [ETF] ===== 完成，耗时 0.1s =====
2026-04-20T10:02:24: [缓存] etfs 数据获取完成，耗时 0.1s
2026-04-20T10:02:27: [ETF] ===== 获取关注 ETF 行情 =====
2026-04-20T10:02:27:   [ETF行情] 东方财富批量接口获取 6 条
2026-04-20T10:02:27: [ETF] ===== 完成，耗时 0.0s =====
2026-04-20T10:02:27: [缓存] etfs 数据获取完成，耗时 0.0s
2026-04-20T10:02:30: [ETF] ===== 获取关注 ETF 行情 =====
2026-04-20T10:02:30:   [ETF行情] 东方财富批量接口获取 6 条
2026-04-20T10:02:32: [ETF] ===== 完成，耗时 1.2s =====
2026-04-20T10:02:32: [缓存] etfs 数据获取完成，耗时 1.2s
2026-04-20T10:02:34: [ETF] ===== 获取关注 ETF 行情 =====
2026-04-20T10:02:34:   [ETF行情] 东方财富批量接口获取 6 条
2026-04-20T10:02:34: [ETF] ===== 完成，耗时 0.0s =====
2026-04-20T10:02:34: [缓存] etfs 数据获取完成，耗时 0.0s
2026-04-20T10:02:36: [ETF] ===== 获取关注 ETF 行情 =====
2026-04-20T10:02:36:   [ETF行情] 东方财富批量接口获取 6 条
2026-04-20T10:02:36: [ETF] ===== 完成，耗时 0.0s =====
2026-04-20T10:02:36: [缓存] etfs 数据获取完成，耗时 0.0s
2026-04-20T10:02:39: [ETF] ===== 获取关注 ETF 行情 =====
2026-04-20T10:02:39:   [ETF行情] 东方财富批量接口获取 6 条
2026-04-20T10:02:39: [ETF] ===== 完成，耗时 0.1s =====
2026-04-20T10:02:39: [缓存] etfs 数据获取完成，耗时 0.1s
2026-04-20T10:02:42: [ETF] ===== 获取关注 ETF 行情 =====
2026-04-20T10:02:42:   [ETF行情] 东方财富批量接口获取 6 条
2026-04-20T10:02:42: [ETF] ===== 完成，耗时 0.1s =====
2026-04-20T10:02:42: [缓存] etfs 数据获取完成，耗时 0.1s
2026-04-20T10:02:45: [ETF] ===== 获取关注 ETF 行情 =====
2026-04-20T10:02:45:   [ETF行情] 东方财富批量接口获取 6 条
2026-04-20T10:02:45: [ETF] ===== 完成，耗时 0.0s =====
2026-04-20T10:02:45: [缓存] etfs 数据获取完成，耗时 0.0s
2026-04-20T10:02:47: [ETF] ===== 获取关注 ETF 行情 =====
2026-04-20T10:02:47:   [ETF行情] 东方财富批量接口获取 6 条
2026-04-20T10:02:47: [ETF] ===== 完成，耗时 0.0s =====
2026-04-20T10:02:47: [缓存] etfs 数据获取完成，耗时 0.0s
2026-04-20T10:02:49: [ETF] ===== 获取关注 ETF 行情 =====
2026-04-20T10:02:49:   [ETF行情] 东方财富批量接口获取 6 条
2026-04-20T10:02:49: [ETF] ===== 完成，耗时 0.1s =====
2026-04-20T10:02:49: [缓存] etfs 数据获取完成，耗时 0.1s
2026-04-20T10:02:51: [ETF] ===== 获取关注 ETF 行情 =====
2026-04-20T10:02:51:   [ETF行情] 东方财富批量接口获取 6 条
2026-04-20T10:02:51: [ETF] ===== 完成，耗时 0.0s =====
2026-04-20T10:02:51: [缓存] etfs 数据获取完成，耗时 0.0s
2026-04-20T10:02:54: [ETF] ===== 获取关注 ETF 行情 =====
2026-04-20T10:02:54:   [ETF行情] 东方财富批量接口获取 6 条
2026-04-20T10:02:54: [ETF] ===== 完成，耗时 0.0s =====
2026-04-20T10:02:54: [缓存] etfs 数据获取完成，耗时 0.0s
2026-04-20T10:02:57: [ETF] ===== 获取关注 ETF 行情 =====
2026-04-20T10:02:57:   [ETF行情] 东方财富批量接口获取 6 条
2026-04-20T10:02:57: [ETF] ===== 完成，耗时 0.1s =====
2026-04-20T10:02:57: [缓存] etfs 数据获取完成，耗时 0.1s
2026-04-20T10:03:00: [ETF] ===== 获取关注 ETF 行情 =====
2026-04-20T10:03:00:   [ETF行情] 东方财富批量接口获取 6 条
2026-04-20T10:03:00: [ETF] ===== 完成，耗时 0.0s =====
2026-04-20T10:03:00: [缓存] etfs 数据获取完成，耗时 0.0s
2026-04-20T10:03:02: [ETF] ===== 获取关注 ETF 行情 =====
2026-04-20T10:03:02:   [ETF行情] 东方财富批量接口获取 6 条
2026-04-20T10:03:02: [ETF] ===== 完成，耗时 0.0s =====
2026-04-20T10:03:02: [缓存] etfs 数据获取完成，耗时 0.0s
2026-04-20T10:03:04: [ETF] ===== 获取关注 ETF 行情 =====
2026-04-20T10:03:04:   [ETF行情] 东方财富批量接口获取 6 条
2026-04-20T10:03:04: [ETF] ===== 完成，耗时 0.1s =====
2026-04-20T10:03:04: [缓存] etfs 数据获取完成，耗时 0.1s
2026-04-20T10:03:07: [ETF] ===== 获取关注 ETF 行情 =====
2026-04-20T10:03:07:   [ETF行情] 东方财富批量接口获取 6 条
2026-04-20T10:03:07: [ETF] ===== 完成，耗时 0.0s =====
2026-04-20T10:03:07: [缓存] etfs 数据获取完成，耗时 0.0s
2026-04-20T10:03:09: [ETF] ===== 获取关注 ETF 行情 =====
2026-04-20T10:03:09:   [ETF行情] 东方财富批量接口获取 6 条
2026-04-20T10:03:09: [ETF] ===== 完成，耗时 0.0s =====
2026-04-20T10:03:09: [缓存] etfs 数据获取完成，耗时 0.0s
2026-04-20T10:03:12: [ETF] ===== 获取关注 ETF 行情 =====
2026-04-20T10:03:13:   [ETF行情] 东方财富批量接口获取 6 条
2026-04-20T10:03:13: [ETF] ===== 完成，耗时 0.2s =====
2026-04-20T10:03:13: [缓存] etfs 数据获取完成，耗时 0.2s
2026-04-20T10:03:15: [ETF] ===== 获取关注 ETF 行情 =====
2026-04-20T10:03:15:   [ETF行情] 东方财富批量接口获取 6 条
2026-04-20T10:03:15: [ETF] ===== 完成，耗时 0.0s =====
2026-04-20T10:03:15: [缓存] etfs 数据获取完成，耗时 0.0s
2026-04-20T10:03:17: [ETF] ===== 获取关注 ETF 行情 =====
2026-04-20T10:03:17:   [ETF行情] 东方财富批量接口获取 6 条
2026-04-20T10:03:17: [ETF] ===== 完成，耗时 0.0s =====
2026-04-20T10:03:17: [缓存] etfs 数据获取完成，耗时 0.0s
2026-04-20T10:03:19: [ETF] ===== 获取关注 ETF 行情 =====
2026-04-20T10:03:19:   [ETF行情] 东方财富批量接口获取 6 条
2026-04-20T10:03:19: [ETF] ===== 完成，耗时 0.0s =====
2026-04-20T10:03:19: [缓存] etfs 数据获取完成，耗时 0.0s
2026-04-20T10:03:21: [ETF] ===== 获取关注 ETF 行情 =====
2026-04-20T10:03:21:   [ETF行情] 东方财富批量接口获取 6 条
2026-04-20T10:03:21: [ETF] ===== 完成，耗时 0.0s =====
2026-04-20T10:03:21: [缓存] etfs 数据获取完成，耗时 0.0s
2026-04-20T10:03:24: [ETF] ===== 获取关注 ETF 行情 =====
2026-04-20T10:03:24:   [ETF行情] 东方财富批量接口获取 6 条
2026-04-20T10:03:24: [ETF] ===== 完成，耗时 0.0s =====
2026-04-20T10:03:24: [缓存] etfs 数据获取完成，耗时 0.0s
2026-04-20T10:03:27: [ETF] ===== 获取关注 ETF 行情 =====
2026-04-20T10:03:27:   [ETF行情] 东方财富批量接口获取 6 条
2026-04-20T10:03:27: [ETF] ===== 完成，耗时 0.1s =====
2026-04-20T10:03:27: [缓存] etfs 数据获取完成，耗时 0.1s
2026-04-20T10:03:29: [ETF] ===== 获取关注 ETF 行情 =====
2026-04-20T10:03:29:   [ETF行情] 东方财富批量接口获取 6 条
2026-04-20T10:03:29: [ETF] ===== 完成，耗时 0.0s =====
2026-04-20T10:03:29: [缓存] etfs 数据获取完成，耗时 0.0s
2026-04-20T10:03:32: [ETF] ===== 获取关注 ETF 行情 =====
2026-04-20T10:03:32:   [ETF行情] 东方财富批量接口获取 6 条
2026-04-20T10:03:32: [ETF] ===== 完成，耗时 0.0s =====
2026-04-20T10:03:32: [缓存] etfs 数据获取完成，耗时 0.0s
2026-04-20T10:03:34: [ETF] ===== 获取关注 ETF 行情 =====
2026-04-20T10:03:34:   [ETF行情] 东方财富批量接口获取 6 条
2026-04-20T10:03:34: [ETF] ===== 完成，耗时 0.1s =====
2026-04-20T10:03:34: [缓存] etfs 数据获取完成，耗时 0.1s
2026-04-20T10:03:36: [ETF] ===== 获取关注 ETF 行情 =====
2026-04-20T10:03:36:   [ETF行情] 东方财富批量接口获取 6 条
2026-04-20T10:03:36: [ETF] ===== 完成，耗时 0.0s =====
2026-04-20T10:03:36: [缓存] etfs 数据获取完成，耗时 0.0s
2026-04-20T10:03:38: [ETF] ===== 获取关注 ETF 行情 =====
2026-04-20T10:03:38:   [ETF行情] 东方财富批量接口获取 6 条
2026-04-20T10:03:38: [ETF] ===== 完成，耗时 0.0s =====
2026-04-20T10:03:38: [缓存] etfs 数据获取完成，耗时 0.0s
2026-04-20T10:03:40: [ETF] ===== 获取关注 ETF 行情 =====
2026-04-20T10:03:40:   [ETF行情] 东方财富批量接口获取 6 条
2026-04-20T10:03:40: [ETF] ===== 完成，耗时 0.1s =====
2026-04-20T10:03:40: [缓存] etfs 数据获取完成，耗时 0.1s
2026-04-20T10:03:43: [ETF] ===== 获取关注 ETF 行情 =====
2026-04-20T10:03:43:   [ETF行情] 东方财富批量接口获取 6 条
2026-04-20T10:03:43: [ETF] ===== 完成，耗时 0.0s =====
2026-04-20T10:03:43: [缓存] etfs 数据获取完成，耗时 0.0s
2026-04-20T10:03:45: [ETF] ===== 获取关注 ETF 行情 =====
2026-04-20T10:03:45:   [ETF行情] 东方财富批量接口获取 6 条
2026-04-20T10:03:45: [ETF] ===== 完成，耗时 0.0s =====
2026-04-20T10:03:45: [缓存] etfs 数据获取完成，耗时 0.0s
2026-04-20T10:03:48: [ETF] ===== 获取关注 ETF 行情 =====
2026-04-20T10:03:48:   [ETF行情] 东方财富批量接口获取 6 条
2026-04-20T10:03:48: [ETF] ===== 完成，耗时 0.1s =====
2026-04-20T10:03:48: [缓存] etfs 数据获取完成，耗时 0.1s
2026-04-20T10:03:50: [ETF] ===== 获取关注 ETF 行情 =====
2026-04-20T10:03:50:   [ETF行情] 东方财富批量接口获取 6 条
2026-04-20T10:03:50: [ETF] ===== 完成，耗时 0.0s =====
2026-04-20T10:03:50: [缓存] etfs 数据获取完成，耗时 0.0s
2026-04-20T10:03:52: [ETF] ===== 获取关注 ETF 行情 =====
2026-04-20T10:03:52:   [ETF行情] 东方财富批量接口获取 6 条
2026-04-20T10:03:52: [ETF] ===== 完成，耗时 0.0s =====
2026-04-20T10:03:52: [缓存] etfs 数据获取完成，耗时 0.0s
2026-04-20T10:03:55: [ETF] ===== 获取关注 ETF 行情 =====
2026-04-20T10:03:55:   [ETF行情] 东方财富批量接口获取 6 条
2026-04-20T10:03:55: [ETF] ===== 完成，耗时 0.1s =====
2026-04-20T10:03:55: [缓存] etfs 数据获取完成，耗时 0.1s
2026-04-20T10:03:58: [ETF] ===== 获取关注 ETF 行情 =====
2026-04-20T10:03:58:   [ETF行情] 东方财富批量接口获取 6 条
2026-04-20T10:03:58: [ETF] ===== 完成，耗时 0.0s =====
2026-04-20T10:03:58: [缓存] etfs 数据获取完成，耗时 0.0s
2026-04-20T10:04:01: [ETF] ===== 获取关注 ETF 行情 =====
2026-04-20T10:04:01:   [ETF行情] 东方财富批量接口获取 6 条
2026-04-20T10:04:01: [ETF] ===== 完成，耗时 0.1s =====
2026-04-20T10:04:01: [缓存] etfs 数据获取完成，耗时 0.1s
2026-04-20T10:04:03: [ETF] ===== 获取关注 ETF 行情 =====
2026-04-20T10:04:03:   [ETF行情] 东方财富批量接口获取 6 条
2026-04-20T10:04:03: [ETF] ===== 完成，耗时 0.0s =====
2026-04-20T10:04:03: [缓存] etfs 数据获取完成，耗时 0.0s
2026-04-20T10:04:06: [ETF] ===== 获取关注 ETF 行情 =====
2026-04-20T10:04:06:   [ETF行情] 东方财富批量接口获取 6 条
2026-04-20T10:04:06: [ETF] ===== 完成，耗时 0.0s =====
2026-04-20T10:04:06: [缓存] etfs 数据获取完成，耗时 0.0s
2026-04-20T10:04:09: [ETF] ===== 获取关注 ETF 行情 =====
2026-04-20T10:04:09:   [ETF行情] 东方财富批量接口获取 6 条
2026-04-20T10:04:09: [ETF] ===== 完成，耗时 0.1s =====
2026-04-20T10:04:09: [缓存] etfs 数据获取完成，耗时 0.1s
2026-04-20T10:04:11: [ETF] ===== 获取关注 ETF 行情 =====
2026-04-20T10:04:11:   [ETF行情] 东方财富批量接口获取 6 条
2026-04-20T10:04:11: [ETF] ===== 完成，耗时 0.0s =====
2026-04-20T10:04:11: [缓存] etfs 数据获取完成，耗时 0.0s
2026-04-20T10:04:14: [ETF] ===== 获取关注 ETF 行情 =====
2026-04-20T10:04:14:   [ETF行情] 东方财富批量接口获取 6 条
2026-04-20T10:04:14: [ETF] ===== 完成，耗时 0.0s =====
2026-04-20T10:04:14: [缓存] etfs 数据获取完成，耗时 0.0s
2026-04-20T10:04:17: [ETF] ===== 获取关注 ETF 行情 =====
2026-04-20T10:04:17:   [ETF行情] 东方财富批量接口获取 6 条
2026-04-20T10:04:17: [ETF] ===== 完成，耗时 0.1s =====
2026-04-20T10:04:17: [缓存] etfs 数据获取完成，耗时 0.1s
2026-04-20T10:04:19: [ETF] ===== 获取关注 ETF 行情 =====
2026-04-20T10:04:19:   [ETF行情] 东方财富批量接口获取 6 条
2026-04-20T10:04:19: [ETF] ===== 完成，耗时 0.0s =====
2026-04-20T10:04:19: [缓存] etfs 数据获取完成，耗时 0.0s
2026-04-20T10:04:22: [ETF] ===== 获取关注 ETF 行情 =====
2026-04-20T10:04:22:   [ETF行情] 东方财富批量接口获取 6 条
2026-04-20T10:04:22: [ETF] ===== 完成，耗时 0.0s =====
2026-04-20T10:04:22: [缓存] etfs 数据获取完成，耗时 0.0s
2026-04-20T10:04:24: [ETF] ===== 获取关注 ETF 行情 =====
2026-04-20T10:04:24:   [ETF行情] 东方财富批量接口获取 6 条
2026-04-20T10:04:24: [ETF] ===== 完成，耗时 0.0s =====
2026-04-20T10:04:24: [缓存] etfs 数据获取完成，耗时 0.0s
2026-04-20T10:04:26: [ETF] ===== 获取关注 ETF 行情 =====
2026-04-20T10:04:26:   [ETF行情] 东方财富批量接口获取 6 条
2026-04-20T10:04:26: [ETF] ===== 完成，耗时 0.0s =====
2026-04-20T10:04:26: [缓存] etfs 数据获取完成，耗时 0.0s
2026-04-20T10:04:29: 
2026-04-20T10:04:29:   ╔══════════════════════════════════════════╗
2026-04-20T10:04:29:   ║                                          ║
2026-04-20T10:04:29:   ║     大乐罗盘 · Dale Compass              ║
2026-04-20T10:04:29:   ║     个人投资分析罗盘                       ║
2026-04-20T10:04:29:   ║                                          ║
2026-04-20T10:04:29:   ║     🌐 http://localhost:3200              ║
2026-04-20T10:04:29:   ║                                          ║
2026-04-20T10:04:29:   ╚══════════════════════════════════════════╝
2026-04-20T10:04:29: 
2026-04-20T10:04:29:   数据源: 雪球基金(Wind) + 动态可用估值网站 + 东方财富行情 + 知有行
2026-04-20T10:04:29:   指数: 配置保存于 data/index-watchlist.json，在基金总览的指数实时行情面板管理
2026-04-20T10:04:29:   股票: 支持关注个股实时行情，配置保存于 data/stock-watchlist.json
2026-04-20T10:04:29:   缓存策略: 5分钟自动刷新，配置变更自动失效，支持手动强制刷新
2026-04-20T10:04:29: 
2026-04-20T10:04:29: [启动] Phase 1: 加载磁盘缓存完成 (44ms)，命中 6/6 个缓存
2026-04-20T10:04:29: [启动] 服务已就绪（使用磁盘缓存秒开），后台刷新数据中...
2026-04-20T10:04:29: [启动] Phase 2: 开始后台并行刷新所有数据...
2026-04-20T10:04:29: [数据] ===== 开始获取所有指数数据 =====
2026-04-20T10:04:29:   [配置] 核心指数: 沪深300, 中证500, 中证红利, 中证红利低波, 中证消费, 科创50, 恒生科技, 标普500, 纳斯达克100
2026-04-20T10:04:29:   [配置] Dashboard额外: 上证指数
2026-04-20T10:04:29: [主动基金] ===== 开始获取主动基金数据 =====
2026-04-20T10:04:29: [股票] ===== 获取关注股票行情 =====
2026-04-20T10:04:29: [ETF] ===== 获取关注 ETF 行情 =====
2026-04-20T10:04:29:   [行情] 东方财富批量接口获取 9 条
2026-04-20T10:04:29:   [行情] 东方财富缺失 1 个指数(HSTECH), 用腾讯补漏
2026-04-20T10:04:29:   [行情] 东方财富批量接口获取 8 条
2026-04-20T10:04:29:   [行情] 东方财富缺失 1 个指数(HSTECH), 用腾讯补漏
2026-04-20T10:04:29:   [蛋卷基金] 获取 63 个指数估值数据
2026-04-20T10:04:29:   [行情] 腾讯备用源获取 1 条
2026-04-20T10:04:29:   [行情] 腾讯补漏成功: HSTECH
2026-04-20T10:04:29:   [主动基金] 大成睿享混合A: 净值=1.7715, 近1年=15.14%, 基金经理=徐彦 (东方财富)
2026-04-20T10:04:29:   [行情] 腾讯备用源获取 1 条
2026-04-20T10:04:29:   [行情] 腾讯补漏成功: HSTECH
2026-04-20T10:04:29:   [主动基金] 易方达上证科创50联接A: 净值=1.099, 近1年=38.66%, 基金经理=林伟斌 (东方财富)
2026-04-20T10:04:29:   [蛋卷基金] 获取 63 个指数估值数据
2026-04-20T10:04:29:   [主动基金] 华泰柏瑞中证红利低波ETF联接A: 净值=1.6514, 近1年=5.31%, 基金经理=柳军 (东方财富)
2026-04-20T10:04:29:   [主动基金] 摩根纳斯达克100指数(QDII)人民币A: 净值=1.5912, 近1年=34.68%, 基金经理=何智豪 (东方财富)
2026-04-20T10:04:29:   [主动基金] 易方达恒生科技ETF联接(QDII)A: 净值=1.207, 近1年=-2.86%, 基金经理=刘依姗 (东方财富)
2026-04-20T10:04:29:   [主动基金] 易方达中证红利ETF联接发起式A: 净值=1.2802, 近1年=10.41%, 基金经理=林伟斌 (东方财富)
2026-04-20T10:04:29:   [知有行] 获取 12 个指数温度数据, 全市场温度: 69°
2026-04-20T10:04:29:   [主动基金] 兴全商业模式混合(LOF)A: 净值=5.243, 近1年=60.88%, 基金经理=乔迁 (东方财富)
2026-04-20T10:04:29:   [主动基金] 大成标普500等权重指数(QDII)A人民币: 净值=2.6479, 近1年=17.4%, 基金经理=冉凌浩 (东方财富)
2026-04-20T10:04:29:   [主动基金] 汇添富中证主要消费ETF联接A: 净值=2.0267, 近1年=-11%, 基金经理=过蓓蓓 (东方财富)
2026-04-20T10:04:29:   [知有行] 获取 12 个指数温度数据, 全市场温度: 69°
2026-04-20T10:04:29: [缓存] index-quotes 数据获取完成，耗时 0.5s
2026-04-20T10:04:29:   [预加载] ✅ 指数实时行情
2026-04-20T10:04:29:   [主动基金] 建信中证500指数增强C: 净值=3.4962, 近1年=44.47%, 基金经理=叶乐天 (东方财富)
2026-04-20T10:04:29:   [ETF行情] 东方财富批量接口获取 6 条
2026-04-20T10:04:29:   [主动基金] 摩根标普500指数(QDII)人民币A: 净值=1.5824, 近1年=25.42%, 基金经理=张军 (东方财富)
2026-04-20T10:04:29:   [主动基金] 易方达沪深300ETF联接A: 净值=1.9016, 近1年=27.23%, 基金经理=余海燕 (东方财富)
2026-04-20T10:04:29:   [股票行情] 东方财富批量接口获取 6 条
2026-04-20T10:04:29:   [蛋卷基金] 获取 63 个指数估值数据
2026-04-20T10:04:29: [缓存] daily-eval 数据获取完成，耗时 0.6s
2026-04-20T10:04:29:   [预加载] ✅ 每日估值
2026-04-20T10:04:29:   [主动基金] 123456: 净值=undefined, 近1年=null%, 基金经理=N/A (东方财富)
2026-04-20T10:04:30: [主动基金] ===== 完成, 耗时 0.8s =====
2026-04-20T10:04:30: [缓存] active-funds 数据获取完成，耗时 0.8s
2026-04-20T10:04:30:   [预加载] ✅ 严选基金
2026-04-20T10:04:30:   [股票K线-腾讯] sh600845 fallback成功, 121 条
2026-04-20T10:04:30:   [股票K线] 东方财富冷却中，国电南瑞 直接使用腾讯备用源
2026-04-20T10:04:30:   [股票K线-腾讯] sh601012 fallback成功, 121 条
2026-04-20T10:04:30:   [股票K线] 东方财富冷却中，先导智能 直接使用腾讯备用源
2026-04-20T10:04:30:   [股票K线-腾讯] sz300450 fallback成功, 121 条
2026-04-20T10:04:30:   [股票K线] 东方财富冷却中，长江电力 直接使用腾讯备用源
2026-04-20T10:04:30:   [股票K线-腾讯] sh600406 fallback成功, 121 条
2026-04-20T10:04:30:   [股票K线] 东方财富冷却中，伊利股份 直接使用腾讯备用源
2026-04-20T10:04:30:   [股票K线-腾讯] sh600900 fallback成功, 121 条
2026-04-20T10:04:30:   [股票K线-腾讯] sh600887 fallback成功, 121 条
2026-04-20T10:04:30: [股票] ===== 完成，耗时 1.0s =====
2026-04-20T10:04:30: [缓存] stocks 数据获取完成，耗时 1.0s
2026-04-20T10:04:30:   [预加载] ✅ 股票行情
2026-04-20T10:04:31: [ETF] ===== 完成，耗时 1.7s =====
2026-04-20T10:04:31: [缓存] etfs 数据获取完成，耗时 1.7s
2026-04-20T10:04:31:   [预加载] ✅ ETF行情
2026-04-20T10:04:31:   [沪深300] 开始获取数据...
2026-04-20T10:04:31:   [中证500] 开始获取数据...
2026-04-20T10:04:31:   [中证红利] 开始获取数据...
2026-04-20T10:04:31:   [中证红利低波] 开始获取数据...
2026-04-20T10:04:31:   [中证消费] 开始获取数据...
2026-04-20T10:04:31:   [科创50] 开始获取数据...
2026-04-20T10:04:31:   [K线-腾讯] sh000922 fallback成功, 2001 条
2026-04-20T10:04:31:   [中证红利] 蛋卷基金: PE=8.6124, PE百分位=80.68%, 估值=high
2026-04-20T10:04:31:   [中证红利] 完成: price=5693.4, PE=8.6124, PE%=80.68%, temp=29°, src=danjuan-wind
2026-04-20T10:04:31:   [K线-腾讯] sh000905 fallback成功, 2001 条
2026-04-20T10:04:31:   [中证500] 蛋卷基金: PE=36.4631, PE百分位=85.52%, 估值=high
2026-04-20T10:04:31:   [中证500] 完成: price=8283.58, PE=36.4631, PE%=85.52%, temp=74°, src=danjuan-wind
2026-04-20T10:04:31:   [K线-腾讯] sh000300 fallback成功, 2001 条
2026-04-20T10:04:31:   [沪深300] 蛋卷基金: PE=14.4034, PE百分位=89.36%, 估值=high
2026-04-20T10:04:31:   [沪深300] 完成: price=4750.97, PE=14.4034, PE%=89.36%, temp=60°, src=danjuan-wind
2026-04-20T10:04:31:   [K线-腾讯] sh000688 fallback成功, 1525 条
2026-04-20T10:04:31:   [科创50] 蛋卷基金: PE=159.6906, PE百分位=92.33%, 估值=high
2026-04-20T10:04:31:   [科创50] 完成: price=1444.47, PE=159.6906, PE%=92.33%, temp=N/A, src=danjuan-wind
2026-04-20T10:04:31:   [K线-腾讯] sh000932 fallback成功, 2001 条
2026-04-20T10:04:31:   [中证消费] 蛋卷基金: PE=19.9003, PE百分位=7.92%, 估值=low
2026-04-20T10:04:31:   [中证消费] 完成: price=14256.5, PE=19.9003, PE%=7.92%, temp=0°, src=danjuan-wind
2026-04-20T10:04:32:   [中证红利低波] 蛋卷基金: PE=8.4035, PE百分位=77.92%, 估值=high
2026-04-20T10:04:32:   [中证红利低波] 完成: price=11366.1, PE=8.4035, PE%=77.92%, temp=N/A, src=danjuan-wind
2026-04-20T10:04:32:   [恒生科技] 开始获取数据...
2026-04-20T10:04:32:   [K线] 东方财富冷却中，恒生科技 直接使用腾讯备用源
2026-04-20T10:04:32:   [标普500] 开始获取数据...
2026-04-20T10:04:32:   [K线] 东方财富冷却中，标普500 直接使用腾讯备用源
2026-04-20T10:04:32:   [纳斯达克100] 开始获取数据...
2026-04-20T10:04:32:   [K线] 东方财富冷却中，纳斯达克100 直接使用腾讯备用源
2026-04-20T10:04:32:   [上证指数] 开始获取数据...
2026-04-20T10:04:32:   [K线] 东方财富冷却中，上证指数 直接使用腾讯备用源
2026-04-20T10:04:32:   [K线-腾讯] sh000001 fallback成功, 2001 条
2026-04-20T10:04:32:   [上证指数] 完成: price=4070.44, PE=null, PE%=null%, temp=N/A, src=none
2026-04-20T10:04:32:   [K线-腾讯] hkHSTECH fallback成功, 1409 条
2026-04-20T10:04:32:   [恒生科技] 蛋卷基金: PE=23.1832, PE百分位=33.98%, 估值=high
2026-04-20T10:04:32:   [恒生科技] 完成: price=5055.4, PE=23.1832, PE%=33.98%, temp=11°, src=danjuan-wind
2026-04-20T10:04:32:   [K线-腾讯] us.NDX fallback成功, 2000 条
2026-04-20T10:04:32:   [纳斯达克100] 完成: price=24468.48, PE=null, PE%=null%, temp=N/A, src=none
2026-04-20T10:04:32:   [K线-腾讯] us.INX fallback成功, 2000 条
2026-04-20T10:04:32:   [标普500] 完成: price=7126.06, PE=null, PE%=null%, temp=N/A, src=none
2026-04-20T10:04:32: [数据] ===== 全部完成，耗时 3.4s =====
2026-04-20T10:04:32: [缓存] indices 数据获取完成，耗时 3.4s
2026-04-20T10:04:32:   [预加载] ✅ 指数完整数据
2026-04-20T10:04:32: [启动] Phase 2: 后台刷新完成 (3.4s)，成功 6/6
2026-04-20T10:04:32: [ETF] ===== 获取关注 ETF 行情 =====
2026-04-20T10:04:32:   [ETF行情] 东方财富批量接口获取 6 条
2026-04-20T10:04:32: [ETF] ===== 完成，耗时 0.0s =====
2026-04-20T10:04:32: [缓存] etfs 数据获取完成，耗时 0.0s
2026-04-20T10:04:35: [ETF] ===== 获取关注 ETF 行情 =====
2026-04-20T10:04:35:   [ETF行情] 东方财富批量接口获取 6 条
2026-04-20T10:04:35: [ETF] ===== 完成，耗时 0.1s =====
2026-04-20T10:04:35: [缓存] etfs 数据获取完成，耗时 0.1s
2026-04-20T10:04:38: [ETF] ===== 获取关注 ETF 行情 =====
2026-04-20T10:04:38:   [ETF行情] 东方财富批量接口获取 6 条
2026-04-20T10:04:38: [ETF] ===== 完成，耗时 0.1s =====
2026-04-20T10:04:38: [缓存] etfs 数据获取完成，耗时 0.1s
2026-04-20T10:04:41: [ETF] ===== 获取关注 ETF 行情 =====
2026-04-20T10:04:41:   [ETF行情] 东方财富批量接口获取 6 条
2026-04-20T10:04:41: [ETF] ===== 完成，耗时 0.1s =====
2026-04-20T10:04:41: [缓存] etfs 数据获取完成，耗时 0.1s
2026-04-20T10:04:44: [ETF] ===== 获取关注 ETF 行情 =====
2026-04-20T10:04:44:   [ETF行情] 东方财富批量接口获取 6 条
2026-04-20T10:04:44: [ETF] ===== 完成，耗时 0.0s =====
2026-04-20T10:04:44: [缓存] etfs 数据获取完成，耗时 0.0s
2026-04-20T10:04:46: [ETF] ===== 获取关注 ETF 行情 =====
2026-04-20T10:04:46:   [ETF行情] 东方财富批量接口获取 6 条
2026-04-20T10:04:46: [ETF] ===== 完成，耗时 0.0s =====
2026-04-20T10:04:46: [缓存] etfs 数据获取完成，耗时 0.0s
2026-04-20T10:04:49: [ETF] ===== 获取关注 ETF 行情 =====
2026-04-20T10:04:49:   [ETF行情] 东方财富批量接口获取 6 条
2026-04-20T10:04:49: [ETF] ===== 完成，耗时 0.1s =====
2026-04-20T10:04:49: [缓存] etfs 数据获取完成，耗时 0.1s
2026-04-20T10:04:51: [ETF] ===== 获取关注 ETF 行情 =====
2026-04-20T10:04:51:   [ETF行情] 东方财富批量接口获取 6 条
2026-04-20T10:04:51: [ETF] ===== 完成，耗时 0.0s =====
2026-04-20T10:04:51: [缓存] etfs 数据获取完成，耗时 0.0s
2026-04-20T10:04:53: [ETF] ===== 获取关注 ETF 行情 =====
2026-04-20T10:04:53:   [ETF行情] 东方财富批量接口获取 6 条
2026-04-20T10:04:53: [ETF] ===== 完成，耗时 0.0s =====
2026-04-20T10:04:53: [缓存] etfs 数据获取完成，耗时 0.0s
2026-04-20T10:04:56: [ETF] ===== 获取关注 ETF 行情 =====
2026-04-20T10:04:56:   [ETF行情] 东方财富批量接口获取 6 条
2026-04-20T10:04:56: [ETF] ===== 完成，耗时 0.1s =====
2026-04-20T10:04:56: [缓存] etfs 数据获取完成，耗时 0.1s
2026-04-20T10:04:58: [ETF] ===== 获取关注 ETF 行情 =====
2026-04-20T10:04:58:   [ETF行情] 东方财富批量接口获取 6 条
2026-04-20T10:04:58: [ETF] ===== 完成，耗时 0.0s =====
2026-04-20T10:04:58: [缓存] etfs 数据获取完成，耗时 0.0s
2026-04-20T10:05:01: [ETF] ===== 获取关注 ETF 行情 =====
2026-04-20T10:05:01:   [ETF行情] 东方财富批量接口获取 6 条
2026-04-20T10:05:01: [ETF] ===== 完成，耗时 0.0s =====
2026-04-20T10:05:01: [缓存] etfs 数据获取完成，耗时 0.0s
2026-04-20T10:05:03: [ETF] ===== 获取关注 ETF 行情 =====
2026-04-20T10:05:03:   [ETF行情] 东方财富批量接口获取 6 条
2026-04-20T10:05:03: [ETF] ===== 完成，耗时 0.1s =====
2026-04-20T10:05:03: [缓存] etfs 数据获取完成，耗时 0.1s
2026-04-20T10:05:06: [ETF] ===== 获取关注 ETF 行情 =====
2026-04-20T10:05:06:   [ETF行情] 东方财富批量接口获取 6 条
2026-04-20T10:05:06: [ETF] ===== 完成，耗时 0.0s =====
2026-04-20T10:05:06: [缓存] etfs 数据获取完成，耗时 0.0s
2026-04-20T10:05:09: [ETF] ===== 获取关注 ETF 行情 =====
2026-04-20T10:05:09:   [ETF行情] 东方财富批量接口获取 6 条
2026-04-20T10:05:09: [ETF] ===== 完成，耗时 0.1s =====
2026-04-20T10:05:09: [缓存] etfs 数据获取完成，耗时 0.1s
2026-04-20T10:05:12: [ETF] ===== 获取关注 ETF 行情 =====
2026-04-20T10:05:12:   [ETF行情] 东方财富批量接口获取 6 条
2026-04-20T10:05:12: [ETF] ===== 完成，耗时 0.0s =====
2026-04-20T10:05:12: [缓存] etfs 数据获取完成，耗时 0.0s
2026-04-20T10:05:15: [ETF] ===== 获取关注 ETF 行情 =====
2026-04-20T10:05:15:   [ETF行情] 东方财富批量接口获取 6 条
2026-04-20T10:05:15: [ETF] ===== 完成，耗时 0.1s =====
2026-04-20T10:05:15: [缓存] etfs 数据获取完成，耗时 0.1s
2026-04-20T10:05:18: [ETF] ===== 获取关注 ETF 行情 =====
2026-04-20T10:05:18:   [ETF行情] 东方财富批量接口获取 6 条
2026-04-20T10:05:18: [ETF] ===== 完成，耗时 0.0s =====
2026-04-20T10:05:18: [缓存] etfs 数据获取完成，耗时 0.0s
2026-04-20T10:05:20: [ETF] ===== 获取关注 ETF 行情 =====
2026-04-20T10:05:20:   [ETF行情] 东方财富批量接口获取 6 条
2026-04-20T10:05:20: [ETF] ===== 完成，耗时 0.0s =====
2026-04-20T10:05:20: [缓存] etfs 数据获取完成，耗时 0.0s
2026-04-20T10:05:23: [ETF] ===== 获取关注 ETF 行情 =====
2026-04-20T10:05:23:   [ETF行情] 东方财富批量接口获取 6 条
2026-04-20T10:05:23: [ETF] ===== 完成，耗时 0.1s =====
2026-04-20T10:05:23: [缓存] etfs 数据获取完成，耗时 0.1s
2026-04-20T10:05:26: [ETF] ===== 获取关注 ETF 行情 =====
2026-04-20T10:05:26:   [ETF行情] 东方财富批量接口获取 6 条
2026-04-20T10:05:26: [ETF] ===== 完成，耗时 0.0s =====
2026-04-20T10:05:26: [缓存] etfs 数据获取完成，耗时 0.0s
2026-04-20T10:05:29: [ETF] ===== 获取关注 ETF 行情 =====
2026-04-20T10:05:29:   [ETF行情] 东方财富批量接口获取 6 条
2026-04-20T10:05:29: [ETF] ===== 完成，耗时 0.0s =====
2026-04-20T10:05:29: [缓存] etfs 数据获取完成，耗时 0.0s
2026-04-20T10:05:32: [ETF] ===== 获取关注 ETF 行情 =====
2026-04-20T10:05:32:   [ETF行情] 东方财富批量接口获取 6 条
2026-04-20T10:05:32: [ETF] ===== 完成，耗时 0.0s =====
2026-04-20T10:05:32: [缓存] etfs 数据获取完成，耗时 0.0s
2026-04-20T10:05:34: [ETF] ===== 获取关注 ETF 行情 =====
2026-04-20T10:05:34:   [ETF行情] 东方财富批量接口获取 6 条
2026-04-20T10:05:34: [ETF] ===== 完成，耗时 0.1s =====
2026-04-20T10:05:34: [缓存] etfs 数据获取完成，耗时 0.1s
2026-04-20T10:05:36: [ETF] ===== 获取关注 ETF 行情 =====
2026-04-20T10:05:36:   [ETF行情] 东方财富批量接口获取 6 条
2026-04-20T10:05:36: [ETF] ===== 完成，耗时 0.0s =====
2026-04-20T10:05:36: [缓存] etfs 数据获取完成，耗时 0.0s
2026-04-20T10:05:39: [ETF] ===== 获取关注 ETF 行情 =====
2026-04-20T10:05:39:   [ETF行情] 东方财富批量接口获取 6 条
2026-04-20T10:05:39: [ETF] ===== 完成，耗时 0.0s =====
2026-04-20T10:05:39: [缓存] etfs 数据获取完成，耗时 0.0s
2026-04-20T10:05:42: [ETF] ===== 获取关注 ETF 行情 =====
2026-04-20T10:05:42:   [ETF行情] 东方财富批量接口获取 6 条
2026-04-20T10:05:42: [ETF] ===== 完成，耗时 0.1s =====
2026-04-20T10:05:42: [缓存] etfs 数据获取完成，耗时 0.1s
2026-04-20T10:05:45: [ETF] ===== 获取关注 ETF 行情 =====
2026-04-20T10:05:45:   [ETF行情] 东方财富批量接口获取 6 条
2026-04-20T10:05:45: [ETF] ===== 完成，耗时 0.0s =====
2026-04-20T10:05:45: [缓存] etfs 数据获取完成，耗时 0.0s
2026-04-20T10:05:48: [ETF] ===== 获取关注 ETF 行情 =====
2026-04-20T10:05:48:   [ETF行情] 东方财富批量接口获取 6 条
2026-04-20T10:05:48: [ETF] ===== 完成，耗时 0.1s =====
2026-04-20T10:05:48: [缓存] etfs 数据获取完成，耗时 0.1s
2026-04-20T10:05:50: [ETF] ===== 获取关注 ETF 行情 =====
2026-04-20T10:05:50:   [ETF行情] 东方财富批量接口获取 6 条
2026-04-20T10:05:50: [ETF] ===== 完成，耗时 0.0s =====
2026-04-20T10:05:50: [缓存] etfs 数据获取完成，耗时 0.0s
2026-04-20T10:05:52: [ETF] ===== 获取关注 ETF 行情 =====
2026-04-20T10:05:52:   [ETF行情] 东方财富批量接口获取 6 条
2026-04-20T10:05:52: [ETF] ===== 完成，耗时 0.0s =====
2026-04-20T10:05:52: [缓存] etfs 数据获取完成，耗时 0.0s
2026-04-20T10:05:54: [ETF] ===== 获取关注 ETF 行情 =====
2026-04-20T10:05:54:   [ETF行情] 东方财富批量接口获取 6 条
2026-04-20T10:05:54: [ETF] ===== 完成，耗时 0.0s =====
2026-04-20T10:05:54: [缓存] etfs 数据获取完成，耗时 0.0s
2026-04-20T10:05:56: [ETF] ===== 获取关注 ETF 行情 =====
2026-04-20T10:05:56:   [ETF行情] 东方财富批量接口获取 6 条
2026-04-20T10:05:56: [ETF] ===== 完成，耗时 0.0s =====
2026-04-20T10:05:56: [缓存] etfs 数据获取完成，耗时 0.0s
2026-04-20T10:05:58: [ETF] ===== 获取关注 ETF 行情 =====
2026-04-20T10:05:58:   [ETF行情] 东方财富批量接口获取 6 条
2026-04-20T10:05:58: [ETF] ===== 完成，耗时 0.0s =====
2026-04-20T10:05:58: [缓存] etfs 数据获取完成，耗时 0.0s
2026-04-20T10:06:00: [ETF] ===== 获取关注 ETF 行情 =====
2026-04-20T10:06:01:   [ETF行情] 东方财富批量接口获取 6 条
2026-04-20T10:06:01: [ETF] ===== 完成，耗时 0.2s =====
2026-04-20T10:06:01: [缓存] etfs 数据获取完成，耗时 0.2s
2026-04-20T10:06:03: [ETF] ===== 获取关注 ETF 行情 =====
2026-04-20T10:06:03:   [ETF行情] 东方财富批量接口获取 6 条
2026-04-20T10:06:03: [ETF] ===== 完成，耗时 0.1s =====
2026-04-20T10:06:03: [缓存] etfs 数据获取完成，耗时 0.1s
2026-04-20T10:06:06: [ETF] ===== 获取关注 ETF 行情 =====
2026-04-20T10:06:06:   [ETF行情] 东方财富批量接口获取 6 条
2026-04-20T10:06:06: [ETF] ===== 完成，耗时 0.0s =====
2026-04-20T10:06:06: [缓存] etfs 数据获取完成，耗时 0.0s
2026-04-20T10:06:08: [ETF] ===== 获取关注 ETF 行情 =====
2026-04-20T10:06:08:   [ETF行情] 东方财富批量接口获取 6 条
2026-04-20T10:06:08: [ETF] ===== 完成，耗时 0.0s =====
2026-04-20T10:06:08: [缓存] etfs 数据获取完成，耗时 0.0s
2026-04-20T10:06:10: [ETF] ===== 获取关注 ETF 行情 =====
2026-04-20T10:06:10:   [ETF行情] 东方财富批量接口获取 6 条
2026-04-20T10:06:10: [ETF] ===== 完成，耗时 0.1s =====
2026-04-20T10:06:10: [缓存] etfs 数据获取完成，耗时 0.1s
2026-04-20T10:06:13: [ETF] ===== 获取关注 ETF 行情 =====
2026-04-20T10:06:13:   [ETF行情] 东方财富批量接口获取 6 条
2026-04-20T10:06:13: [ETF] ===== 完成，耗时 0.0s =====
2026-04-20T10:06:13: [缓存] etfs 数据获取完成，耗时 0.0s
2026-04-20T10:06:16: [ETF] ===== 获取关注 ETF 行情 =====
2026-04-20T10:06:16:   [ETF行情] 东方财富批量接口获取 6 条
2026-04-20T10:06:16: [ETF] ===== 完成，耗时 0.1s =====
2026-04-20T10:06:16: [缓存] etfs 数据获取完成，耗时 0.1s
2026-04-20T10:06:18: [ETF] ===== 获取关注 ETF 行情 =====
2026-04-20T10:06:18:   [ETF行情] 东方财富批量接口获取 6 条
2026-04-20T10:06:18: [ETF] ===== 完成，耗时 0.0s =====
2026-04-20T10:06:18: [缓存] etfs 数据获取完成，耗时 0.0s
2026-04-20T10:06:22: [ETF] ===== 获取关注 ETF 行情 =====
2026-04-20T10:06:22:   [ETF行情] 东方财富批量接口获取 6 条
2026-04-20T10:06:22: [ETF] ===== 完成，耗时 0.1s =====
2026-04-20T10:06:22: [缓存] etfs 数据获取完成，耗时 0.1s
2026-04-20T10:06:26: [ETF] ===== 获取关注 ETF 行情 =====
2026-04-20T10:06:26:   [ETF行情] 东方财富批量接口获取 6 条
2026-04-20T10:06:26: [ETF] ===== 完成，耗时 0.0s =====
2026-04-20T10:06:26: [缓存] etfs 数据获取完成，耗时 0.0s
2026-04-20T10:06:29: [ETF] ===== 获取关注 ETF 行情 =====
2026-04-20T10:06:29:   [ETF行情] 东方财富批量接口获取 6 条
2026-04-20T10:06:29: [ETF] ===== 完成，耗时 0.1s =====
2026-04-20T10:06:29: [缓存] etfs 数据获取完成，耗时 0.1s
2026-04-20T10:06:31: [ETF] ===== 获取关注 ETF 行情 =====
2026-04-20T10:06:31:   [ETF行情] 东方财富批量接口获取 6 条
2026-04-20T10:06:31: [ETF] ===== 完成，耗时 0.0s =====
2026-04-20T10:06:31: [缓存] etfs 数据获取完成，耗时 0.0s
2026-04-20T10:06:34: [ETF] ===== 获取关注 ETF 行情 =====
2026-04-20T10:06:34:   [ETF行情] 东方财富批量接口获取 6 条
2026-04-20T10:06:34: [ETF] ===== 完成，耗时 0.0s =====
2026-04-20T10:06:34: [缓存] etfs 数据获取完成，耗时 0.0s
2026-04-20T10:06:37: [ETF] ===== 获取关注 ETF 行情 =====
2026-04-20T10:06:37:   [ETF行情] 东方财富批量接口获取 6 条
2026-04-20T10:06:37: [ETF] ===== 完成，耗时 0.1s =====
2026-04-20T10:06:37: [缓存] etfs 数据获取完成，耗时 0.1s
2026-04-20T10:06:39: [ETF] ===== 获取关注 ETF 行情 =====
2026-04-20T10:06:40:   [ETF行情] 东方财富批量接口获取 6 条
2026-04-20T10:06:40: [ETF] ===== 完成，耗时 0.3s =====
2026-04-20T10:06:40: [缓存] etfs 数据获取完成，耗时 0.3s
2026-04-20T10:06:42: [ETF] ===== 获取关注 ETF 行情 =====
2026-04-20T10:06:42:   [ETF行情] 东方财富批量接口获取 6 条
2026-04-20T10:06:42: [ETF] ===== 完成，耗时 0.0s =====
2026-04-20T10:06:42: [缓存] etfs 数据获取完成，耗时 0.0s
2026-04-20T10:06:45: [ETF] ===== 获取关注 ETF 行情 =====
2026-04-20T10:06:45:   [ETF行情] 东方财富批量接口获取 6 条
2026-04-20T10:06:45: [ETF] ===== 完成，耗时 0.1s =====
2026-04-20T10:06:45: [缓存] etfs 数据获取完成，耗时 0.1s
2026-04-20T10:06:47: [ETF] ===== 获取关注 ETF 行情 =====
2026-04-20T10:06:47:   [ETF行情] 东方财富批量接口获取 6 条
2026-04-20T10:06:47: [ETF] ===== 完成，耗时 0.0s =====
2026-04-20T10:06:47: [缓存] etfs 数据获取完成，耗时 0.0s
2026-04-20T10:06:50: [ETF] ===== 获取关注 ETF 行情 =====
2026-04-20T10:06:50:   [ETF行情] 东方财富批量接口获取 6 条
2026-04-20T10:06:50: [ETF] ===== 完成，耗时 0.0s =====
2026-04-20T10:06:50: [缓存] etfs 数据获取完成，耗时 0.0s
2026-04-20T10:06:52: [ETF] ===== 获取关注 ETF 行情 =====
2026-04-20T10:06:52:   [ETF行情] 东方财富批量接口获取 6 条
2026-04-20T10:06:52: [ETF] ===== 完成，耗时 0.1s =====
2026-04-20T10:06:52: [缓存] etfs 数据获取完成，耗时 0.1s
2026-04-20T10:06:55: [ETF] ===== 获取关注 ETF 行情 =====
2026-04-20T10:06:55:   [ETF行情] 东方财富批量接口获取 6 条
2026-04-20T10:06:55: [ETF] ===== 完成，耗时 0.0s =====
2026-04-20T10:06:55: [缓存] etfs 数据获取完成，耗时 0.0s
2026-04-20T10:06:58: [ETF] ===== 获取关注 ETF 行情 =====
2026-04-20T10:06:58:   [ETF行情] 东方财富批量接口获取 6 条
2026-04-20T10:06:58: [ETF] ===== 完成，耗时 0.1s =====
2026-04-20T10:06:58: [缓存] etfs 数据获取完成，耗时 0.1s
2026-04-20T10:07:00: [ETF] ===== 获取关注 ETF 行情 =====
2026-04-20T10:07:00:   [ETF行情] 东方财富批量接口获取 6 条
2026-04-20T10:07:00: [ETF] ===== 完成，耗时 0.0s =====
2026-04-20T10:07:00: [缓存] etfs 数据获取完成，耗时 0.0s
2026-04-20T10:07:03: [ETF] ===== 获取关注 ETF 行情 =====
2026-04-20T10:07:03:   [ETF行情] 东方财富批量接口获取 6 条
2026-04-20T10:07:03: [ETF] ===== 完成，耗时 0.0s =====
2026-04-20T10:07:03: [缓存] etfs 数据获取完成，耗时 0.0s
2026-04-20T10:07:06: [ETF] ===== 获取关注 ETF 行情 =====
2026-04-20T10:07:06:   [ETF行情] 东方财富批量接口获取 6 条
2026-04-20T10:07:06: [ETF] ===== 完成，耗时 0.1s =====
2026-04-20T10:07:06: [缓存] etfs 数据获取完成，耗时 0.1s
2026-04-20T10:07:09: [ETF] ===== 获取关注 ETF 行情 =====
2026-04-20T10:07:09:   [ETF行情] 东方财富批量接口获取 6 条
2026-04-20T10:07:09: [ETF] ===== 完成，耗时 0.1s =====
2026-04-20T10:07:09: [缓存] etfs 数据获取完成，耗时 0.1s
2026-04-20T10:07:12: [ETF] ===== 获取关注 ETF 行情 =====
2026-04-20T10:07:12:   [ETF行情] 东方财富批量接口获取 6 条
2026-04-20T10:07:12: [ETF] ===== 完成，耗时 0.1s =====
2026-04-20T10:07:12: [缓存] etfs 数据获取完成，耗时 0.1s
2026-04-20T10:07:14: [ETF] ===== 获取关注 ETF 行情 =====
2026-04-20T10:07:14:   [ETF行情] 东方财富批量接口获取 6 条
2026-04-20T10:07:14: [ETF] ===== 完成，耗时 0.0s =====
2026-04-20T10:07:14: [缓存] etfs 数据获取完成，耗时 0.0s
2026-04-20T10:07:17: [ETF] ===== 获取关注 ETF 行情 =====
2026-04-20T10:07:17:   [ETF行情] 东方财富批量接口获取 6 条
2026-04-20T10:07:17: [ETF] ===== 完成，耗时 0.0s =====
2026-04-20T10:07:17: [缓存] etfs 数据获取完成，耗时 0.0s
2026-04-20T10:07:20: [ETF] ===== 获取关注 ETF 行情 =====
2026-04-20T10:07:20:   [ETF行情] 东方财富批量接口获取 6 条
2026-04-20T10:07:20: [ETF] ===== 完成，耗时 0.1s =====
2026-04-20T10:07:20: [缓存] etfs 数据获取完成，耗时 0.1s
2026-04-20T10:07:23: [ETF] ===== 获取关注 ETF 行情 =====
2026-04-20T10:07:23:   [ETF行情] 东方财富批量接口获取 6 条
2026-04-20T10:07:23: [ETF] ===== 完成，耗时 0.0s =====
2026-04-20T10:07:23: [缓存] etfs 数据获取完成，耗时 0.0s
2026-04-20T10:07:25: [ETF] ===== 获取关注 ETF 行情 =====
2026-04-20T10:07:25:   [ETF行情] 东方财富批量接口获取 6 条
2026-04-20T10:07:25: [ETF] ===== 完成，耗时 0.0s =====
2026-04-20T10:07:25: [缓存] etfs 数据获取完成，耗时 0.0s
2026-04-20T10:07:27: [ETF] ===== 获取关注 ETF 行情 =====
2026-04-20T10:07:27:   [ETF行情] 东方财富批量接口获取 6 条
2026-04-20T10:07:27: [ETF] ===== 完成，耗时 0.1s =====
2026-04-20T10:07:27: [缓存] etfs 数据获取完成，耗时 0.1s
2026-04-20T10:07:30: [ETF] ===== 获取关注 ETF 行情 =====
2026-04-20T10:07:30:   [ETF行情] 东方财富批量接口获取 6 条
2026-04-20T10:07:30: [ETF] ===== 完成，耗时 0.0s =====
2026-04-20T10:07:30: [缓存] etfs 数据获取完成，耗时 0.0s
2026-04-20T10:07:33: [ETF] ===== 获取关注 ETF 行情 =====
2026-04-20T10:07:33:   [ETF行情] 东方财富批量接口获取 6 条
2026-04-20T10:07:33: [ETF] ===== 完成，耗时 0.1s =====
2026-04-20T10:07:33: [缓存] etfs 数据获取完成，耗时 0.1s
2026-04-20T10:07:36: [ETF] ===== 获取关注 ETF 行情 =====
2026-04-20T10:07:36:   [ETF行情] 东方财富批量接口获取 6 条
2026-04-20T10:07:36: [ETF] ===== 完成，耗时 0.0s =====
2026-04-20T10:07:36: [缓存] etfs 数据获取完成，耗时 0.0s
2026-04-20T10:07:39: [ETF] ===== 获取关注 ETF 行情 =====
2026-04-20T10:07:39:   [ETF行情] 东方财富批量接口获取 6 条
2026-04-20T10:07:39: [ETF] ===== 完成，耗时 0.1s =====
2026-04-20T10:07:39: [缓存] etfs 数据获取完成，耗时 0.1s
2026-04-20T10:07:41: [ETF] ===== 获取关注 ETF 行情 =====
2026-04-20T10:07:41:   [ETF行情] 东方财富批量接口获取 6 条
2026-04-20T10:07:41: [ETF] ===== 完成，耗时 0.0s =====
2026-04-20T10:07:41: [缓存] etfs 数据获取完成，耗时 0.0s
2026-04-20T10:07:44: [ETF] ===== 获取关注 ETF 行情 =====
2026-04-20T10:07:44:   [ETF行情] 东方财富批量接口获取 6 条
2026-04-20T10:07:44: [ETF] ===== 完成，耗时 0.0s =====
2026-04-20T10:07:44: [缓存] etfs 数据获取完成，耗时 0.0s
2026-04-20T10:07:46: [ETF] ===== 获取关注 ETF 行情 =====
2026-04-20T10:07:46:   [ETF行情] 东方财富批量接口获取 6 条
2026-04-20T10:07:46: [ETF] ===== 完成，耗时 0.1s =====
2026-04-20T10:07:46: [缓存] etfs 数据获取完成，耗时 0.1s
2026-04-20T10:07:49: [ETF] ===== 获取关注 ETF 行情 =====
2026-04-20T10:07:49:   [ETF行情] 东方财富批量接口获取 6 条
2026-04-20T10:07:49: [ETF] ===== 完成，耗时 0.0s =====
2026-04-20T10:07:49: [缓存] etfs 数据获取完成，耗时 0.0s
2026-04-20T10:07:52: [ETF] ===== 获取关注 ETF 行情 =====
2026-04-20T10:07:52:   [ETF行情] 东方财富批量接口获取 6 条
2026-04-20T10:07:52: [ETF] ===== 完成，耗时 0.1s =====
2026-04-20T10:07:52: [缓存] etfs 数据获取完成，耗时 0.1s
2026-04-20T10:07:54: [ETF] ===== 获取关注 ETF 行情 =====
2026-04-20T10:07:54:   [ETF行情] 东方财富批量接口获取 6 条
2026-04-20T10:07:54: [ETF] ===== 完成，耗时 0.0s =====
2026-04-20T10:07:54: [缓存] etfs 数据获取完成，耗时 0.0s
2026-04-20T10:07:56: [ETF] ===== 获取关注 ETF 行情 =====
2026-04-20T10:07:56:   [ETF行情] 东方财富批量接口获取 6 条
2026-04-20T10:07:56: [ETF] ===== 完成，耗时 0.0s =====
2026-04-20T10:07:56: [缓存] etfs 数据获取完成，耗时 0.0s
2026-04-20T10:07:59: [ETF] ===== 获取关注 ETF 行情 =====
2026-04-20T10:07:59:   [ETF行情] 东方财富批量接口获取 6 条
2026-04-20T10:07:59: [ETF] ===== 完成，耗时 0.1s =====
2026-04-20T10:07:59: [缓存] etfs 数据获取完成，耗时 0.1s
2026-04-20T10:08:01: [ETF] ===== 获取关注 ETF 行情 =====
2026-04-20T10:08:01:   [ETF行情] 东方财富批量接口获取 6 条
2026-04-20T10:08:01: [ETF] ===== 完成，耗时 0.0s =====
2026-04-20T10:08:01: [缓存] etfs 数据获取完成，耗时 0.0s
2026-04-20T10:08:03:   [行情] 东方财富批量接口获取 8 条
2026-04-20T10:08:03:   [行情] 东方财富缺失 1 个指数(HSTECH), 用腾讯补漏
2026-04-20T10:08:03:   [行情] 腾讯备用源获取 1 条
2026-04-20T10:08:03:   [行情] 腾讯补漏成功: HSTECH
2026-04-20T10:08:03:   [蛋卷基金] 获取 63 个指数估值数据
2026-04-20T10:08:03: [缓存] index-quotes 数据获取完成，耗时 0.3s
2026-04-20T10:08:05: [数据] ===== 开始获取所有指数数据 =====
2026-04-20T10:08:05:   [配置] 核心指数: 沪深300, 中证500, 中证红利, 中证红利低波, 中证消费, 科创50, 恒生科技, 标普500, 纳斯达克100
2026-04-20T10:08:05:   [配置] Dashboard额外: 上证指数
2026-04-20T10:08:05:   [行情] 东方财富批量接口获取 9 条
2026-04-20T10:08:05:   [行情] 东方财富缺失 1 个指数(HSTECH), 用腾讯补漏
2026-04-20T10:08:05:   [行情] 腾讯备用源获取 1 条
2026-04-20T10:08:05:   [行情] 腾讯补漏成功: HSTECH
2026-04-20T10:08:05:   [天天基金] 最近连续失败，暂时跳过重试
2026-04-20T10:08:07:   [沪深300] 开始获取数据...
2026-04-20T10:08:07:   [中证500] 开始获取数据...
2026-04-20T10:08:07:   [中证红利] 开始获取数据...
2026-04-20T10:08:07:   [中证红利低波] 开始获取数据...
2026-04-20T10:08:07:   [中证消费] 开始获取数据...
2026-04-20T10:08:07:   [科创50] 开始获取数据...
2026-04-20T10:08:07:   [沪深300] 蛋卷基金: PE=14.4034, PE百分位=89.36%, 估值=high
2026-04-20T10:08:07:   [沪深300] 完成: price=4753.46, PE=14.4034, PE%=89.36%, temp=60°, src=danjuan-wind
2026-04-20T10:08:07:   [中证500] 蛋卷基金: PE=36.4631, PE百分位=85.52%, 估值=high
2026-04-20T10:08:07:   [中证500] 完成: price=8285.52, PE=36.4631, PE%=85.52%, temp=74°, src=danjuan-wind
2026-04-20T10:08:07:   [中证红利] 蛋卷基金: PE=8.6124, PE百分位=80.68%, 估值=high
2026-04-20T10:08:07:   [中证红利] 完成: price=5689.87, PE=8.6124, PE%=80.68%, temp=29°, src=danjuan-wind
2026-04-20T10:08:07:   [中证消费] 蛋卷基金: PE=19.9003, PE百分位=7.92%, 估值=low
2026-04-20T10:08:07:   [中证消费] 完成: price=14259.95, PE=19.9003, PE%=7.92%, temp=0°, src=danjuan-wind
2026-04-20T10:08:07:   [科创50] 蛋卷基金: PE=159.6906, PE百分位=92.33%, 估值=high
2026-04-20T10:08:07:   [科创50] 完成: price=1445.27, PE=159.6906, PE%=92.33%, temp=N/A, src=danjuan-wind
2026-04-20T10:08:08:   [中证红利低波] 蛋卷基金: PE=8.4035, PE百分位=77.92%, 估值=high
2026-04-20T10:08:08:   [中证红利低波] 完成: price=11360.58, PE=8.4035, PE%=77.92%, temp=N/A, src=danjuan-wind
2026-04-20T10:08:09:   [恒生科技] 开始获取数据...
2026-04-20T10:08:09:   [标普500] 开始获取数据...
2026-04-20T10:08:09:   [纳斯达克100] 开始获取数据...
2026-04-20T10:08:09:   [上证指数] 开始获取数据...
2026-04-20T10:08:09:   [恒生科技] 蛋卷基金: PE=23.1832, PE百分位=33.98%, 估值=high
2026-04-20T10:08:09:   [恒生科技] 完成: price=5052.1, PE=23.1832, PE%=33.98%, temp=11°, src=danjuan-wind
2026-04-20T10:08:09:   [标普500] 完成: price=7126.06, PE=null, PE%=null%, temp=N/A, src=none
2026-04-20T10:08:09:   [纳斯达克100] 完成: price=24468.48, PE=null, PE%=null%, temp=N/A, src=none
2026-04-20T10:08:09:   [上证指数] 完成: price=4071.32, PE=null, PE%=null%, temp=N/A, src=none
2026-04-20T10:08:09: [数据] ===== 全部完成，耗时 3.7s =====
2026-04-20T10:08:09: [缓存] indices 数据获取完成，耗时 3.7s
2026-04-20T10:08:10: [数据] ===== 开始获取所有指数数据 =====
2026-04-20T10:08:10:   [配置] 核心指数: 沪深300, 中证500, 中证红利, 中证红利低波, 中证消费, 科创50, 恒生科技, 标普500, 纳斯达克100
2026-04-20T10:08:10:   [配置] Dashboard额外: 上证指数
2026-04-20T10:08:11:   [行情] 东方财富批量接口获取 9 条
2026-04-20T10:08:11:   [行情] 东方财富缺失 1 个指数(HSTECH), 用腾讯补漏
2026-04-20T10:08:11:   [行情] 腾讯备用源获取 1 条
2026-04-20T10:08:11:   [行情] 腾讯补漏成功: HSTECH
2026-04-20T10:08:11:   [天天基金] 最近连续失败，暂时跳过重试
2026-04-20T10:08:15:   [沪深300] 开始获取数据...
2026-04-20T10:08:15:   [中证500] 开始获取数据...
2026-04-20T10:08:15:   [中证红利] 开始获取数据...
2026-04-20T10:08:15:   [中证红利低波] 开始获取数据...
2026-04-20T10:08:15:   [中证消费] 开始获取数据...
2026-04-20T10:08:15:   [科创50] 开始获取数据...
2026-04-20T10:08:15:   [沪深300] 蛋卷基金: PE=14.4034, PE百分位=89.36%, 估值=high
2026-04-20T10:08:15:   [沪深300] 完成: price=4754.37, PE=14.4034, PE%=89.36%, temp=60°, src=danjuan-wind
2026-04-20T10:08:15:   [中证500] 蛋卷基金: PE=36.4631, PE百分位=85.52%, 估值=high
2026-04-20T10:08:15:   [中证500] 完成: price=8288.48, PE=36.4631, PE%=85.52%, temp=74°, src=danjuan-wind
2026-04-20T10:08:15:   [中证红利] 蛋卷基金: PE=8.6124, PE百分位=80.68%, 估值=high
2026-04-20T10:08:15:   [中证红利] 完成: price=5689.96, PE=8.6124, PE%=80.68%, temp=29°, src=danjuan-wind
2026-04-20T10:08:15:   [中证消费] 蛋卷基金: PE=19.9003, PE百分位=7.92%, 估值=low
2026-04-20T10:08:15:   [中证消费] 完成: price=14260.61, PE=19.9003, PE%=7.92%, temp=0°, src=danjuan-wind
2026-04-20T10:08:15:   [科创50] 蛋卷基金: PE=159.6906, PE百分位=92.33%, 估值=high
2026-04-20T10:08:15:   [科创50] 完成: price=1445.48, PE=159.6906, PE%=92.33%, temp=N/A, src=danjuan-wind
2026-04-20T10:08:16:   [中证红利低波] 蛋卷基金: PE=8.4035, PE百分位=77.92%, 估值=high
2026-04-20T10:08:16:   [中证红利低波] 完成: price=11362.1, PE=8.4035, PE%=77.92%, temp=N/A, src=danjuan-wind
2026-04-20T10:08:16:   [恒生科技] 开始获取数据...
2026-04-20T10:08:16:   [标普500] 开始获取数据...
2026-04-20T10:08:16:   [纳斯达克100] 开始获取数据...
2026-04-20T10:08:16:   [上证指数] 开始获取数据...
2026-04-20T10:08:16:   [恒生科技] 蛋卷基金: PE=23.1832, PE百分位=33.98%, 估值=high
2026-04-20T10:08:16:   [恒生科技] 完成: price=5048.74, PE=23.1832, PE%=33.98%, temp=11°, src=danjuan-wind
2026-04-20T10:08:16:   [标普500] 完成: price=7126.06, PE=null, PE%=null%, temp=N/A, src=none
2026-04-20T10:08:16:   [纳斯达克100] 完成: price=24468.48, PE=null, PE%=null%, temp=N/A, src=none
2026-04-20T10:08:16:   [上证指数] 完成: price=4072.28, PE=null, PE%=null%, temp=N/A, src=none
2026-04-20T10:08:16: [数据] ===== 全部完成，耗时 5.9s =====
2026-04-20T10:08:16: [缓存] indices 数据获取完成，耗时 5.9s
2026-04-20T10:08:19: [ETF] ===== 获取关注 ETF 行情 =====
2026-04-20T10:08:19:   [ETF行情] 东方财富批量接口获取 6 条
2026-04-20T10:08:19: [ETF] ===== 完成，耗时 0.1s =====
2026-04-20T10:08:19: [缓存] etfs 数据获取完成，耗时 0.1s
2026-04-20T10:08:19: [ETF] ===== 获取关注 ETF 行情 =====
2026-04-20T10:08:19:   [ETF行情] 东方财富批量接口获取 6 条
2026-04-20T10:08:19: [ETF] ===== 完成，耗时 0.0s =====
2026-04-20T10:08:19: [缓存] etfs 数据获取完成，耗时 0.0s
2026-04-20T10:08:20: [股票] ===== 获取关注股票行情 =====
2026-04-20T10:08:21:   [股票行情] 东方财富批量接口获取 6 条
2026-04-20T10:08:21: [股票] ===== 完成，耗时 0.0s =====
2026-04-20T10:08:21: [缓存] stocks 数据获取完成，耗时 0.0s
2026-04-20T10:08:21: [股票] ===== 获取关注股票行情 =====
2026-04-20T10:08:21:   [股票行情] 东方财富批量接口获取 6 条
2026-04-20T10:08:21: [股票] ===== 完成，耗时 0.0s =====
2026-04-20T10:08:21: [缓存] stocks 数据获取完成，耗时 0.0s
2026-04-20T10:08:26: [股票] ===== 获取关注股票行情 =====
2026-04-20T10:08:26:   [股票行情] 东方财富批量接口获取 6 条
2026-04-20T10:08:26: [股票] ===== 完成，耗时 0.1s =====
2026-04-20T10:08:26: [缓存] stocks 数据获取完成，耗时 0.1s
2026-04-20T10:08:27: [股票] ===== 获取关注股票行情 =====
2026-04-20T10:08:27:   [股票行情] 东方财富批量接口获取 6 条
2026-04-20T10:08:27: [股票] ===== 完成，耗时 0.0s =====
2026-04-20T10:08:27: [缓存] stocks 数据获取完成，耗时 0.0s
2026-04-20T10:08:32: [ETF] ===== 获取关注 ETF 行情 =====
2026-04-20T10:08:32:   [ETF行情] 东方财富批量接口获取 6 条
2026-04-20T10:08:32: [ETF] ===== 完成，耗时 0.1s =====
2026-04-20T10:08:32: [缓存] etfs 数据获取完成，耗时 0.1s
2026-04-20T10:08:35: [ETF] ===== 获取关注 ETF 行情 =====
2026-04-20T10:08:35:   [ETF行情] 东方财富批量接口获取 6 条
2026-04-20T10:08:35: [ETF] ===== 完成，耗时 0.0s =====
2026-04-20T10:08:35: [缓存] etfs 数据获取完成，耗时 0.0s
2026-04-20T10:08:37:   [行情] 东方财富批量接口获取 8 条
2026-04-20T10:08:37:   [行情] 东方财富缺失 1 个指数(HSTECH), 用腾讯补漏
2026-04-20T10:08:38:   [行情] 腾讯备用源获取 1 条
2026-04-20T10:08:38:   [行情] 腾讯补漏成功: HSTECH
2026-04-20T10:08:38: [缓存] index-quotes 数据获取完成，耗时 0.3s
2026-04-20T10:08:38: [数据] ===== 开始获取所有指数数据 =====
2026-04-20T10:08:38:   [配置] 核心指数: 沪深300, 中证500, 中证红利, 中证红利低波, 中证消费, 科创50, 恒生科技, 标普500, 纳斯达克100
2026-04-20T10:08:38:   [配置] Dashboard额外: 上证指数
2026-04-20T10:08:38:   [行情] 东方财富批量接口获取 9 条
2026-04-20T10:08:38:   [行情] 东方财富缺失 1 个指数(HSTECH), 用腾讯补漏
2026-04-20T10:08:38:   [行情] 腾讯备用源获取 1 条
2026-04-20T10:08:38:   [行情] 腾讯补漏成功: HSTECH
2026-04-20T10:08:38:   [天天基金] 最近连续失败，暂时跳过重试
2026-04-20T10:08:39:   [沪深300] 开始获取数据...
2026-04-20T10:08:39:   [中证500] 开始获取数据...
2026-04-20T10:08:39:   [中证红利] 开始获取数据...
2026-04-20T10:08:39:   [中证红利低波] 开始获取数据...
2026-04-20T10:08:39:   [中证消费] 开始获取数据...
2026-04-20T10:08:39:   [科创50] 开始获取数据...
2026-04-20T10:08:39:   [沪深300] 蛋卷基金: PE=14.4034, PE百分位=89.36%, 估值=high
2026-04-20T10:08:39:   [沪深300] 完成: price=4756.23, PE=14.4034, PE%=89.36%, temp=60°, src=danjuan-wind
2026-04-20T10:08:39:   [中证500] 蛋卷基金: PE=36.4631, PE百分位=85.52%, 估值=high
2026-04-20T10:08:39:   [中证500] 完成: price=8294.91, PE=36.4631, PE%=85.52%, temp=74°, src=danjuan-wind
2026-04-20T10:08:39:   [中证红利] 蛋卷基金: PE=8.6124, PE百分位=80.68%, 估值=high
2026-04-20T10:08:39:   [中证红利] 完成: price=5693.73, PE=8.6124, PE%=80.68%, temp=29°, src=danjuan-wind
2026-04-20T10:08:39:   [中证消费] 蛋卷基金: PE=19.9003, PE百分位=7.92%, 估值=low
2026-04-20T10:08:39:   [中证消费] 完成: price=14259.01, PE=19.9003, PE%=7.92%, temp=0°, src=danjuan-wind
2026-04-20T10:08:39:   [科创50] 蛋卷基金: PE=159.6906, PE百分位=92.33%, 估值=high
2026-04-20T10:08:39:   [科创50] 完成: price=1447.06, PE=159.6906, PE%=92.33%, temp=N/A, src=danjuan-wind
2026-04-20T10:08:41:   [中证红利低波] 蛋卷基金: PE=8.4035, PE百分位=77.92%, 估值=high
2026-04-20T10:08:41:   [中证红利低波] 完成: price=11363.06, PE=8.4035, PE%=77.92%, temp=N/A, src=danjuan-wind
2026-04-20T10:08:41:   [恒生科技] 开始获取数据...
2026-04-20T10:08:41:   [标普500] 开始获取数据...
2026-04-20T10:08:41:   [纳斯达克100] 开始获取数据...
2026-04-20T10:08:41:   [上证指数] 开始获取数据...
2026-04-20T10:08:41:   [恒生科技] 蛋卷基金: PE=23.1832, PE百分位=33.98%, 估值=high
2026-04-20T10:08:41:   [恒生科技] 完成: price=5048.07, PE=23.1832, PE%=33.98%, temp=11°, src=danjuan-wind
2026-04-20T10:08:41:   [标普500] 完成: price=7126.06, PE=null, PE%=null%, temp=N/A, src=none
2026-04-20T10:08:41:   [纳斯达克100] 完成: price=24468.48, PE=null, PE%=null%, temp=N/A, src=none
2026-04-20T10:08:41:   [上证指数] 完成: price=4073.46, PE=null, PE%=null%, temp=N/A, src=none
2026-04-20T10:08:41: [数据] ===== 全部完成，耗时 2.9s =====
2026-04-20T10:08:41: [缓存] indices 数据获取完成，耗时 2.9s
2026-04-20T10:08:43: [数据] ===== 开始获取所有指数数据 =====
2026-04-20T10:08:43:   [配置] 核心指数: 沪深300, 中证500, 中证红利, 中证红利低波, 中证消费, 科创50, 恒生科技, 标普500, 纳斯达克100
2026-04-20T10:08:43:   [配置] Dashboard额外: 上证指数
2026-04-20T10:08:43:   [行情] 东方财富批量接口获取 9 条
2026-04-20T10:08:43:   [行情] 东方财富缺失 1 个指数(HSTECH), 用腾讯补漏
2026-04-20T10:08:43:   [行情] 腾讯备用源获取 1 条
2026-04-20T10:08:43:   [行情] 腾讯补漏成功: HSTECH
2026-04-20T10:08:43:   [天天基金] 最近连续失败，暂时跳过重试
2026-04-20T10:08:43:   [沪深300] 开始获取数据...
2026-04-20T10:08:43:   [中证500] 开始获取数据...
2026-04-20T10:08:43:   [中证红利] 开始获取数据...
2026-04-20T10:08:43:   [中证红利低波] 开始获取数据...
2026-04-20T10:08:43:   [中证消费] 开始获取数据...
2026-04-20T10:08:43:   [科创50] 开始获取数据...
2026-04-20T10:08:43:   [沪深300] 蛋卷基金: PE=14.4034, PE百分位=89.36%, 估值=high
2026-04-20T10:08:43:   [沪深300] 完成: price=4756.27, PE=14.4034, PE%=89.36%, temp=60°, src=danjuan-wind
2026-04-20T10:08:43:   [中证500] 蛋卷基金: PE=36.4631, PE百分位=85.52%, 估值=high
2026-04-20T10:08:43:   [中证500] 完成: price=8294.05, PE=36.4631, PE%=85.52%, temp=74°, src=danjuan-wind
2026-04-20T10:08:43:   [中证红利] 蛋卷基金: PE=8.6124, PE百分位=80.68%, 估值=high
2026-04-20T10:08:43:   [中证红利] 完成: price=5693.73, PE=8.6124, PE%=80.68%, temp=29°, src=danjuan-wind
2026-04-20T10:08:43:   [中证消费] 蛋卷基金: PE=19.9003, PE百分位=7.92%, 估值=low
2026-04-20T10:08:43:   [中证消费] 完成: price=14259.2, PE=19.9003, PE%=7.92%, temp=0°, src=danjuan-wind
2026-04-20T10:08:43:   [科创50] 蛋卷基金: PE=159.6906, PE百分位=92.33%, 估值=high
2026-04-20T10:08:43:   [科创50] 完成: price=1447.82, PE=159.6906, PE%=92.33%, temp=N/A, src=danjuan-wind
2026-04-20T10:08:44:   [K线] 2.H30269 获取成功, 2520 条 (lmt=2520)
2026-04-20T10:08:44:   [中证红利低波] 蛋卷基金: PE=8.4035, PE百分位=77.92%, 估值=high
2026-04-20T10:08:44:   [中证红利低波] 完成: price=11363.06, PE=8.4035, PE%=77.92%, temp=N/A, src=danjuan-wind
2026-04-20T10:08:44:   [恒生科技] 开始获取数据...
2026-04-20T10:08:44:   [标普500] 开始获取数据...
2026-04-20T10:08:44:   [纳斯达克100] 开始获取数据...
2026-04-20T10:08:44:   [上证指数] 开始获取数据...
2026-04-20T10:08:44:   [恒生科技] 蛋卷基金: PE=23.1832, PE百分位=33.98%, 估值=high
2026-04-20T10:08:44:   [恒生科技] 完成: price=5048.07, PE=23.1832, PE%=33.98%, temp=11°, src=danjuan-wind
2026-04-20T10:08:44:   [标普500] 完成: price=7126.06, PE=null, PE%=null%, temp=N/A, src=none
2026-04-20T10:08:44:   [纳斯达克100] 完成: price=24468.48, PE=null, PE%=null%, temp=N/A, src=none
2026-04-20T10:08:44:   [上证指数] 完成: price=4073.41, PE=null, PE%=null%, temp=N/A, src=none
2026-04-20T10:08:44: [数据] ===== 全部完成，耗时 1.0s =====
2026-04-20T10:08:44: [缓存] indices 数据获取完成，耗时 1.0s
2026-04-20T10:08:46: [数据] ===== 开始获取所有指数数据 =====
2026-04-20T10:08:46:   [配置] 核心指数: 沪深300, 中证500, 中证红利, 中证红利低波, 中证消费, 科创50, 恒生科技, 标普500, 纳斯达克100
2026-04-20T10:08:46:   [配置] Dashboard额外: 上证指数
2026-04-20T10:08:46:   [行情] 东方财富批量接口获取 9 条
2026-04-20T10:08:46:   [行情] 东方财富缺失 1 个指数(HSTECH), 用腾讯补漏
2026-04-20T10:08:46:   [行情] 腾讯备用源获取 1 条
2026-04-20T10:08:46:   [行情] 腾讯补漏成功: HSTECH
2026-04-20T10:08:46:   [天天基金] 最近连续失败，暂时跳过重试
2026-04-20T10:08:47:   [沪深300] 开始获取数据...
2026-04-20T10:08:47:   [中证500] 开始获取数据...
2026-04-20T10:08:47:   [中证红利] 开始获取数据...
2026-04-20T10:08:47:   [中证红利低波] 开始获取数据...
2026-04-20T10:08:47:   [中证消费] 开始获取数据...
2026-04-20T10:08:47:   [科创50] 开始获取数据...
2026-04-20T10:08:47:   [沪深300] 蛋卷基金: PE=14.4034, PE百分位=89.36%, 估值=high
2026-04-20T10:08:47:   [沪深300] 完成: price=4756.16, PE=14.4034, PE%=89.36%, temp=60°, src=danjuan-wind
2026-04-20T10:08:47:   [中证500] 蛋卷基金: PE=36.4631, PE百分位=85.52%, 估值=high
2026-04-20T10:08:47:   [中证500] 完成: price=8293.66, PE=36.4631, PE%=85.52%, temp=74°, src=danjuan-wind
2026-04-20T10:08:47:   [中证红利] 蛋卷基金: PE=8.6124, PE百分位=80.68%, 估值=high
2026-04-20T10:08:47:   [中证红利] 完成: price=5693.99, PE=8.6124, PE%=80.68%, temp=29°, src=danjuan-wind
2026-04-20T10:08:47:   [中证红利低波] 蛋卷基金: PE=8.4035, PE百分位=77.92%, 估值=high
2026-04-20T10:08:47:   [中证红利低波] 完成: price=11364.67, PE=8.4035, PE%=77.92%, temp=N/A, src=danjuan-wind
2026-04-20T10:08:47:   [中证消费] 蛋卷基金: PE=19.9003, PE百分位=7.92%, 估值=low
2026-04-20T10:08:47:   [中证消费] 完成: price=14257.97, PE=19.9003, PE%=7.92%, temp=0°, src=danjuan-wind
2026-04-20T10:08:47:   [科创50] 蛋卷基金: PE=159.6906, PE百分位=92.33%, 估值=high
2026-04-20T10:08:47:   [科创50] 完成: price=1447.49, PE=159.6906, PE%=92.33%, temp=N/A, src=danjuan-wind
2026-04-20T10:08:47:   [恒生科技] 开始获取数据...
2026-04-20T10:08:47:   [标普500] 开始获取数据...
2026-04-20T10:08:47:   [纳斯达克100] 开始获取数据...
2026-04-20T10:08:47:   [上证指数] 开始获取数据...
2026-04-20T10:08:47:   [恒生科技] 蛋卷基金: PE=23.1832, PE百分位=33.98%, 估值=high
2026-04-20T10:08:47:   [恒生科技] 完成: price=5049.73, PE=23.1832, PE%=33.98%, temp=11°, src=danjuan-wind
2026-04-20T10:08:47:   [标普500] 完成: price=7126.06, PE=null, PE%=null%, temp=N/A, src=none
2026-04-20T10:08:47:   [纳斯达克100] 完成: price=24468.48, PE=null, PE%=null%, temp=N/A, src=none
2026-04-20T10:08:47:   [上证指数] 完成: price=4073.31, PE=null, PE%=null%, temp=N/A, src=none
2026-04-20T10:08:47: [数据] ===== 全部完成，耗时 0.7s =====
2026-04-20T10:08:47: [缓存] indices 数据获取完成，耗时 0.7s
2026-04-20T10:08:48: [数据] ===== 开始获取所有指数数据 =====
2026-04-20T10:08:48:   [配置] 核心指数: 沪深300, 中证500, 中证红利, 中证红利低波, 中证消费, 科创50, 恒生科技, 标普500, 纳斯达克100
2026-04-20T10:08:48:   [配置] Dashboard额外: 上证指数
2026-04-20T10:08:48:   [行情] 东方财富批量接口获取 9 条
2026-04-20T10:08:48:   [行情] 东方财富缺失 1 个指数(HSTECH), 用腾讯补漏
2026-04-20T10:08:48:   [行情] 腾讯备用源获取 1 条
2026-04-20T10:08:48:   [行情] 腾讯补漏成功: HSTECH
2026-04-20T10:08:48:   [天天基金] 最近连续失败，暂时跳过重试
2026-04-20T10:08:49:   [沪深300] 开始获取数据...
2026-04-20T10:08:49:   [中证500] 开始获取数据...
2026-04-20T10:08:49:   [中证红利] 开始获取数据...
2026-04-20T10:08:49:   [中证红利低波] 开始获取数据...
2026-04-20T10:08:49:   [中证消费] 开始获取数据...
2026-04-20T10:08:49:   [科创50] 开始获取数据...
2026-04-20T10:08:49:   [沪深300] 蛋卷基金: PE=14.4034, PE百分位=89.36%, 估值=high
2026-04-20T10:08:49:   [沪深300] 完成: price=4756.41, PE=14.4034, PE%=89.36%, temp=60°, src=danjuan-wind
2026-04-20T10:08:49:   [中证500] 蛋卷基金: PE=36.4631, PE百分位=85.52%, 估值=high
2026-04-20T10:08:49:   [中证500] 完成: price=8294.15, PE=36.4631, PE%=85.52%, temp=74°, src=danjuan-wind
2026-04-20T10:08:49:   [中证红利] 蛋卷基金: PE=8.6124, PE百分位=80.68%, 估值=high
2026-04-20T10:08:49:   [中证红利] 完成: price=5692.1, PE=8.6124, PE%=80.68%, temp=29°, src=danjuan-wind
2026-04-20T10:08:49:   [中证红利低波] 蛋卷基金: PE=8.4035, PE百分位=77.92%, 估值=high
2026-04-20T10:08:49:   [中证红利低波] 完成: price=11362.37, PE=8.4035, PE%=77.92%, temp=N/A, src=danjuan-wind
2026-04-20T10:08:49:   [中证消费] 蛋卷基金: PE=19.9003, PE百分位=7.92%, 估值=low
2026-04-20T10:08:49:   [中证消费] 完成: price=14258.25, PE=19.9003, PE%=7.92%, temp=0°, src=danjuan-wind
2026-04-20T10:08:49:   [科创50] 蛋卷基金: PE=159.6906, PE百分位=92.33%, 估值=high
2026-04-20T10:08:49:   [科创50] 完成: price=1447.84, PE=159.6906, PE%=92.33%, temp=N/A, src=danjuan-wind
2026-04-20T10:08:49:   [恒生科技] 开始获取数据...
2026-04-20T10:08:49:   [标普500] 开始获取数据...
2026-04-20T10:08:49:   [纳斯达克100] 开始获取数据...
2026-04-20T10:08:49:   [上证指数] 开始获取数据...
2026-04-20T10:08:49:   [恒生科技] 蛋卷基金: PE=23.1832, PE百分位=33.98%, 估值=high
2026-04-20T10:08:49:   [恒生科技] 完成: price=5049.73, PE=23.1832, PE%=33.98%, temp=11°, src=danjuan-wind
2026-04-20T10:08:49:   [标普500] 完成: price=7126.06, PE=null, PE%=null%, temp=N/A, src=none
2026-04-20T10:08:49:   [纳斯达克100] 完成: price=24468.48, PE=null, PE%=null%, temp=N/A, src=none
2026-04-20T10:08:49:   [上证指数] 完成: price=4073.18, PE=null, PE%=null%, temp=N/A, src=none
2026-04-20T10:08:49: [数据] ===== 全部完成，耗时 0.4s =====
2026-04-20T10:08:49: [缓存] indices 数据获取完成，耗时 0.4s
2026-04-20T10:08:50: [ETF] ===== 获取关注 ETF 行情 =====
2026-04-20T10:08:50:   [ETF行情] 东方财富批量接口获取 6 条
2026-04-20T10:08:50: [ETF] ===== 完成，耗时 0.0s =====
2026-04-20T10:08:50: [缓存] etfs 数据获取完成，耗时 0.0s
2026-04-20T10:08:52: [ETF] ===== 获取关注 ETF 行情 =====
2026-04-20T10:08:52:   [ETF行情] 东方财富批量接口获取 6 条
2026-04-20T10:08:52: [ETF] ===== 完成，耗时 0.0s =====
2026-04-20T10:08:52: [缓存] etfs 数据获取完成，耗时 0.0s
2026-04-20T10:08:53: [股票] ===== 获取关注股票行情 =====
2026-04-20T10:08:53:   [股票行情] 东方财富批量接口获取 6 条
2026-04-20T10:08:53: [股票] ===== 完成，耗时 0.0s =====
2026-04-20T10:08:53: [缓存] stocks 数据获取完成，耗时 0.0s
2026-04-20T10:08:53: [股票] ===== 获取关注股票行情 =====
2026-04-20T10:08:54:   [股票行情] 东方财富批量接口获取 6 条
2026-04-20T10:08:54: [股票] ===== 完成，耗时 0.1s =====
2026-04-20T10:08:54: [缓存] stocks 数据获取完成，耗时 0.1s
2026-04-20T10:08:56: [股票] ===== 获取关注股票行情 =====
2026-04-20T10:08:56:   [股票行情] 东方财富批量接口获取 6 条
2026-04-20T10:08:56: [股票] ===== 完成，耗时 0.0s =====
2026-04-20T10:08:56: [缓存] stocks 数据获取完成，耗时 0.0s
2026-04-20T10:08:59: [股票] ===== 获取关注股票行情 =====
2026-04-20T10:08:59:   [股票行情] 东方财富批量接口获取 6 条
2026-04-20T10:08:59: [股票] ===== 完成，耗时 0.1s =====
2026-04-20T10:08:59: [缓存] stocks 数据获取完成，耗时 0.1s
2026-04-20T10:09:01: [股票] ===== 获取关注股票行情 =====
2026-04-20T10:09:01:   [股票行情] 东方财富批量接口获取 6 条
2026-04-20T10:09:01: [股票] ===== 完成，耗时 0.0s =====
2026-04-20T10:09:01: [缓存] stocks 数据获取完成，耗时 0.0s
2026-04-20T10:09:04: [股票] ===== 获取关注股票行情 =====
2026-04-20T10:09:04:   [股票行情] 东方财富批量接口获取 6 条
2026-04-20T10:09:04: [股票] ===== 完成，耗时 0.0s =====
2026-04-20T10:09:04: [缓存] stocks 数据获取完成，耗时 0.0s
2026-04-20T10:09:07: [股票] ===== 获取关注股票行情 =====
2026-04-20T10:09:07:   [股票行情] 东方财富批量接口获取 6 条
2026-04-20T10:09:07: [股票] ===== 完成，耗时 0.1s =====
2026-04-20T10:09:07: [缓存] stocks 数据获取完成，耗时 0.1s
2026-04-20T10:09:08: [股票] ===== 获取关注股票行情 =====
2026-04-20T10:09:08:   [股票行情] 东方财富批量接口获取 6 条
2026-04-20T10:09:08: [股票] ===== 完成，耗时 0.0s =====
2026-04-20T10:09:08: [缓存] stocks 数据获取完成，耗时 0.0s
2026-04-20T10:09:11: [股票] ===== 获取关注股票行情 =====
2026-04-20T10:09:11:   [股票行情] 东方财富批量接口获取 6 条
2026-04-20T10:09:11: [股票] ===== 完成，耗时 0.0s =====
2026-04-20T10:09:11: [缓存] stocks 数据获取完成，耗时 0.0s
2026-04-20T10:09:12: [股票] ===== 获取关注股票行情 =====
2026-04-20T10:09:12:   [股票行情] 东方财富批量接口获取 6 条
2026-04-20T10:09:12: [股票] ===== 完成，耗时 0.1s =====
2026-04-20T10:09:12: [缓存] stocks 数据获取完成，耗时 0.1s
2026-04-20T10:09:14: [股票] ===== 获取关注股票行情 =====
2026-04-20T10:09:14:   [股票行情] 东方财富批量接口获取 6 条
2026-04-20T10:09:14: [股票] ===== 完成，耗时 0.0s =====
2026-04-20T10:09:14: [缓存] stocks 数据获取完成，耗时 0.0s
2026-04-20T10:09:16:   [行情] 东方财富批量接口获取 8 条
2026-04-20T10:09:16:   [行情] 东方财富缺失 1 个指数(HSTECH), 用腾讯补漏
2026-04-20T10:09:16:   [行情] 腾讯备用源获取 1 条
2026-04-20T10:09:16:   [行情] 腾讯补漏成功: HSTECH
2026-04-20T10:09:16: [缓存] index-quotes 数据获取完成，耗时 0.1s
2026-04-20T10:09:17: [ETF] ===== 获取关注 ETF 行情 =====
2026-04-20T10:09:17:   [ETF行情] 东方财富批量接口获取 6 条
2026-04-20T10:09:17: [ETF] ===== 完成，耗时 0.0s =====
2026-04-20T10:09:17: [缓存] etfs 数据获取完成，耗时 0.0s
2026-04-20T10:09:17: [ETF] ===== 获取关注 ETF 行情 =====
2026-04-20T10:09:17:   [ETF行情] 东方财富批量接口获取 6 条
2026-04-20T10:09:17: [ETF] ===== 完成，耗时 0.0s =====
2026-04-20T10:09:17: [缓存] etfs 数据获取完成，耗时 0.0s
2026-04-20T10:09:19: [ETF] ===== 获取关注 ETF 行情 =====
2026-04-20T10:09:19:   [ETF行情] 东方财富批量接口获取 6 条
2026-04-20T10:09:19: [ETF] ===== 完成，耗时 0.1s =====
2026-04-20T10:09:19: [缓存] etfs 数据获取完成，耗时 0.1s
2026-04-20T10:09:22: [ETF] ===== 获取关注 ETF 行情 =====
2026-04-20T10:09:22:   [ETF行情] 东方财富批量接口获取 6 条
2026-04-20T10:09:22: [ETF] ===== 完成，耗时 0.0s =====
2026-04-20T10:09:22: [缓存] etfs 数据获取完成，耗时 0.0s
2026-04-20T10:09:25: [ETF] ===== 获取关注 ETF 行情 =====
2026-04-20T10:09:25:   [ETF行情] 东方财富批量接口获取 6 条
2026-04-20T10:09:25: [ETF] ===== 完成，耗时 0.1s =====
2026-04-20T10:09:25: [缓存] etfs 数据获取完成，耗时 0.1s
2026-04-20T10:09:27: [ETF] ===== 获取关注 ETF 行情 =====
2026-04-20T10:09:27:   [ETF行情] 东方财富批量接口获取 6 条
2026-04-20T10:09:27: [ETF] ===== 完成，耗时 0.0s =====
2026-04-20T10:09:27: [缓存] etfs 数据获取完成，耗时 0.0s
2026-04-20T10:09:28: [ETF] ===== 获取关注 ETF 行情 =====
2026-04-20T10:09:28:   [ETF行情] 东方财富批量接口获取 6 条
2026-04-20T10:09:28: [ETF] ===== 完成，耗时 0.0s =====
2026-04-20T10:09:28: [缓存] etfs 数据获取完成，耗时 0.0s
2026-04-20T10:09:31: [ETF] ===== 获取关注 ETF 行情 =====
2026-04-20T10:09:31:   [ETF行情] 东方财富批量接口获取 6 条
2026-04-20T10:09:31: [ETF] ===== 完成，耗时 0.1s =====
2026-04-20T10:09:31: [缓存] etfs 数据获取完成，耗时 0.1s
2026-04-20T10:09:32: [ETF] ===== 获取关注 ETF 行情 =====
2026-04-20T10:09:32:   [ETF行情] 东方财富批量接口获取 6 条
2026-04-20T10:09:32: [ETF] ===== 完成，耗时 0.0s =====
2026-04-20T10:09:32: [缓存] etfs 数据获取完成，耗时 0.0s
2026-04-20T10:09:34: [ETF] ===== 获取关注 ETF 行情 =====
2026-04-20T10:09:34:   [ETF行情] 东方财富批量接口获取 6 条
2026-04-20T10:09:34: [ETF] ===== 完成，耗时 0.0s =====
2026-04-20T10:09:34: [缓存] etfs 数据获取完成，耗时 0.0s
2026-04-20T10:09:36: [ETF] ===== 获取关注 ETF 行情 =====
2026-04-20T10:09:36:   [ETF行情] 东方财富批量接口获取 6 条
2026-04-20T10:09:36: [ETF] ===== 完成，耗时 0.1s =====
2026-04-20T10:09:36: [缓存] etfs 数据获取完成，耗时 0.1s
2026-04-20T10:09:39: [ETF] ===== 获取关注 ETF 行情 =====
2026-04-20T10:09:39:   [ETF行情] 东方财富批量接口获取 6 条
2026-04-20T10:09:39: [ETF] ===== 完成，耗时 0.0s =====
2026-04-20T10:09:39: [缓存] etfs 数据获取完成，耗时 0.0s
2026-04-20T10:09:41: [ETF] ===== 获取关注 ETF 行情 =====
2026-04-20T10:09:41:   [ETF行情] 东方财富批量接口获取 6 条
2026-04-20T10:09:41: [ETF] ===== 完成，耗时 0.1s =====
2026-04-20T10:09:41: [缓存] etfs 数据获取完成，耗时 0.1s
2026-04-20T10:09:42: [ETF] ===== 获取关注 ETF 行情 =====
2026-04-20T10:09:42:   [ETF行情] 东方财富批量接口获取 6 条
2026-04-20T10:09:42: [ETF] ===== 完成，耗时 0.0s =====
2026-04-20T10:09:42: [缓存] etfs 数据获取完成，耗时 0.0s
2026-04-20T10:09:44: [ETF] ===== 获取关注 ETF 行情 =====
2026-04-20T10:09:44:   [ETF行情] 东方财富批量接口获取 6 条
2026-04-20T10:09:44: [ETF] ===== 完成，耗时 0.0s =====
2026-04-20T10:09:44: [缓存] etfs 数据获取完成，耗时 0.0s
2026-04-20T10:09:45: [ETF] ===== 获取关注 ETF 行情 =====
2026-04-20T10:09:45:   [ETF行情] 东方财富批量接口获取 6 条
2026-04-20T10:09:45: [ETF] ===== 完成，耗时 0.0s =====
2026-04-20T10:09:45: [缓存] etfs 数据获取完成，耗时 0.0s
2026-04-20T10:09:46: [ETF] ===== 获取关注 ETF 行情 =====
2026-04-20T10:09:46:   [ETF行情] 东方财富批量接口获取 6 条
2026-04-20T10:09:46: [ETF] ===== 完成，耗时 0.0s =====
2026-04-20T10:09:46: [缓存] etfs 数据获取完成，耗时 0.0s
2026-04-20T10:09:47: [ETF] ===== 获取关注 ETF 行情 =====
2026-04-20T10:09:47:   [ETF行情] 东方财富批量接口获取 6 条
2026-04-20T10:09:47: [ETF] ===== 完成，耗时 0.1s =====
2026-04-20T10:09:47: [缓存] etfs 数据获取完成，耗时 0.1s
2026-04-20T10:09:50: [ETF] ===== 获取关注 ETF 行情 =====
2026-04-20T10:09:50:   [ETF行情] 东方财富批量接口获取 6 条
2026-04-20T10:09:50: [ETF] ===== 完成，耗时 0.0s =====
2026-04-20T10:09:50: [缓存] etfs 数据获取完成，耗时 0.0s
2026-04-20T10:09:51: [ETF] ===== 获取关注 ETF 行情 =====
2026-04-20T10:09:51:   [ETF行情] 东方财富批量接口获取 6 条
2026-04-20T10:09:51: [ETF] ===== 完成，耗时 0.0s =====
2026-04-20T10:09:51: [缓存] etfs 数据获取完成，耗时 0.0s
2026-04-20T10:09:54: [ETF] ===== 获取关注 ETF 行情 =====
2026-04-20T10:09:54:   [ETF行情] 东方财富批量接口获取 6 条
2026-04-20T10:09:54: [ETF] ===== 完成，耗时 0.1s =====
2026-04-20T10:09:54: [缓存] etfs 数据获取完成，耗时 0.1s
2026-04-20T10:09:55: [ETF] ===== 获取关注 ETF 行情 =====
2026-04-20T10:09:55:   [ETF行情] 东方财富批量接口获取 6 条
2026-04-20T10:09:55: [ETF] ===== 完成，耗时 0.0s =====
2026-04-20T10:09:55: [缓存] etfs 数据获取完成，耗时 0.0s
2026-04-20T10:09:57: [ETF] ===== 获取关注 ETF 行情 =====
2026-04-20T10:09:57:   [ETF行情] 东方财富批量接口获取 6 条
2026-04-20T10:09:57: [ETF] ===== 完成，耗时 0.0s =====
2026-04-20T10:09:57: [缓存] etfs 数据获取完成，耗时 0.0s
2026-04-20T10:09:58: [ETF] ===== 获取关注 ETF 行情 =====
2026-04-20T10:09:58:   [ETF行情] 东方财富批量接口获取 6 条
2026-04-20T10:09:58: [ETF] ===== 完成，耗时 0.0s =====
2026-04-20T10:09:58: [缓存] etfs 数据获取完成，耗时 0.0s
2026-04-20T10:10:00: [ETF] ===== 获取关注 ETF 行情 =====
2026-04-20T10:10:00:   [ETF行情] 东方财富批量接口获取 6 条
2026-04-20T10:10:00: [ETF] ===== 完成，耗时 0.1s =====
2026-04-20T10:10:00: [缓存] etfs 数据获取完成，耗时 0.1s
2026-04-20T10:10:02: [ETF] ===== 获取关注 ETF 行情 =====
2026-04-20T10:10:02:   [ETF行情] 东方财富批量接口获取 6 条
2026-04-20T10:10:02: [ETF] ===== 完成，耗时 0.0s =====
2026-04-20T10:10:02: [缓存] etfs 数据获取完成，耗时 0.0s
2026-04-20T10:10:05: [ETF] ===== 获取关注 ETF 行情 =====
2026-04-20T10:10:05:   [ETF行情] 东方财富批量接口获取 6 条
2026-04-20T10:10:05: [ETF] ===== 完成，耗时 0.1s =====
2026-04-20T10:10:05: [缓存] etfs 数据获取完成，耗时 0.1s
2026-04-20T10:10:08: [ETF] ===== 获取关注 ETF 行情 =====
2026-04-20T10:10:08:   [ETF行情] 东方财富批量接口获取 6 条
2026-04-20T10:10:08: [ETF] ===== 完成，耗时 0.0s =====
2026-04-20T10:10:08: [缓存] etfs 数据获取完成，耗时 0.0s
2026-04-20T10:10:10: [ETF] ===== 获取关注 ETF 行情 =====
2026-04-20T10:10:10:   [ETF行情] 东方财富批量接口获取 6 条
2026-04-20T10:10:10: [ETF] ===== 完成，耗时 0.1s =====
2026-04-20T10:10:10: [缓存] etfs 数据获取完成，耗时 0.1s
2026-04-20T10:10:12: [ETF] ===== 获取关注 ETF 行情 =====
2026-04-20T10:10:12:   [ETF行情] 东方财富批量接口获取 6 条
2026-04-20T10:10:12: [ETF] ===== 完成，耗时 0.0s =====
2026-04-20T10:10:12: [缓存] etfs 数据获取完成，耗时 0.0s
2026-04-20T10:10:15: [ETF] ===== 获取关注 ETF 行情 =====
2026-04-20T10:10:15:   [ETF行情] 东方财富批量接口获取 6 条
2026-04-20T10:10:15: [ETF] ===== 完成，耗时 0.0s =====
2026-04-20T10:10:15: [缓存] etfs 数据获取完成，耗时 0.0s
2026-04-20T10:10:17: [ETF] ===== 获取关注 ETF 行情 =====
2026-04-20T10:10:17:   [ETF行情] 东方财富批量接口获取 6 条
2026-04-20T10:10:17: [ETF] ===== 完成，耗时 0.1s =====
2026-04-20T10:10:17: [缓存] etfs 数据获取完成，耗时 0.1s
2026-04-20T10:10:20: [ETF] ===== 获取关注 ETF 行情 =====
2026-04-20T10:10:20:   [ETF行情] 东方财富批量接口获取 6 条
2026-04-20T10:10:20: [ETF] ===== 完成，耗时 0.0s =====
2026-04-20T10:10:20: [缓存] etfs 数据获取完成，耗时 0.0s
2026-04-20T10:10:23: [ETF] ===== 获取关注 ETF 行情 =====
2026-04-20T10:10:23:   [ETF行情] 东方财富批量接口获取 6 条
2026-04-20T10:10:23: [ETF] ===== 完成，耗时 0.1s =====
2026-04-20T10:10:23: [缓存] etfs 数据获取完成，耗时 0.1s
2026-04-20T10:10:26: [ETF] ===== 获取关注 ETF 行情 =====
2026-04-20T10:10:26:   [ETF行情] 东方财富批量接口获取 6 条
2026-04-20T10:10:26: [ETF] ===== 完成，耗时 0.0s =====
2026-04-20T10:10:26: [缓存] etfs 数据获取完成，耗时 0.0s
2026-04-20T10:10:29: [ETF] ===== 获取关注 ETF 行情 =====
2026-04-20T10:10:29:   [ETF行情] 东方财富批量接口获取 6 条
2026-04-20T10:10:29: [ETF] ===== 完成，耗时 0.1s =====
2026-04-20T10:10:29: [缓存] etfs 数据获取完成，耗时 0.1s
2026-04-20T10:10:32: [ETF] ===== 获取关注 ETF 行情 =====
2026-04-20T10:10:32:   [ETF行情] 东方财富批量接口获取 6 条
2026-04-20T10:10:32: [ETF] ===== 完成，耗时 0.0s =====
2026-04-20T10:10:32: [缓存] etfs 数据获取完成，耗时 0.0s
2026-04-20T10:10:35: [ETF] ===== 获取关注 ETF 行情 =====
2026-04-20T10:10:35:   [ETF行情] 东方财富批量接口获取 6 条
2026-04-20T10:10:35: [ETF] ===== 完成，耗时 0.1s =====
2026-04-20T10:10:35: [缓存] etfs 数据获取完成，耗时 0.1s
2026-04-20T10:10:38: [ETF] ===== 获取关注 ETF 行情 =====
2026-04-20T10:10:38:   [ETF行情] 东方财富批量接口获取 6 条
2026-04-20T10:10:38: [ETF] ===== 完成，耗时 0.0s =====
2026-04-20T10:10:38: [缓存] etfs 数据获取完成，耗时 0.0s
2026-04-20T10:10:41: [ETF] ===== 获取关注 ETF 行情 =====
2026-04-20T10:10:41:   [ETF行情] 东方财富批量接口获取 6 条
2026-04-20T10:10:41: [ETF] ===== 完成，耗时 0.1s =====
2026-04-20T10:10:41: [缓存] etfs 数据获取完成，耗时 0.1s
2026-04-20T10:10:44: [ETF] ===== 获取关注 ETF 行情 =====
2026-04-20T10:10:44:   [ETF行情] 东方财富批量接口获取 6 条
2026-04-20T10:10:44: [ETF] ===== 完成，耗时 0.0s =====
2026-04-20T10:10:44: [缓存] etfs 数据获取完成，耗时 0.0s
2026-04-20T10:10:46: [ETF] ===== 获取关注 ETF 行情 =====
2026-04-20T10:10:46:   [ETF行情] 东方财富批量接口获取 6 条
2026-04-20T10:10:46: [ETF] ===== 完成，耗时 0.0s =====
2026-04-20T10:10:46: [缓存] etfs 数据获取完成，耗时 0.0s
2026-04-20T10:10:49: [ETF] ===== 获取关注 ETF 行情 =====
2026-04-20T10:10:49:   [ETF行情] 东方财富批量接口获取 6 条
2026-04-20T10:10:49: [ETF] ===== 完成，耗时 0.1s =====
2026-04-20T10:10:49: [缓存] etfs 数据获取完成，耗时 0.1s
2026-04-20T10:10:51: [ETF] ===== 获取关注 ETF 行情 =====
2026-04-20T10:10:51:   [ETF行情] 东方财富批量接口获取 6 条
2026-04-20T10:10:51: [ETF] ===== 完成，耗时 0.0s =====
2026-04-20T10:10:51: [缓存] etfs 数据获取完成，耗时 0.0s
2026-04-20T10:10:54: [ETF] ===== 获取关注 ETF 行情 =====
2026-04-20T10:10:54:   [ETF行情] 东方财富批量接口获取 6 条
2026-04-20T10:10:54: [ETF] ===== 完成，耗时 0.0s =====
2026-04-20T10:10:54: [缓存] etfs 数据获取完成，耗时 0.0s
2026-04-20T10:10:56: [ETF] ===== 获取关注 ETF 行情 =====
2026-04-20T10:10:56:   [ETF行情] 东方财富批量接口获取 6 条
2026-04-20T10:10:56: [ETF] ===== 完成，耗时 0.0s =====
2026-04-20T10:10:56: [缓存] etfs 数据获取完成，耗时 0.0s
2026-04-20T10:10:58: [ETF] ===== 获取关注 ETF 行情 =====
2026-04-20T10:10:58:   [ETF行情] 东方财富批量接口获取 6 条
2026-04-20T10:10:58: [ETF] ===== 完成，耗时 0.0s =====
2026-04-20T10:10:58: [缓存] etfs 数据获取完成，耗时 0.0s
2026-04-20T10:11:00: [ETF] ===== 获取关注 ETF 行情 =====
2026-04-20T10:11:00:   [ETF行情] 东方财富批量接口获取 6 条
2026-04-20T10:11:00: [ETF] ===== 完成，耗时 0.0s =====
2026-04-20T10:11:00: [缓存] etfs 数据获取完成，耗时 0.0s
2026-04-20T10:11:02: [ETF] ===== 获取关注 ETF 行情 =====
2026-04-20T10:11:02:   [ETF行情] 东方财富批量接口获取 6 条
2026-04-20T10:11:02: [ETF] ===== 完成，耗时 0.1s =====
2026-04-20T10:11:02: [缓存] etfs 数据获取完成，耗时 0.1s
2026-04-20T10:11:05: [ETF] ===== 获取关注 ETF 行情 =====
2026-04-20T10:11:05:   [ETF行情] 东方财富批量接口获取 6 条
2026-04-20T10:11:05: [ETF] ===== 完成，耗时 0.0s =====
2026-04-20T10:11:05: [缓存] etfs 数据获取完成，耗时 0.0s
2026-04-20T10:11:08: [ETF] ===== 获取关注 ETF 行情 =====
2026-04-20T10:11:08:   [ETF行情] 东方财富批量接口获取 6 条
2026-04-20T10:11:08: [ETF] ===== 完成，耗时 0.1s =====
2026-04-20T10:11:08: [缓存] etfs 数据获取完成，耗时 0.1s
2026-04-20T10:11:11: [ETF] ===== 获取关注 ETF 行情 =====
2026-04-20T10:11:11:   [ETF行情] 东方财富批量接口获取 6 条
2026-04-20T10:11:11: [ETF] ===== 完成，耗时 0.1s =====
2026-04-20T10:11:11: [缓存] etfs 数据获取完成，耗时 0.1s
2026-04-20T10:11:14: [ETF] ===== 获取关注 ETF 行情 =====
2026-04-20T10:11:14:   [ETF行情] 东方财富批量接口获取 6 条
2026-04-20T10:11:14: [ETF] ===== 完成，耗时 0.1s =====
2026-04-20T10:11:14: [缓存] etfs 数据获取完成，耗时 0.1s
2026-04-20T10:11:16: [ETF] ===== 获取关注 ETF 行情 =====
2026-04-20T10:11:16:   [ETF行情] 东方财富批量接口获取 6 条
2026-04-20T10:11:16: [ETF] ===== 完成，耗时 0.0s =====
2026-04-20T10:11:16: [缓存] etfs 数据获取完成，耗时 0.0s
2026-04-20T10:11:18: [ETF] ===== 获取关注 ETF 行情 =====
2026-04-20T10:11:18:   [ETF行情] 东方财富批量接口获取 6 条
2026-04-20T10:11:18: [ETF] ===== 完成，耗时 0.0s =====
2026-04-20T10:11:18: [缓存] etfs 数据获取完成，耗时 0.0s
2026-04-20T10:11:21: [ETF] ===== 获取关注 ETF 行情 =====
2026-04-20T10:11:21:   [ETF行情] 东方财富批量接口获取 6 条
2026-04-20T10:11:21: [ETF] ===== 完成，耗时 0.1s =====
2026-04-20T10:11:21: [缓存] etfs 数据获取完成，耗时 0.1s
2026-04-20T10:11:25: [ETF] ===== 获取关注 ETF 行情 =====
2026-04-20T10:11:25:   [ETF行情] 东方财富批量接口获取 6 条
2026-04-20T10:11:25: [ETF] ===== 完成，耗时 0.0s =====
2026-04-20T10:11:25: [缓存] etfs 数据获取完成，耗时 0.0s
2026-04-20T10:11:27: [ETF] ===== 获取关注 ETF 行情 =====
2026-04-20T10:11:27:   [ETF行情] 东方财富批量接口获取 6 条
2026-04-20T10:11:27: [ETF] ===== 完成，耗时 0.1s =====
2026-04-20T10:11:27: [缓存] etfs 数据获取完成，耗时 0.1s
2026-04-20T10:11:29: [ETF] ===== 获取关注 ETF 行情 =====
2026-04-20T10:11:29:   [ETF行情] 东方财富批量接口获取 6 条
2026-04-20T10:11:29: [ETF] ===== 完成，耗时 0.0s =====
2026-04-20T10:11:29: [缓存] etfs 数据获取完成，耗时 0.0s
2026-04-20T10:11:32: [ETF] ===== 获取关注 ETF 行情 =====
2026-04-20T10:11:32:   [ETF行情] 东方财富批量接口获取 6 条
2026-04-20T10:11:32: [ETF] ===== 完成，耗时 0.0s =====
2026-04-20T10:11:32: [缓存] etfs 数据获取完成，耗时 0.0s
2026-04-20T10:11:35: [ETF] ===== 获取关注 ETF 行情 =====
2026-04-20T10:11:35:   [ETF行情] 东方财富批量接口获取 6 条
2026-04-20T10:11:35: [ETF] ===== 完成，耗时 0.1s =====
2026-04-20T10:11:35: [缓存] etfs 数据获取完成，耗时 0.1s
2026-04-20T10:11:38: [ETF] ===== 获取关注 ETF 行情 =====
2026-04-20T10:11:38:   [ETF行情] 东方财富批量接口获取 6 条
2026-04-20T10:11:38: [ETF] ===== 完成，耗时 0.0s =====
2026-04-20T10:11:38: [缓存] etfs 数据获取完成，耗时 0.0s
2026-04-20T10:11:42: [ETF] ===== 获取关注 ETF 行情 =====
2026-04-20T10:11:42:   [ETF行情] 东方财富批量接口获取 6 条
2026-04-20T10:11:42: [ETF] ===== 完成，耗时 0.1s =====
2026-04-20T10:11:42: [缓存] etfs 数据获取完成，耗时 0.1s
2026-04-20T10:11:44: [ETF] ===== 获取关注 ETF 行情 =====
2026-04-20T10:11:44:   [ETF行情] 东方财富批量接口获取 6 条
2026-04-20T10:11:44: [ETF] ===== 完成，耗时 0.0s =====
2026-04-20T10:11:44: [缓存] etfs 数据获取完成，耗时 0.0s
2026-04-20T10:11:47: [ETF] ===== 获取关注 ETF 行情 =====
2026-04-20T10:11:47:   [ETF行情] 东方财富批量接口获取 6 条
2026-04-20T10:11:47: [ETF] ===== 完成，耗时 0.0s =====
2026-04-20T10:11:47: [缓存] etfs 数据获取完成，耗时 0.0s
2026-04-20T10:11:50: [ETF] ===== 获取关注 ETF 行情 =====
2026-04-20T10:11:50:   [ETF行情] 东方财富批量接口获取 6 条
2026-04-20T10:11:50: [ETF] ===== 完成，耗时 0.1s =====
2026-04-20T10:11:50: [缓存] etfs 数据获取完成，耗时 0.1s
2026-04-20T10:11:52: [ETF] ===== 获取关注 ETF 行情 =====
2026-04-20T10:11:52:   [ETF行情] 东方财富批量接口获取 6 条
2026-04-20T10:11:52: [ETF] ===== 完成，耗时 0.0s =====
2026-04-20T10:11:52: [缓存] etfs 数据获取完成，耗时 0.0s
2026-04-20T10:11:54: [ETF] ===== 获取关注 ETF 行情 =====
2026-04-20T10:11:54:   [ETF行情] 东方财富批量接口获取 6 条
2026-04-20T10:11:54: [ETF] ===== 完成，耗时 0.0s =====
2026-04-20T10:11:54: [缓存] etfs 数据获取完成，耗时 0.0s
2026-04-20T10:11:57: [ETF] ===== 获取关注 ETF 行情 =====
2026-04-20T10:11:57:   [ETF行情] 东方财富批量接口获取 6 条
2026-04-20T10:11:57: [ETF] ===== 完成，耗时 0.1s =====
2026-04-20T10:11:57: [缓存] etfs 数据获取完成，耗时 0.1s
2026-04-20T10:11:59: [ETF] ===== 获取关注 ETF 行情 =====
2026-04-20T10:11:59:   [ETF行情] 东方财富批量接口获取 6 条
2026-04-20T10:11:59: [ETF] ===== 完成，耗时 0.0s =====
2026-04-20T10:11:59: [缓存] etfs 数据获取完成，耗时 0.0s
2026-04-20T10:12:01: [ETF] ===== 获取关注 ETF 行情 =====
2026-04-20T10:12:01:   [ETF行情] 东方财富批量接口获取 6 条
2026-04-20T10:12:01: [ETF] ===== 完成，耗时 0.0s =====
2026-04-20T10:12:01: [缓存] etfs 数据获取完成，耗时 0.0s
2026-04-20T10:12:04: [ETF] ===== 获取关注 ETF 行情 =====
2026-04-20T10:12:04:   [ETF行情] 东方财富批量接口获取 6 条
2026-04-20T10:12:04: [ETF] ===== 完成，耗时 0.1s =====
2026-04-20T10:12:04: [缓存] etfs 数据获取完成，耗时 0.1s
2026-04-20T10:12:06: [ETF] ===== 获取关注 ETF 行情 =====
2026-04-20T10:12:06:   [ETF行情] 东方财富批量接口获取 6 条
2026-04-20T10:12:06: [ETF] ===== 完成，耗时 0.0s =====
2026-04-20T10:12:06: [缓存] etfs 数据获取完成，耗时 0.0s
2026-04-20T10:12:09: [ETF] ===== 获取关注 ETF 行情 =====
2026-04-20T10:12:09:   [ETF行情] 东方财富批量接口获取 6 条
2026-04-20T10:12:09: [ETF] ===== 完成，耗时 0.0s =====
2026-04-20T10:12:09: [缓存] etfs 数据获取完成，耗时 0.0s
2026-04-20T10:12:11: [ETF] ===== 获取关注 ETF 行情 =====
2026-04-20T10:12:11:   [ETF行情] 东方财富批量接口获取 6 条
2026-04-20T10:12:11: [ETF] ===== 完成，耗时 0.1s =====
2026-04-20T10:12:11: [缓存] etfs 数据获取完成，耗时 0.1s
2026-04-20T10:12:14: [ETF] ===== 获取关注 ETF 行情 =====
2026-04-20T10:12:14:   [ETF行情] 东方财富批量接口获取 6 条
2026-04-20T10:12:14: [ETF] ===== 完成，耗时 0.0s =====
2026-04-20T10:12:14: [缓存] etfs 数据获取完成，耗时 0.0s
2026-04-20T10:12:16: [ETF] ===== 获取关注 ETF 行情 =====
2026-04-20T10:12:16:   [ETF行情] 东方财富批量接口获取 6 条
2026-04-20T10:12:16: [ETF] ===== 完成，耗时 0.0s =====
2026-04-20T10:12:16: [缓存] etfs 数据获取完成，耗时 0.0s
2026-04-20T10:12:18: [ETF] ===== 获取关注 ETF 行情 =====
2026-04-20T10:12:18:   [ETF行情] 东方财富批量接口获取 6 条
2026-04-20T10:12:18: [ETF] ===== 完成，耗时 0.1s =====
2026-04-20T10:12:18: [缓存] etfs 数据获取完成，耗时 0.1s
2026-04-20T10:12:21: [ETF] ===== 获取关注 ETF 行情 =====
2026-04-20T10:12:21:   [ETF行情] 东方财富批量接口获取 6 条
2026-04-20T10:12:21: [ETF] ===== 完成，耗时 0.0s =====
2026-04-20T10:12:21: [缓存] etfs 数据获取完成，耗时 0.0s
2026-04-20T10:12:24: [ETF] ===== 获取关注 ETF 行情 =====
2026-04-20T10:12:24:   [ETF行情] 东方财富批量接口获取 6 条
2026-04-20T10:12:24: [ETF] ===== 完成，耗时 0.1s =====
2026-04-20T10:12:24: [缓存] etfs 数据获取完成，耗时 0.1s
2026-04-20T10:12:27: [ETF] ===== 获取关注 ETF 行情 =====
2026-04-20T10:12:27:   [ETF行情] 东方财富批量接口获取 6 条
2026-04-20T10:12:27: [ETF] ===== 完成，耗时 0.0s =====
2026-04-20T10:12:27: [缓存] etfs 数据获取完成，耗时 0.0s
2026-04-20T10:12:30: [ETF] ===== 获取关注 ETF 行情 =====
2026-04-20T10:12:30:   [ETF行情] 东方财富批量接口获取 6 条
2026-04-20T10:12:30: [ETF] ===== 完成，耗时 0.1s =====
2026-04-20T10:12:30: [缓存] etfs 数据获取完成，耗时 0.1s
2026-04-20T10:12:33: [ETF] ===== 获取关注 ETF 行情 =====
2026-04-20T10:12:33:   [ETF行情] 东方财富批量接口获取 6 条
2026-04-20T10:12:33: [ETF] ===== 完成，耗时 0.0s =====
2026-04-20T10:12:33: [缓存] etfs 数据获取完成，耗时 0.0s
2026-04-20T10:12:35: [ETF] ===== 获取关注 ETF 行情 =====
2026-04-20T10:12:35:   [ETF行情] 东方财富批量接口获取 6 条
2026-04-20T10:12:35: [ETF] ===== 完成，耗时 0.0s =====
2026-04-20T10:12:35: [缓存] etfs 数据获取完成，耗时 0.0s
2026-04-20T10:12:37: [ETF] ===== 获取关注 ETF 行情 =====
2026-04-20T10:12:37:   [ETF行情] 东方财富批量接口获取 6 条
2026-04-20T10:12:37: [ETF] ===== 完成，耗时 0.1s =====
2026-04-20T10:12:37: [缓存] etfs 数据获取完成，耗时 0.1s
2026-04-20T10:12:40: [ETF] ===== 获取关注 ETF 行情 =====
2026-04-20T10:12:40:   [ETF行情] 东方财富批量接口获取 6 条
2026-04-20T10:12:40: [ETF] ===== 完成，耗时 0.1s =====
2026-04-20T10:12:40: [缓存] etfs 数据获取完成，耗时 0.1s
2026-04-20T10:12:43: [ETF] ===== 获取关注 ETF 行情 =====
2026-04-20T10:12:43:   [ETF行情] 东方财富批量接口获取 6 条
2026-04-20T10:12:43: [ETF] ===== 完成，耗时 0.0s =====
2026-04-20T10:12:43: [缓存] etfs 数据获取完成，耗时 0.0s
2026-04-20T10:12:46: [ETF] ===== 获取关注 ETF 行情 =====
2026-04-20T10:12:46:   [ETF行情] 东方财富批量接口获取 6 条
2026-04-20T10:12:46: [ETF] ===== 完成，耗时 0.0s =====
2026-04-20T10:12:46: [缓存] etfs 数据获取完成，耗时 0.0s
2026-04-20T10:12:48: [ETF] ===== 获取关注 ETF 行情 =====
2026-04-20T10:12:48:   [ETF行情] 东方财富批量接口获取 6 条
2026-04-20T10:12:48: [ETF] ===== 完成，耗时 0.0s =====
2026-04-20T10:12:48: [缓存] etfs 数据获取完成，耗时 0.0s
2026-04-20T10:12:51: [ETF] ===== 获取关注 ETF 行情 =====
2026-04-20T10:12:51:   [ETF行情] 东方财富批量接口获取 6 条
2026-04-20T10:12:51: [ETF] ===== 完成，耗时 0.0s =====
2026-04-20T10:12:51: [缓存] etfs 数据获取完成，耗时 0.0s
2026-04-20T10:12:53: [ETF] ===== 获取关注 ETF 行情 =====
2026-04-20T10:12:53:   [ETF行情] 东方财富批量接口获取 6 条
2026-04-20T10:12:53: [ETF] ===== 完成，耗时 0.0s =====
2026-04-20T10:12:53: [缓存] etfs 数据获取完成，耗时 0.0s
2026-04-20T10:12:56: [ETF] ===== 获取关注 ETF 行情 =====
2026-04-20T10:12:56:   [ETF行情] 东方财富批量接口获取 6 条
2026-04-20T10:12:56: [ETF] ===== 完成，耗时 0.0s =====
2026-04-20T10:12:56: [缓存] etfs 数据获取完成，耗时 0.0s
2026-04-20T10:12:58: [ETF] ===== 获取关注 ETF 行情 =====
2026-04-20T10:12:58:   [ETF行情] 东方财富批量接口获取 6 条
2026-04-20T10:12:58: [ETF] ===== 完成，耗时 0.1s =====
2026-04-20T10:12:58: [缓存] etfs 数据获取完成，耗时 0.1s
2026-04-20T10:13:00: [ETF] ===== 获取关注 ETF 行情 =====
2026-04-20T10:13:00:   [ETF行情] 东方财富批量接口获取 6 条
2026-04-20T10:13:00: [ETF] ===== 完成，耗时 0.0s =====
2026-04-20T10:13:00: [缓存] etfs 数据获取完成，耗时 0.0s
2026-04-20T10:13:03: [ETF] ===== 获取关注 ETF 行情 =====
2026-04-20T10:13:03:   [ETF行情] 东方财富批量接口获取 6 条
2026-04-20T10:13:03: [ETF] ===== 完成，耗时 0.0s =====
2026-04-20T10:13:03: [缓存] etfs 数据获取完成，耗时 0.0s
2026-04-20T10:13:06: [ETF] ===== 获取关注 ETF 行情 =====
2026-04-20T10:13:06:   [ETF行情] 东方财富批量接口获取 6 条
2026-04-20T10:13:06: [ETF] ===== 完成，耗时 0.1s =====
2026-04-20T10:13:06: [缓存] etfs 数据获取完成，耗时 0.1s
2026-04-20T10:13:09: [ETF] ===== 获取关注 ETF 行情 =====
2026-04-20T10:13:09:   [ETF行情] 东方财富批量接口获取 6 条
2026-04-20T10:13:09: [ETF] ===== 完成，耗时 0.0s =====
2026-04-20T10:13:09: [缓存] etfs 数据获取完成，耗时 0.0s
2026-04-20T10:13:12: [ETF] ===== 获取关注 ETF 行情 =====
2026-04-20T10:13:12:   [ETF行情] 东方财富批量接口获取 6 条
2026-04-20T10:13:12: [ETF] ===== 完成，耗时 0.1s =====
2026-04-20T10:13:12: [缓存] etfs 数据获取完成，耗时 0.1s
2026-04-20T10:13:14: [ETF] ===== 获取关注 ETF 行情 =====
2026-04-20T10:13:14:   [ETF行情] 东方财富批量接口获取 6 条
2026-04-20T10:13:14: [ETF] ===== 完成，耗时 0.0s =====
2026-04-20T10:13:14: [缓存] etfs 数据获取完成，耗时 0.0s
2026-04-20T10:13:16: [ETF] ===== 获取关注 ETF 行情 =====
2026-04-20T10:13:16:   [ETF行情] 东方财富批量接口获取 6 条
2026-04-20T10:13:16: [ETF] ===== 完成，耗时 0.0s =====
2026-04-20T10:13:16: [缓存] etfs 数据获取完成，耗时 0.0s
2026-04-20T10:13:19: [ETF] ===== 获取关注 ETF 行情 =====
2026-04-20T10:13:20:   [ETF行情] 东方财富批量接口获取 6 条
2026-04-20T10:13:20: [ETF] ===== 完成，耗时 0.2s =====
2026-04-20T10:13:20: [缓存] etfs 数据获取完成，耗时 0.2s
2026-04-20T10:13:23: [ETF] ===== 获取关注 ETF 行情 =====
2026-04-20T10:13:23:   [ETF行情] 东方财富批量接口获取 6 条
2026-04-20T10:13:23: [ETF] ===== 完成，耗时 0.1s =====
2026-04-20T10:13:23: [缓存] etfs 数据获取完成，耗时 0.1s
2026-04-20T10:13:26: [ETF] ===== 获取关注 ETF 行情 =====
2026-04-20T10:13:26:   [ETF行情] 东方财富批量接口获取 6 条
2026-04-20T10:13:26: [ETF] ===== 完成，耗时 0.0s =====
2026-04-20T10:13:26: [缓存] etfs 数据获取完成，耗时 0.0s
2026-04-20T10:13:28: [ETF] ===== 获取关注 ETF 行情 =====
2026-04-20T10:13:28:   [ETF行情] 东方财富批量接口获取 6 条
2026-04-20T10:13:28: [ETF] ===== 完成，耗时 0.0s =====
2026-04-20T10:13:28: [缓存] etfs 数据获取完成，耗时 0.0s
2026-04-20T10:13:31: [ETF] ===== 获取关注 ETF 行情 =====
2026-04-20T10:13:31:   [ETF行情] 东方财富批量接口获取 6 条
2026-04-20T10:13:31: [ETF] ===== 完成，耗时 0.1s =====
2026-04-20T10:13:31: [缓存] etfs 数据获取完成，耗时 0.1s
2026-04-20T10:13:33: [ETF] ===== 获取关注 ETF 行情 =====
2026-04-20T10:13:33:   [ETF行情] 东方财富批量接口获取 6 条
2026-04-20T10:13:33: [ETF] ===== 完成，耗时 0.0s =====
2026-04-20T10:13:33: [缓存] etfs 数据获取完成，耗时 0.0s
2026-04-20T10:13:36: [ETF] ===== 获取关注 ETF 行情 =====
2026-04-20T10:13:36:   [ETF行情] 东方财富批量接口获取 6 条
2026-04-20T10:13:36: [ETF] ===== 完成，耗时 0.0s =====
2026-04-20T10:13:36: [缓存] etfs 数据获取完成，耗时 0.0s
2026-04-20T10:13:38: [ETF] ===== 获取关注 ETF 行情 =====
2026-04-20T10:13:38:   [ETF行情] 东方财富批量接口获取 6 条
2026-04-20T10:13:38: [ETF] ===== 完成，耗时 0.1s =====
2026-04-20T10:13:38: [缓存] etfs 数据获取完成，耗时 0.1s
2026-04-20T10:13:40: [ETF] ===== 获取关注 ETF 行情 =====
2026-04-20T10:13:40:   [ETF行情] 东方财富批量接口获取 6 条
2026-04-20T10:13:40: [ETF] ===== 完成，耗时 0.0s =====
2026-04-20T10:13:40: [缓存] etfs 数据获取完成，耗时 0.0s
2026-04-20T10:13:42: [ETF] ===== 获取关注 ETF 行情 =====
2026-04-20T10:13:42:   [ETF行情] 东方财富批量接口获取 6 条
2026-04-20T10:13:42: [ETF] ===== 完成，耗时 0.0s =====
2026-04-20T10:13:42: [缓存] etfs 数据获取完成，耗时 0.0s
2026-04-20T10:13:45: [ETF] ===== 获取关注 ETF 行情 =====
2026-04-20T10:13:45:   [ETF行情] 东方财富批量接口获取 6 条
2026-04-20T10:13:45: [ETF] ===== 完成，耗时 0.1s =====
2026-04-20T10:13:45: [缓存] etfs 数据获取完成，耗时 0.1s
2026-04-20T10:13:47: [ETF] ===== 获取关注 ETF 行情 =====
2026-04-20T10:13:47:   [ETF行情] 东方财富批量接口获取 6 条
2026-04-20T10:13:47: [ETF] ===== 完成，耗时 0.0s =====
2026-04-20T10:13:47: [缓存] etfs 数据获取完成，耗时 0.0s
2026-04-20T10:13:49: [ETF] ===== 获取关注 ETF 行情 =====
2026-04-20T10:13:49:   [ETF行情] 东方财富批量接口获取 6 条
2026-04-20T10:13:49: [ETF] ===== 完成，耗时 0.0s =====
2026-04-20T10:13:49: [缓存] etfs 数据获取完成，耗时 0.0s
2026-04-20T10:13:52: [ETF] ===== 获取关注 ETF 行情 =====
2026-04-20T10:13:52:   [ETF行情] 东方财富批量接口获取 6 条
2026-04-20T10:13:52: [ETF] ===== 完成，耗时 0.0s =====
2026-04-20T10:13:52: [缓存] etfs 数据获取完成，耗时 0.0s
2026-04-20T10:13:55: [ETF] ===== 获取关注 ETF 行情 =====
2026-04-20T10:13:55:   [ETF行情] 东方财富批量接口获取 6 条
2026-04-20T10:13:55: [ETF] ===== 完成，耗时 0.0s =====
2026-04-20T10:13:55: [缓存] etfs 数据获取完成，耗时 0.0s
2026-04-20T10:13:57: [ETF] ===== 获取关注 ETF 行情 =====
2026-04-20T10:13:57:   [ETF行情] 东方财富批量接口获取 6 条
2026-04-20T10:13:57: [ETF] ===== 完成，耗时 0.0s =====
2026-04-20T10:13:57: [缓存] etfs 数据获取完成，耗时 0.0s
2026-04-20T10:14:01: [ETF] ===== 获取关注 ETF 行情 =====
2026-04-20T10:14:01:   [ETF行情] 东方财富批量接口获取 6 条
2026-04-20T10:14:01: [ETF] ===== 完成，耗时 0.1s =====
2026-04-20T10:14:01: [缓存] etfs 数据获取完成，耗时 0.1s
2026-04-20T10:14:03: [ETF] ===== 获取关注 ETF 行情 =====
2026-04-20T10:14:03:   [ETF行情] 东方财富批量接口获取 6 条
2026-04-20T10:14:03: [ETF] ===== 完成，耗时 0.0s =====
2026-04-20T10:14:03: [缓存] etfs 数据获取完成，耗时 0.0s
2026-04-20T10:14:06: [ETF] ===== 获取关注 ETF 行情 =====
2026-04-20T10:14:06:   [ETF行情] 东方财富批量接口获取 6 条
2026-04-20T10:14:06: [ETF] ===== 完成，耗时 0.0s =====
2026-04-20T10:14:06: [缓存] etfs 数据获取完成，耗时 0.0s
2026-04-20T10:14:08: [ETF] ===== 获取关注 ETF 行情 =====
2026-04-20T10:14:08:   [ETF行情] 东方财富批量接口获取 6 条
2026-04-20T10:14:08: [ETF] ===== 完成，耗时 0.1s =====
2026-04-20T10:14:08: [缓存] etfs 数据获取完成，耗时 0.1s
2026-04-20T10:14:11: [ETF] ===== 获取关注 ETF 行情 =====
2026-04-20T10:14:11:   [ETF行情] 东方财富批量接口获取 6 条
2026-04-20T10:14:11: [ETF] ===== 完成，耗时 0.0s =====
2026-04-20T10:14:11: [缓存] etfs 数据获取完成，耗时 0.0s
2026-04-20T10:14:14: [ETF] ===== 获取关注 ETF 行情 =====
2026-04-20T10:14:14:   [ETF行情] 东方财富批量接口获取 6 条
2026-04-20T10:14:14: [ETF] ===== 完成，耗时 0.1s =====
2026-04-20T10:14:14: [缓存] etfs 数据获取完成，耗时 0.1s
2026-04-20T10:14:17: [ETF] ===== 获取关注 ETF 行情 =====
2026-04-20T10:14:17:   [ETF行情] 东方财富批量接口获取 6 条
2026-04-20T10:14:17: [ETF] ===== 完成，耗时 0.0s =====
2026-04-20T10:14:17: [缓存] etfs 数据获取完成，耗时 0.0s
2026-04-20T10:14:19: [ETF] ===== 获取关注 ETF 行情 =====
2026-04-20T10:14:19:   [ETF行情] 东方财富批量接口获取 6 条
2026-04-20T10:14:19: [ETF] ===== 完成，耗时 0.0s =====
2026-04-20T10:14:19: [缓存] etfs 数据获取完成，耗时 0.0s
2026-04-20T10:14:21: [ETF] ===== 获取关注 ETF 行情 =====
2026-04-20T10:14:21:   [ETF行情] 东方财富批量接口获取 6 条
2026-04-20T10:14:21: [ETF] ===== 完成，耗时 0.1s =====
2026-04-20T10:14:21: [缓存] etfs 数据获取完成，耗时 0.1s
2026-04-20T10:14:24: [ETF] ===== 获取关注 ETF 行情 =====
2026-04-20T10:14:24:   [ETF行情] 东方财富批量接口获取 6 条
2026-04-20T10:14:24: [ETF] ===== 完成，耗时 0.0s =====
2026-04-20T10:14:24: [缓存] etfs 数据获取完成，耗时 0.0s
2026-04-20T10:14:26: [ETF] ===== 获取关注 ETF 行情 =====
2026-04-20T10:14:26:   [ETF行情] 东方财富批量接口获取 6 条
2026-04-20T10:14:26: [ETF] ===== 完成，耗时 0.0s =====
2026-04-20T10:14:26: [缓存] etfs 数据获取完成，耗时 0.0s
2026-04-20T10:14:29: [ETF] ===== 获取关注 ETF 行情 =====
2026-04-20T10:14:30:   [ETF行情] 东方财富批量接口获取 6 条
2026-04-20T10:14:30: [ETF] ===== 完成，耗时 0.2s =====
2026-04-20T10:14:30: [缓存] etfs 数据获取完成，耗时 0.2s
2026-04-20T10:14:31: [ETF] ===== 获取关注 ETF 行情 =====
2026-04-20T10:14:31:   [ETF行情] 东方财富批量接口获取 6 条
2026-04-20T10:14:33: [ETF] ===== 完成，耗时 1.2s =====
2026-04-20T10:14:33: [缓存] etfs 数据获取完成，耗时 1.2s
2026-04-20T10:14:34: [ETF] ===== 获取关注 ETF 行情 =====
2026-04-20T10:14:34:   [ETF行情] 东方财富批量接口获取 6 条
2026-04-20T10:14:34: [ETF] ===== 完成，耗时 0.0s =====
2026-04-20T10:14:34: [缓存] etfs 数据获取完成，耗时 0.0s
2026-04-20T10:14:37: [ETF] ===== 获取关注 ETF 行情 =====
2026-04-20T10:14:37:   [ETF行情] 东方财富批量接口获取 6 条
2026-04-20T10:14:37: [ETF] ===== 完成，耗时 0.0s =====
2026-04-20T10:14:37: [缓存] etfs 数据获取完成，耗时 0.1s
2026-04-20T10:14:40: [ETF] ===== 获取关注 ETF 行情 =====
2026-04-20T10:14:40:   [ETF行情] 东方财富批量接口获取 6 条
2026-04-20T10:14:40: [ETF] ===== 完成，耗时 0.0s =====
2026-04-20T10:14:40: [缓存] etfs 数据获取完成，耗时 0.0s
2026-04-20T10:14:43: [ETF] ===== 获取关注 ETF 行情 =====
2026-04-20T10:14:44:   [ETF行情] 东方财富批量接口获取 6 条
2026-04-20T10:14:44: [ETF] ===== 完成，耗时 0.2s =====
2026-04-20T10:14:44: [缓存] etfs 数据获取完成，耗时 0.2s
2026-04-20T10:14:46: [ETF] ===== 获取关注 ETF 行情 =====
2026-04-20T10:14:46:   [ETF行情] 东方财富批量接口获取 6 条
2026-04-20T10:14:46: [ETF] ===== 完成，耗时 0.1s =====
2026-04-20T10:14:46: [缓存] etfs 数据获取完成，耗时 0.1s
2026-04-20T10:14:49: [ETF] ===== 获取关注 ETF 行情 =====
2026-04-20T10:14:49:   [ETF行情] 东方财富批量接口获取 6 条
2026-04-20T10:14:49: [ETF] ===== 完成，耗时 0.0s =====
2026-04-20T10:14:49: [缓存] etfs 数据获取完成，耗时 0.0s
2026-04-20T10:14:52: [ETF] ===== 获取关注 ETF 行情 =====
2026-04-20T10:14:52:   [ETF行情] 东方财富批量接口获取 6 条
2026-04-20T10:14:52: [ETF] ===== 完成，耗时 0.1s =====
2026-04-20T10:14:52: [缓存] etfs 数据获取完成，耗时 0.1s
2026-04-20T10:14:54: [ETF] ===== 获取关注 ETF 行情 =====
2026-04-20T10:14:54:   [ETF行情] 东方财富批量接口获取 6 条
2026-04-20T10:14:54: [ETF] ===== 完成，耗时 0.0s =====
2026-04-20T10:14:54: [缓存] etfs 数据获取完成，耗时 0.0s
2026-04-20T10:14:56: [ETF] ===== 获取关注 ETF 行情 =====
2026-04-20T10:14:56:   [ETF行情] 东方财富批量接口获取 6 条
2026-04-20T10:14:56: [ETF] ===== 完成，耗时 0.0s =====
2026-04-20T10:14:56: [缓存] etfs 数据获取完成，耗时 0.0s
2026-04-20T10:14:59: [ETF] ===== 获取关注 ETF 行情 =====
2026-04-20T10:14:59:   [ETF行情] 东方财富批量接口获取 6 条
2026-04-20T10:14:59: [ETF] ===== 完成，耗时 0.0s =====
2026-04-20T10:14:59: [缓存] etfs 数据获取完成，耗时 0.0s
2026-04-20T10:15:02: [ETF] ===== 获取关注 ETF 行情 =====
2026-04-20T10:15:02:   [ETF行情] 东方财富批量接口获取 6 条
2026-04-20T10:15:02: [ETF] ===== 完成，耗时 0.0s =====
2026-04-20T10:15:02: [缓存] etfs 数据获取完成，耗时 0.0s
2026-04-20T10:15:04: [ETF] ===== 获取关注 ETF 行情 =====
2026-04-20T10:15:04:   [ETF行情] 东方财富批量接口获取 6 条
2026-04-20T10:15:04: [ETF] ===== 完成，耗时 0.0s =====
2026-04-20T10:15:04: [缓存] etfs 数据获取完成，耗时 0.0s
2026-04-20T10:15:07: [ETF] ===== 获取关注 ETF 行情 =====
2026-04-20T10:15:07:   [ETF行情] 东方财富批量接口获取 6 条
2026-04-20T10:15:07: [ETF] ===== 完成，耗时 0.1s =====
2026-04-20T10:15:07: [缓存] etfs 数据获取完成，耗时 0.1s
2026-04-20T10:15:09: [ETF] ===== 获取关注 ETF 行情 =====
2026-04-20T10:15:09:   [ETF行情] 东方财富批量接口获取 6 条
2026-04-20T10:15:09: [ETF] ===== 完成，耗时 0.0s =====
2026-04-20T10:15:09: [缓存] etfs 数据获取完成，耗时 0.0s
2026-04-20T10:15:11: [ETF] ===== 获取关注 ETF 行情 =====
2026-04-20T10:15:11:   [ETF行情] 东方财富批量接口获取 6 条
2026-04-20T10:15:11: [ETF] ===== 完成，耗时 0.0s =====
2026-04-20T10:15:11: [缓存] etfs 数据获取完成，耗时 0.0s
2026-04-20T10:15:14: [ETF] ===== 获取关注 ETF 行情 =====
2026-04-20T10:15:14:   [ETF行情] 东方财富批量接口获取 6 条
2026-04-20T10:15:14: [ETF] ===== 完成，耗时 0.1s =====
2026-04-20T10:15:14: [缓存] etfs 数据获取完成，耗时 0.1s
2026-04-20T10:15:17: [ETF] ===== 获取关注 ETF 行情 =====
2026-04-20T10:15:17:   [ETF行情] 东方财富批量接口获取 6 条
2026-04-20T10:15:17: [ETF] ===== 完成，耗时 0.0s =====
2026-04-20T10:15:17: [缓存] etfs 数据获取完成，耗时 0.0s
2026-04-20T10:15:19: [ETF] ===== 获取关注 ETF 行情 =====
2026-04-20T10:15:19:   [ETF行情] 东方财富批量接口获取 6 条
2026-04-20T10:15:19: [ETF] ===== 完成，耗时 0.0s =====
2026-04-20T10:15:19: [缓存] etfs 数据获取完成，耗时 0.0s
2026-04-20T10:15:21: [ETF] ===== 获取关注 ETF 行情 =====
2026-04-20T10:15:21:   [ETF行情] 东方财富批量接口获取 6 条
2026-04-20T10:15:21: [ETF] ===== 完成，耗时 0.1s =====
2026-04-20T10:15:21: [缓存] etfs 数据获取完成，耗时 0.1s
2026-04-20T10:15:24: [ETF] ===== 获取关注 ETF 行情 =====
2026-04-20T10:15:24:   [ETF行情] 东方财富批量接口获取 6 条
2026-04-20T10:15:24: [ETF] ===== 完成，耗时 0.0s =====
2026-04-20T10:15:24: [缓存] etfs 数据获取完成，耗时 0.0s
2026-04-20T10:15:27: [ETF] ===== 获取关注 ETF 行情 =====
2026-04-20T10:15:27:   [ETF行情] 东方财富批量接口获取 6 条
2026-04-20T10:15:27: [ETF] ===== 完成，耗时 0.1s =====
2026-04-20T10:15:27: [缓存] etfs 数据获取完成，耗时 0.1s
2026-04-20T10:15:30: [ETF] ===== 获取关注 ETF 行情 =====
2026-04-20T10:15:30:   [ETF行情] 东方财富批量接口获取 6 条
2026-04-20T10:15:30: [ETF] ===== 完成，耗时 0.0s =====
2026-04-20T10:15:30: [缓存] etfs 数据获取完成，耗时 0.0s
2026-04-20T10:15:33: [ETF] ===== 获取关注 ETF 行情 =====
2026-04-20T10:15:33:   [ETF行情] 东方财富批量接口获取 6 条
2026-04-20T10:15:33: [ETF] ===== 完成，耗时 0.1s =====
2026-04-20T10:15:33: [缓存] etfs 数据获取完成，耗时 0.1s
2026-04-20T10:15:35: [ETF] ===== 获取关注 ETF 行情 =====
2026-04-20T10:15:35:   [ETF行情] 东方财富批量接口获取 6 条
2026-04-20T10:15:35: [ETF] ===== 完成，耗时 0.0s =====
2026-04-20T10:15:35: [缓存] etfs 数据获取完成，耗时 0.0s
2026-04-20T10:15:38: [ETF] ===== 获取关注 ETF 行情 =====
2026-04-20T10:15:38:   [ETF行情] 东方财富批量接口获取 6 条
2026-04-20T10:15:38: [ETF] ===== 完成，耗时 0.0s =====
2026-04-20T10:15:38: [缓存] etfs 数据获取完成，耗时 0.0s
2026-04-20T10:15:41: [ETF] ===== 获取关注 ETF 行情 =====
2026-04-20T10:15:41:   [ETF行情] 东方财富批量接口获取 6 条
2026-04-20T10:15:41: [ETF] ===== 完成，耗时 0.1s =====
2026-04-20T10:15:41: [缓存] etfs 数据获取完成，耗时 0.1s
2026-04-20T10:15:45: [ETF] ===== 获取关注 ETF 行情 =====
2026-04-20T10:15:45:   [ETF行情] 东方财富批量接口获取 6 条
2026-04-20T10:15:45: [ETF] ===== 完成，耗时 0.0s =====
2026-04-20T10:15:45: [缓存] etfs 数据获取完成，耗时 0.0s
2026-04-20T10:15:47: [ETF] ===== 获取关注 ETF 行情 =====
2026-04-20T10:15:47:   [ETF行情] 东方财富批量接口获取 6 条
2026-04-20T10:15:47: [ETF] ===== 完成，耗时 0.1s =====
2026-04-20T10:15:47: [缓存] etfs 数据获取完成，耗时 0.1s
2026-04-20T10:15:50: [ETF] ===== 获取关注 ETF 行情 =====
2026-04-20T10:15:50:   [ETF行情] 东方财富批量接口获取 6 条
2026-04-20T10:15:50: [ETF] ===== 完成，耗时 0.0s =====
2026-04-20T10:15:50: [缓存] etfs 数据获取完成，耗时 0.0s
2026-04-20T10:15:52: [ETF] ===== 获取关注 ETF 行情 =====
2026-04-20T10:15:52:   [ETF行情] 东方财富批量接口获取 6 条
2026-04-20T10:15:52: [ETF] ===== 完成，耗时 0.0s =====
2026-04-20T10:15:52: [缓存] etfs 数据获取完成，耗时 0.0s
2026-04-20T10:15:55: [ETF] ===== 获取关注 ETF 行情 =====
2026-04-20T10:15:55:   [ETF行情] 东方财富批量接口获取 6 条
2026-04-20T10:15:55: [ETF] ===== 完成，耗时 0.1s =====
2026-04-20T10:15:55: [缓存] etfs 数据获取完成，耗时 0.1s
2026-04-20T10:15:58: [ETF] ===== 获取关注 ETF 行情 =====
2026-04-20T10:15:58:   [ETF行情] 东方财富批量接口获取 6 条
2026-04-20T10:15:58: [ETF] ===== 完成，耗时 0.0s =====
2026-04-20T10:15:58: [缓存] etfs 数据获取完成，耗时 0.0s
2026-04-20T10:16:01: [ETF] ===== 获取关注 ETF 行情 =====
2026-04-20T10:16:01:   [ETF行情] 东方财富批量接口获取 6 条
2026-04-20T10:16:01: [ETF] ===== 完成，耗时 0.0s =====
2026-04-20T10:16:01: [缓存] etfs 数据获取完成，耗时 0.0s
2026-04-20T10:16:03: [ETF] ===== 获取关注 ETF 行情 =====
2026-04-20T10:16:03:   [ETF行情] 东方财富批量接口获取 6 条
2026-04-20T10:16:03: [ETF] ===== 完成，耗时 0.0s =====
2026-04-20T10:16:03: [缓存] etfs 数据获取完成，耗时 0.0s
2026-04-20T10:16:05: 
2026-04-20T10:16:05:   ╔══════════════════════════════════════════╗
2026-04-20T10:16:05:   ║                                          ║
2026-04-20T10:16:05:   ║     大乐罗盘 · Dale Compass              ║
2026-04-20T10:16:05:   ║     个人投资分析罗盘                       ║
2026-04-20T10:16:05:   ║                                          ║
2026-04-20T10:16:05:   ║     🌐 http://localhost:3200              ║
2026-04-20T10:16:05:   ║                                          ║
2026-04-20T10:16:05:   ╚══════════════════════════════════════════╝
2026-04-20T10:16:05: 
2026-04-20T10:16:05:   数据源: 雪球基金(Wind) + 动态可用估值网站 + 东方财富行情 + 知有行
2026-04-20T10:16:05:   指数: 配置保存于 data/index-watchlist.json，在基金总览的指数实时行情面板管理
2026-04-20T10:16:05:   股票: 支持关注个股实时行情，配置保存于 data/stock-watchlist.json
2026-04-20T10:16:05:   缓存策略: 5分钟自动刷新，配置变更自动失效，支持手动强制刷新
2026-04-20T10:16:05: 
2026-04-20T10:16:05: [启动] Phase 1: 加载磁盘缓存完成 (37ms)，命中 6/6 个缓存
2026-04-20T10:16:05: [启动] 服务已就绪（使用磁盘缓存秒开），后台刷新数据中...
2026-04-20T10:16:05: [启动] Phase 2: 开始后台并行刷新所有数据...
2026-04-20T10:16:05: [数据] ===== 开始获取所有指数数据 =====
2026-04-20T10:16:05:   [配置] 核心指数: 沪深300, 中证500, 中证红利, 中证红利低波, 中证消费, 科创50, 恒生科技, 标普500, 纳斯达克100
2026-04-20T10:16:05:   [配置] Dashboard额外: 上证指数
2026-04-20T10:16:05: [主动基金] ===== 开始获取主动基金数据 =====
2026-04-20T10:16:05: [股票] ===== 获取关注股票行情 =====
2026-04-20T10:16:05: [ETF] ===== 获取关注 ETF 行情 =====
2026-04-20T10:16:06:   [行情] 东方财富批量接口获取 8 条
2026-04-20T10:16:06:   [行情] 东方财富缺失 1 个指数(HSTECH), 用腾讯补漏
2026-04-20T10:16:06:   [知有行] 获取 12 个指数温度数据, 全市场温度: 69°
2026-04-20T10:16:06:   [主动基金] 建信中证500指数增强C: 净值=3.4962, 近1年=44.47%, 基金经理=叶乐天 (东方财富)
2026-04-20T10:16:06:   [蛋卷基金] 获取 63 个指数估值数据
2026-04-20T10:16:06:   [行情] 东方财富批量接口获取 9 条
2026-04-20T10:16:06:   [行情] 东方财富缺失 1 个指数(HSTECH), 用腾讯补漏
2026-04-20T10:16:06:   [主动基金] 大成睿享混合A: 净值=1.7715, 近1年=15.14%, 基金经理=徐彦 (东方财富)
2026-04-20T10:16:06:   [主动基金] 汇添富中证主要消费ETF联接A: 净值=2.0267, 近1年=-11%, 基金经理=过蓓蓓 (东方财富)
2026-04-20T10:16:06:   [主动基金] 摩根标普500指数(QDII)人民币A: 净值=1.5824, 近1年=25.42%, 基金经理=张军 (东方财富)
2026-04-20T10:16:06:   [主动基金] 大成标普500等权重指数(QDII)A人民币: 净值=2.6479, 近1年=17.4%, 基金经理=冉凌浩 (东方财富)
2026-04-20T10:16:06:   [主动基金] 易方达恒生科技ETF联接(QDII)A: 净值=1.207, 近1年=-2.86%, 基金经理=刘依姗 (东方财富)
2026-04-20T10:16:06:   [ETF行情] 东方财富批量接口获取 6 条
2026-04-20T10:16:06:   [主动基金] 摩根纳斯达克100指数(QDII)人民币A: 净值=1.5912, 近1年=34.68%, 基金经理=何智豪 (东方财富)
2026-04-20T10:16:06:   [主动基金] 华泰柏瑞中证红利低波ETF联接A: 净值=1.6514, 近1年=5.31%, 基金经理=柳军 (东方财富)
2026-04-20T10:16:06:   [主动基金] 易方达中证红利ETF联接发起式A: 净值=1.2802, 近1年=10.41%, 基金经理=林伟斌 (东方财富)
2026-04-20T10:16:06:   [蛋卷基金] 获取 63 个指数估值数据
2026-04-20T10:16:06:   [主动基金] 易方达上证科创50联接A: 净值=1.099, 近1年=38.66%, 基金经理=林伟斌 (东方财富)
2026-04-20T10:16:06:   [主动基金] 易方达沪深300ETF联接A: 净值=1.9016, 近1年=27.23%, 基金经理=余海燕 (东方财富)
2026-04-20T10:16:06:   [行情] 腾讯备用源获取 1 条
2026-04-20T10:16:06:   [行情] 腾讯补漏成功: HSTECH
2026-04-20T10:16:06: [缓存] index-quotes 数据获取完成，耗时 0.5s
2026-04-20T10:16:06:   [预加载] ✅ 指数实时行情
2026-04-20T10:16:06:   [行情] 腾讯备用源获取 1 条
2026-04-20T10:16:06:   [行情] 腾讯补漏成功: HSTECH
2026-04-20T10:16:06:   [知有行] 获取 12 个指数温度数据, 全市场温度: 69°
2026-04-20T10:16:06:   [主动基金] 兴全商业模式混合(LOF)A: 净值=5.243, 近1年=60.88%, 基金经理=乔迁 (东方财富)
2026-04-20T10:16:06:   [蛋卷基金] 获取 63 个指数估值数据
2026-04-20T10:16:06: [缓存] daily-eval 数据获取完成，耗时 0.6s
2026-04-20T10:16:06:   [预加载] ✅ 每日估值
2026-04-20T10:16:06:   [主动基金] 123456: 净值=undefined, 近1年=null%, 基金经理=N/A (东方财富)
2026-04-20T10:16:06:   [股票行情] 东方财富批量接口获取 6 条
2026-04-20T10:16:06: [主动基金] ===== 完成, 耗时 0.8s =====
2026-04-20T10:16:06: [缓存] active-funds 数据获取完成，耗时 0.8s
2026-04-20T10:16:06:   [预加载] ✅ 严选基金
2026-04-20T10:16:06:   [股票K线-腾讯] sh601012 fallback成功, 121 条
2026-04-20T10:16:06:   [股票K线] 东方财富冷却中，国电南瑞 直接使用腾讯备用源
2026-04-20T10:16:06:   [股票K线-腾讯] sh600845 fallback成功, 121 条
2026-04-20T10:16:06:   [股票K线] 东方财富冷却中，先导智能 直接使用腾讯备用源
2026-04-20T10:16:06:   [股票K线-腾讯] sh600406 fallback成功, 121 条
2026-04-20T10:16:06:   [股票K线] 东方财富冷却中，长江电力 直接使用腾讯备用源
2026-04-20T10:16:06:   [股票K线-腾讯] sz300450 fallback成功, 121 条
2026-04-20T10:16:06:   [股票K线] 东方财富冷却中，伊利股份 直接使用腾讯备用源
2026-04-20T10:16:06:   [股票K线-腾讯] sh600900 fallback成功, 121 条
2026-04-20T10:16:06:   [股票K线-腾讯] sh600887 fallback成功, 121 条
2026-04-20T10:16:06: [股票] ===== 完成，耗时 1.0s =====
2026-04-20T10:16:06: [缓存] stocks 数据获取完成，耗时 1.0s
2026-04-20T10:16:06:   [预加载] ✅ 股票行情
2026-04-20T10:16:06:   [沪深300] 开始获取数据...
2026-04-20T10:16:06:   [中证500] 开始获取数据...
2026-04-20T10:16:06:   [中证红利] 开始获取数据...
2026-04-20T10:16:06:   [中证红利低波] 开始获取数据...
2026-04-20T10:16:06:   [中证消费] 开始获取数据...
2026-04-20T10:16:06:   [科创50] 开始获取数据...
2026-04-20T10:16:07: [ETF] ===== 完成，耗时 1.6s =====
2026-04-20T10:16:07: [缓存] etfs 数据获取完成，耗时 1.6s
2026-04-20T10:16:07:   [预加载] ✅ ETF行情
2026-04-20T10:16:07:   [K线-腾讯] sh000300 fallback成功, 2001 条
2026-04-20T10:16:07:   [沪深300] 蛋卷基金: PE=14.4034, PE百分位=89.36%, 估值=high
2026-04-20T10:16:07:   [沪深300] 完成: price=4745.48, PE=14.4034, PE%=89.36%, temp=60°, src=danjuan-wind
2026-04-20T10:16:07:   [K线-腾讯] sh000922 fallback成功, 2001 条
2026-04-20T10:16:07:   [中证红利] 蛋卷基金: PE=8.6124, PE百分位=80.68%, 估值=high
2026-04-20T10:16:07:   [中证红利] 完成: price=5695.7, PE=8.6124, PE%=80.68%, temp=29°, src=danjuan-wind
2026-04-20T10:16:07:   [K线-腾讯] sh000905 fallback成功, 2001 条
2026-04-20T10:16:07:   [中证500] 蛋卷基金: PE=36.4631, PE百分位=85.52%, 估值=high
2026-04-20T10:16:07:   [中证500] 完成: price=8272.23, PE=36.4631, PE%=85.52%, temp=74°, src=danjuan-wind
2026-04-20T10:16:07:   [K线-腾讯] sh000688 fallback成功, 1525 条
2026-04-20T10:16:07:   [科创50] 蛋卷基金: PE=159.6906, PE百分位=92.33%, 估值=high
2026-04-20T10:16:07:   [科创50] 完成: price=1438.52, PE=159.6906, PE%=92.33%, temp=N/A, src=danjuan-wind
2026-04-20T10:16:07:   [K线-腾讯] sh000932 fallback成功, 2001 条
2026-04-20T10:16:07:   [中证消费] 蛋卷基金: PE=19.9003, PE百分位=7.92%, 估值=low
2026-04-20T10:16:07:   [中证消费] 完成: price=14257.72, PE=19.9003, PE%=7.92%, temp=0°, src=danjuan-wind
2026-04-20T10:16:08:   [中证红利低波] 蛋卷基金: PE=8.4035, PE百分位=77.92%, 估值=high
2026-04-20T10:16:08:   [中证红利低波] 完成: price=11376.66, PE=8.4035, PE%=77.92%, temp=N/A, src=danjuan-wind
2026-04-20T10:16:08:   [恒生科技] 开始获取数据...
2026-04-20T10:16:08:   [K线] 东方财富冷却中，恒生科技 直接使用腾讯备用源
2026-04-20T10:16:08:   [标普500] 开始获取数据...
2026-04-20T10:16:08:   [K线] 东方财富冷却中，标普500 直接使用腾讯备用源
2026-04-20T10:16:08:   [纳斯达克100] 开始获取数据...
2026-04-20T10:16:08:   [K线] 东方财富冷却中，纳斯达克100 直接使用腾讯备用源
2026-04-20T10:16:08:   [上证指数] 开始获取数据...
2026-04-20T10:16:08:   [K线] 东方财富冷却中，上证指数 直接使用腾讯备用源
2026-04-20T10:16:08:   [K线-腾讯] hkHSTECH fallback成功, 1409 条
2026-04-20T10:16:08:   [恒生科技] 蛋卷基金: PE=23.1832, PE百分位=33.98%, 估值=high
2026-04-20T10:16:08:   [恒生科技] 完成: price=5061.4, PE=23.1832, PE%=33.98%, temp=11°, src=danjuan-wind
2026-04-20T10:16:08:   [K线-腾讯] us.INX fallback成功, 2000 条
2026-04-20T10:16:08:   [标普500] 完成: price=7126.06, PE=null, PE%=null%, temp=N/A, src=none
2026-04-20T10:16:08:   [K线-腾讯] us.NDX fallback成功, 2000 条
2026-04-20T10:16:08:   [纳斯达克100] 完成: price=24468.48, PE=null, PE%=null%, temp=N/A, src=none
2026-04-20T10:16:08:   [K线-腾讯] sh000001 fallback成功, 2001 条
2026-04-20T10:16:08:   [上证指数] 完成: price=4070.22, PE=null, PE%=null%, temp=N/A, src=none
2026-04-20T10:16:08: [数据] ===== 全部完成，耗时 2.6s =====
2026-04-20T10:16:08: [缓存] indices 数据获取完成，耗时 2.6s
2026-04-20T10:16:08:   [预加载] ✅ 指数完整数据
2026-04-20T10:16:08: [启动] Phase 2: 后台刷新完成 (2.7s)，成功 6/6
2026-04-20T10:16:09: [ETF] ===== 获取关注 ETF 行情 =====
2026-04-20T10:16:09:   [ETF行情] 东方财富批量接口获取 6 条
2026-04-20T10:16:09: [ETF] ===== 完成，耗时 0.1s =====
2026-04-20T10:16:09: [缓存] etfs 数据获取完成，耗时 0.1s
2026-04-20T10:16:11: [ETF] ===== 获取关注 ETF 行情 =====
2026-04-20T10:16:11:   [ETF行情] 东方财富批量接口获取 6 条
2026-04-20T10:16:11: [ETF] ===== 完成，耗时 0.0s =====
2026-04-20T10:16:11: [缓存] etfs 数据获取完成，耗时 0.0s
2026-04-20T10:16:14: [ETF] ===== 获取关注 ETF 行情 =====
2026-04-20T10:16:14:   [ETF行情] 东方财富批量接口获取 6 条
2026-04-20T10:16:14: [ETF] ===== 完成，耗时 0.0s =====
2026-04-20T10:16:14: [缓存] etfs 数据获取完成，耗时 0.0s
2026-04-20T10:16:16: [ETF] ===== 获取关注 ETF 行情 =====
2026-04-20T10:16:16:   [ETF行情] 东方财富批量接口获取 6 条
2026-04-20T10:16:16: [ETF] ===== 完成，耗时 0.1s =====
2026-04-20T10:16:16: [缓存] etfs 数据获取完成，耗时 0.1s
2026-04-20T10:16:18: [ETF] ===== 获取关注 ETF 行情 =====
2026-04-20T10:16:18:   [ETF行情] 东方财富批量接口获取 6 条
2026-04-20T10:16:18: [ETF] ===== 完成，耗时 0.0s =====
2026-04-20T10:16:18: [缓存] etfs 数据获取完成，耗时 0.0s
2026-04-20T10:16:21: [ETF] ===== 获取关注 ETF 行情 =====
2026-04-20T10:16:21:   [ETF行情] 东方财富批量接口获取 6 条
2026-04-20T10:16:21: [ETF] ===== 完成，耗时 0.0s =====
2026-04-20T10:16:21: [缓存] etfs 数据获取完成，耗时 0.0s
2026-04-20T10:16:24: [ETF] ===== 获取关注 ETF 行情 =====
2026-04-20T10:16:25:   [ETF行情] 东方财富批量接口获取 6 条
2026-04-20T10:16:25: [ETF] ===== 完成，耗时 0.2s =====
2026-04-20T10:16:25: [缓存] etfs 数据获取完成，耗时 0.2s
2026-04-20T10:16:27: [ETF] ===== 获取关注 ETF 行情 =====
2026-04-20T10:16:27:   [ETF行情] 东方财富批量接口获取 6 条
2026-04-20T10:16:27: [ETF] ===== 完成，耗时 0.0s =====
2026-04-20T10:16:27: [缓存] etfs 数据获取完成，耗时 0.0s
2026-04-20T10:16:29: [ETF] ===== 获取关注 ETF 行情 =====
2026-04-20T10:16:29:   [ETF行情] 东方财富批量接口获取 6 条
2026-04-20T10:16:29: [ETF] ===== 完成，耗时 0.0s =====
2026-04-20T10:16:29: [缓存] etfs 数据获取完成，耗时 0.0s
2026-04-20T10:16:31: [ETF] ===== 获取关注 ETF 行情 =====
2026-04-20T10:16:32:   [ETF行情] 东方财富批量接口获取 6 条
2026-04-20T10:16:32: [ETF] ===== 完成，耗时 0.2s =====
2026-04-20T10:16:32: [缓存] etfs 数据获取完成，耗时 0.2s
2026-04-20T10:16:35: [ETF] ===== 获取关注 ETF 行情 =====
2026-04-20T10:16:35:   [ETF行情] 东方财富批量接口获取 6 条
2026-04-20T10:16:35: [ETF] ===== 完成，耗时 0.0s =====
2026-04-20T10:16:35: [缓存] etfs 数据获取完成，耗时 0.0s
2026-04-20T10:16:38: [ETF] ===== 获取关注 ETF 行情 =====
2026-04-20T10:16:38:   [ETF行情] 东方财富批量接口获取 6 条
2026-04-20T10:16:38: [ETF] ===== 完成，耗时 0.1s =====
2026-04-20T10:16:38: [缓存] etfs 数据获取完成，耗时 0.1s
2026-04-20T10:16:41: [ETF] ===== 获取关注 ETF 行情 =====
2026-04-20T10:16:41:   [ETF行情] 东方财富批量接口获取 6 条
2026-04-20T10:16:41: [ETF] ===== 完成，耗时 0.0s =====
2026-04-20T10:16:41: [缓存] etfs 数据获取完成，耗时 0.0s
2026-04-20T10:16:44: [ETF] ===== 获取关注 ETF 行情 =====
2026-04-20T10:16:44:   [ETF行情] 东方财富批量接口获取 6 条
2026-04-20T10:16:44: [ETF] ===== 完成，耗时 0.1s =====
2026-04-20T10:16:44: [缓存] etfs 数据获取完成，耗时 0.1s
2026-04-20T10:16:46: [ETF] ===== 获取关注 ETF 行情 =====
2026-04-20T10:16:46:   [ETF行情] 东方财富批量接口获取 6 条
2026-04-20T10:16:46: [ETF] ===== 完成，耗时 0.0s =====
2026-04-20T10:16:46: [缓存] etfs 数据获取完成，耗时 0.0s
2026-04-20T10:16:49: [ETF] ===== 获取关注 ETF 行情 =====
2026-04-20T10:16:49:   [ETF行情] 东方财富批量接口获取 6 条
2026-04-20T10:16:49: [ETF] ===== 完成，耗时 0.0s =====
2026-04-20T10:16:49: [缓存] etfs 数据获取完成，耗时 0.0s
2026-04-20T10:16:51: [ETF] ===== 获取关注 ETF 行情 =====
2026-04-20T10:16:51:   [ETF行情] 东方财富批量接口获取 6 条
2026-04-20T10:16:51: [ETF] ===== 完成，耗时 0.1s =====
2026-04-20T10:16:51: [缓存] etfs 数据获取完成，耗时 0.1s
2026-04-20T10:16:54: [ETF] ===== 获取关注 ETF 行情 =====
2026-04-20T10:16:54:   [ETF行情] 东方财富批量接口获取 6 条
2026-04-20T10:16:54: [ETF] ===== 完成，耗时 0.0s =====
2026-04-20T10:16:54: [缓存] etfs 数据获取完成，耗时 0.0s
2026-04-20T10:16:57:   [行情] 东方财富批量接口获取 8 条
2026-04-20T10:16:57:   [行情] 东方财富缺失 1 个指数(HSTECH), 用腾讯补漏
2026-04-20T10:16:57:   [行情] 腾讯备用源获取 1 条
2026-04-20T10:16:57:   [行情] 腾讯补漏成功: HSTECH
2026-04-20T10:16:57: [缓存] index-quotes 数据获取完成，耗时 0.1s
2026-04-20T10:16:58: [数据] ===== 开始获取所有指数数据 =====
2026-04-20T10:16:58:   [配置] 核心指数: 沪深300, 中证500, 中证红利, 中证红利低波, 中证消费, 科创50, 恒生科技, 标普500, 纳斯达克100
2026-04-20T10:16:58:   [配置] Dashboard额外: 上证指数
2026-04-20T10:16:58:   [行情] 东方财富批量接口获取 9 条
2026-04-20T10:16:58:   [行情] 东方财富缺失 1 个指数(HSTECH), 用腾讯补漏
2026-04-20T10:16:58:   [行情] 腾讯备用源获取 1 条
2026-04-20T10:16:58:   [行情] 腾讯补漏成功: HSTECH
2026-04-20T10:16:58:   [天天基金] 最近连续失败，暂时跳过重试
2026-04-20T10:16:58:   [沪深300] 开始获取数据...
2026-04-20T10:16:58:   [中证500] 开始获取数据...
2026-04-20T10:16:58:   [中证红利] 开始获取数据...
2026-04-20T10:16:58:   [中证红利低波] 开始获取数据...
2026-04-20T10:16:58:   [中证消费] 开始获取数据...
2026-04-20T10:16:58:   [科创50] 开始获取数据...
2026-04-20T10:16:58:   [沪深300] 蛋卷基金: PE=14.4034, PE百分位=89.36%, 估值=high
2026-04-20T10:16:58:   [沪深300] 完成: price=4743.68, PE=14.4034, PE%=89.36%, temp=60°, src=danjuan-wind
2026-04-20T10:16:58:   [中证500] 蛋卷基金: PE=36.4631, PE百分位=85.52%, 估值=high
2026-04-20T10:16:58:   [中证500] 完成: price=8268.33, PE=36.4631, PE%=85.52%, temp=74°, src=danjuan-wind
2026-04-20T10:16:58:   [中证红利] 蛋卷基金: PE=8.6124, PE百分位=80.68%, 估值=high
2026-04-20T10:16:58:   [中证红利] 完成: price=5696.14, PE=8.6124, PE%=80.68%, temp=29°, src=danjuan-wind
2026-04-20T10:16:58:   [中证消费] 蛋卷基金: PE=19.9003, PE百分位=7.92%, 估值=low
2026-04-20T10:16:58:   [中证消费] 完成: price=14255.43, PE=19.9003, PE%=7.92%, temp=0°, src=danjuan-wind
2026-04-20T10:16:58:   [科创50] 蛋卷基金: PE=159.6906, PE百分位=92.33%, 估值=high
2026-04-20T10:16:58:   [科创50] 完成: price=1437.68, PE=159.6906, PE%=92.33%, temp=N/A, src=danjuan-wind
2026-04-20T10:17:00:   [中证红利低波] 蛋卷基金: PE=8.4035, PE百分位=77.92%, 估值=high
2026-04-20T10:17:00:   [中证红利低波] 完成: price=11381.63, PE=8.4035, PE%=77.92%, temp=N/A, src=danjuan-wind
2026-04-20T10:17:00:   [恒生科技] 开始获取数据...
2026-04-20T10:17:00:   [标普500] 开始获取数据...
2026-04-20T10:17:00:   [纳斯达克100] 开始获取数据...
2026-04-20T10:17:00:   [上证指数] 开始获取数据...
2026-04-20T10:17:00:   [恒生科技] 蛋卷基金: PE=23.1832, PE百分位=33.98%, 估值=high
2026-04-20T10:17:00:   [恒生科技] 完成: price=5063.69, PE=23.1832, PE%=33.98%, temp=11°, src=danjuan-wind
2026-04-20T10:17:00:   [标普500] 完成: price=7126.06, PE=null, PE%=null%, temp=N/A, src=none
2026-04-20T10:17:00:   [纳斯达克100] 完成: price=24468.48, PE=null, PE%=null%, temp=N/A, src=none
2026-04-20T10:17:00:   [上证指数] 完成: price=4069.69, PE=null, PE%=null%, temp=N/A, src=none
2026-04-20T10:17:00: [数据] ===== 全部完成，耗时 1.9s =====
2026-04-20T10:17:00: [缓存] indices 数据获取完成，耗时 1.9s
2026-04-20T10:17:00: [股票] ===== 获取关注股票行情 =====
2026-04-20T10:17:00:   [股票行情] 东方财富批量接口获取 6 条
2026-04-20T10:17:00: [股票] ===== 完成，耗时 0.0s =====
2026-04-20T10:17:00: [缓存] stocks 数据获取完成，耗时 0.0s
2026-04-20T10:17:04: [数据] ===== 开始获取所有指数数据 =====
2026-04-20T10:17:04:   [配置] 核心指数: 沪深300, 中证500, 中证红利, 中证红利低波, 中证消费, 科创50, 恒生科技, 标普500, 纳斯达克100
2026-04-20T10:17:04:   [配置] Dashboard额外: 上证指数
2026-04-20T10:17:04:   [行情] 东方财富批量接口获取 9 条
2026-04-20T10:17:04:   [行情] 东方财富缺失 1 个指数(HSTECH), 用腾讯补漏
2026-04-20T10:17:04:   [行情] 腾讯备用源获取 1 条
2026-04-20T10:17:04:   [行情] 腾讯补漏成功: HSTECH
2026-04-20T10:17:04:   [天天基金] 最近连续失败，暂时跳过重试
2026-04-20T10:17:04:   [沪深300] 开始获取数据...
2026-04-20T10:17:04:   [中证500] 开始获取数据...
2026-04-20T10:17:04:   [中证红利] 开始获取数据...
2026-04-20T10:17:04:   [中证红利低波] 开始获取数据...
2026-04-20T10:17:04:   [中证消费] 开始获取数据...
2026-04-20T10:17:04:   [科创50] 开始获取数据...
2026-04-20T10:17:04:   [沪深300] 蛋卷基金: PE=14.4034, PE百分位=89.36%, 估值=high
2026-04-20T10:17:04:   [沪深300] 完成: price=4743.78, PE=14.4034, PE%=89.36%, temp=60°, src=danjuan-wind
2026-04-20T10:17:04:   [中证500] 蛋卷基金: PE=36.4631, PE百分位=85.52%, 估值=high
2026-04-20T10:17:04:   [中证500] 完成: price=8268.19, PE=36.4631, PE%=85.52%, temp=74°, src=danjuan-wind
2026-04-20T10:17:04:   [中证红利] 蛋卷基金: PE=8.6124, PE百分位=80.68%, 估值=high
2026-04-20T10:17:04:   [中证红利] 完成: price=5696.33, PE=8.6124, PE%=80.68%, temp=29°, src=danjuan-wind
2026-04-20T10:17:04:   [中证消费] 蛋卷基金: PE=19.9003, PE百分位=7.92%, 估值=low
2026-04-20T10:17:04:   [中证消费] 完成: price=14255.96, PE=19.9003, PE%=7.92%, temp=0°, src=danjuan-wind
2026-04-20T10:17:04:   [科创50] 蛋卷基金: PE=159.6906, PE百分位=92.33%, 估值=high
2026-04-20T10:17:04:   [科创50] 完成: price=1437.42, PE=159.6906, PE%=92.33%, temp=N/A, src=danjuan-wind
2026-04-20T10:17:06:   [中证红利低波] 蛋卷基金: PE=8.4035, PE百分位=77.92%, 估值=high
2026-04-20T10:17:06:   [中证红利低波] 完成: price=11380.95, PE=8.4035, PE%=77.92%, temp=N/A, src=danjuan-wind
2026-04-20T10:17:06:   [恒生科技] 开始获取数据...
2026-04-20T10:17:06:   [标普500] 开始获取数据...
2026-04-20T10:17:06:   [纳斯达克100] 开始获取数据...
2026-04-20T10:17:06:   [上证指数] 开始获取数据...
2026-04-20T10:17:06:   [恒生科技] 蛋卷基金: PE=23.1832, PE百分位=33.98%, 估值=high
2026-04-20T10:17:06:   [恒生科技] 完成: price=5063.69, PE=23.1832, PE%=33.98%, temp=11°, src=danjuan-wind
2026-04-20T10:17:06:   [标普500] 完成: price=7126.06, PE=null, PE%=null%, temp=N/A, src=none
2026-04-20T10:17:06:   [纳斯达克100] 完成: price=24468.48, PE=null, PE%=null%, temp=N/A, src=none
2026-04-20T10:17:06:   [上证指数] 完成: price=4070.31, PE=null, PE%=null%, temp=N/A, src=none
2026-04-20T10:17:06: [数据] ===== 全部完成，耗时 1.8s =====
2026-04-20T10:17:06: [缓存] indices 数据获取完成，耗时 1.8s
2026-04-20T10:17:08: [数据] ===== 开始获取所有指数数据 =====
2026-04-20T10:17:08:   [配置] 核心指数: 沪深300, 中证500, 中证红利, 中证红利低波, 中证消费, 科创50, 恒生科技, 标普500, 纳斯达克100
2026-04-20T10:17:08:   [配置] Dashboard额外: 上证指数
2026-04-20T10:17:08:   [行情] 东方财富批量接口获取 9 条
2026-04-20T10:17:08:   [行情] 东方财富缺失 1 个指数(HSTECH), 用腾讯补漏
2026-04-20T10:17:08:   [行情] 腾讯备用源获取 1 条
2026-04-20T10:17:08:   [行情] 腾讯补漏成功: HSTECH
2026-04-20T10:17:08:   [天天基金] 最近连续失败，暂时跳过重试
2026-04-20T10:17:08:   [沪深300] 开始获取数据...
2026-04-20T10:17:08:   [中证500] 开始获取数据...
2026-04-20T10:17:08:   [中证红利] 开始获取数据...
2026-04-20T10:17:08:   [中证红利低波] 开始获取数据...
2026-04-20T10:17:08:   [中证消费] 开始获取数据...
2026-04-20T10:17:08:   [科创50] 开始获取数据...
2026-04-20T10:17:08:   [沪深300] 蛋卷基金: PE=14.4034, PE百分位=89.36%, 估值=high
2026-04-20T10:17:08:   [沪深300] 完成: price=4743.45, PE=14.4034, PE%=89.36%, temp=60°, src=danjuan-wind
2026-04-20T10:17:08:   [中证500] 蛋卷基金: PE=36.4631, PE百分位=85.52%, 估值=high
2026-04-20T10:17:08:   [中证500] 完成: price=8268.29, PE=36.4631, PE%=85.52%, temp=74°, src=danjuan-wind
2026-04-20T10:17:08:   [中证红利] 蛋卷基金: PE=8.6124, PE百分位=80.68%, 估值=high
2026-04-20T10:17:08:   [中证红利] 完成: price=5696.36, PE=8.6124, PE%=80.68%, temp=29°, src=danjuan-wind
2026-04-20T10:17:08:   [中证消费] 蛋卷基金: PE=19.9003, PE百分位=7.92%, 估值=low
2026-04-20T10:17:08:   [中证消费] 完成: price=14256.21, PE=19.9003, PE%=7.92%, temp=0°, src=danjuan-wind
2026-04-20T10:17:08:   [科创50] 蛋卷基金: PE=159.6906, PE百分位=92.33%, 估值=high
2026-04-20T10:17:08:   [科创50] 完成: price=1437.36, PE=159.6906, PE%=92.33%, temp=N/A, src=danjuan-wind
2026-04-20T10:17:10:   [中证红利低波] 蛋卷基金: PE=8.4035, PE百分位=77.92%, 估值=high
2026-04-20T10:17:10:   [中证红利低波] 完成: price=11380.74, PE=8.4035, PE%=77.92%, temp=N/A, src=danjuan-wind
2026-04-20T10:17:10:   [恒生科技] 开始获取数据...
2026-04-20T10:17:10:   [标普500] 开始获取数据...
2026-04-20T10:17:10:   [纳斯达克100] 开始获取数据...
2026-04-20T10:17:10:   [上证指数] 开始获取数据...
2026-04-20T10:17:10:   [恒生科技] 蛋卷基金: PE=23.1832, PE百分位=33.98%, 估值=high
2026-04-20T10:17:10:   [恒生科技] 完成: price=5064.21, PE=23.1832, PE%=33.98%, temp=11°, src=danjuan-wind
2026-04-20T10:17:10:   [标普500] 完成: price=7126.06, PE=null, PE%=null%, temp=N/A, src=none
2026-04-20T10:17:10:   [纳斯达克100] 完成: price=24468.48, PE=null, PE%=null%, temp=N/A, src=none
2026-04-20T10:17:10:   [上证指数] 完成: price=4070.13, PE=null, PE%=null%, temp=N/A, src=none
2026-04-20T10:17:10: [数据] ===== 全部完成，耗时 1.5s =====
2026-04-20T10:17:10: [缓存] indices 数据获取完成，耗时 1.5s
2026-04-20T10:17:12: [数据] ===== 开始获取所有指数数据 =====
2026-04-20T10:17:12:   [配置] 核心指数: 沪深300, 中证500, 中证红利, 中证红利低波, 中证消费, 科创50, 恒生科技, 标普500, 纳斯达克100
2026-04-20T10:17:12:   [配置] Dashboard额外: 上证指数
2026-04-20T10:17:12:   [行情] 东方财富批量接口获取 9 条
2026-04-20T10:17:12:   [行情] 东方财富缺失 1 个指数(HSTECH), 用腾讯补漏
2026-04-20T10:17:12:   [行情] 腾讯备用源获取 1 条
2026-04-20T10:17:12:   [行情] 腾讯补漏成功: HSTECH
2026-04-20T10:17:12:   [天天基金] 最近连续失败，暂时跳过重试
2026-04-20T10:17:13:   [沪深300] 开始获取数据...
2026-04-20T10:17:13:   [中证500] 开始获取数据...
2026-04-20T10:17:13:   [中证红利] 开始获取数据...
2026-04-20T10:17:13:   [中证红利低波] 开始获取数据...
2026-04-20T10:17:13:   [中证消费] 开始获取数据...
2026-04-20T10:17:13:   [科创50] 开始获取数据...
2026-04-20T10:17:13:   [沪深300] 蛋卷基金: PE=14.4034, PE百分位=89.36%, 估值=high
2026-04-20T10:17:13:   [沪深300] 完成: price=4743.31, PE=14.4034, PE%=89.36%, temp=60°, src=danjuan-wind
2026-04-20T10:17:13:   [中证500] 蛋卷基金: PE=36.4631, PE百分位=85.52%, 估值=high
2026-04-20T10:17:13:   [中证500] 完成: price=8268.45, PE=36.4631, PE%=85.52%, temp=74°, src=danjuan-wind
2026-04-20T10:17:13:   [中证红利] 蛋卷基金: PE=8.6124, PE百分位=80.68%, 估值=high
2026-04-20T10:17:13:   [中证红利] 完成: price=5696.77, PE=8.6124, PE%=80.68%, temp=29°, src=danjuan-wind
2026-04-20T10:17:13:   [中证消费] 蛋卷基金: PE=19.9003, PE百分位=7.92%, 估值=low
2026-04-20T10:17:13:   [中证消费] 完成: price=14253.32, PE=19.9003, PE%=7.92%, temp=0°, src=danjuan-wind
2026-04-20T10:17:13:   [科创50] 蛋卷基金: PE=159.6906, PE百分位=92.33%, 估值=high
2026-04-20T10:17:13:   [科创50] 完成: price=1437.14, PE=159.6906, PE%=92.33%, temp=N/A, src=danjuan-wind
2026-04-20T10:17:14:   [中证红利低波] 蛋卷基金: PE=8.4035, PE百分位=77.92%, 估值=high
2026-04-20T10:17:14:   [中证红利低波] 完成: price=11382.01, PE=8.4035, PE%=77.92%, temp=N/A, src=danjuan-wind
2026-04-20T10:17:14:   [恒生科技] 开始获取数据...
2026-04-20T10:17:14:   [标普500] 开始获取数据...
2026-04-20T10:17:14:   [纳斯达克100] 开始获取数据...
2026-04-20T10:17:14:   [上证指数] 开始获取数据...
2026-04-20T10:17:14:   [恒生科技] 蛋卷基金: PE=23.1832, PE百分位=33.98%, 估值=high
2026-04-20T10:17:14:   [恒生科技] 完成: price=5067.3, PE=23.1832, PE%=33.98%, temp=11°, src=danjuan-wind
2026-04-20T10:17:14:   [标普500] 完成: price=7126.06, PE=null, PE%=null%, temp=N/A, src=none
2026-04-20T10:17:14:   [纳斯达克100] 完成: price=24468.48, PE=null, PE%=null%, temp=N/A, src=none
2026-04-20T10:17:14:   [上证指数] 完成: price=4070.13, PE=null, PE%=null%, temp=N/A, src=none
2026-04-20T10:17:14: [数据] ===== 全部完成，耗时 1.9s =====
2026-04-20T10:17:14: [缓存] indices 数据获取完成，耗时 1.9s
2026-04-20T10:17:16: [数据] ===== 开始获取所有指数数据 =====
2026-04-20T10:17:16:   [配置] 核心指数: 沪深300, 中证500, 中证红利, 中证红利低波, 中证消费, 科创50, 恒生科技, 标普500, 纳斯达克100
2026-04-20T10:17:16:   [配置] Dashboard额外: 上证指数
2026-04-20T10:17:16:   [行情] 东方财富批量接口获取 9 条
2026-04-20T10:17:16:   [行情] 东方财富缺失 1 个指数(HSTECH), 用腾讯补漏
2026-04-20T10:17:16:   [行情] 腾讯备用源获取 1 条
2026-04-20T10:17:16:   [行情] 腾讯补漏成功: HSTECH
2026-04-20T10:17:16:   [天天基金] 最近连续失败，暂时跳过重试
2026-04-20T10:17:17:   [沪深300] 开始获取数据...
2026-04-20T10:17:17:   [中证500] 开始获取数据...
2026-04-20T10:17:17:   [中证红利] 开始获取数据...
2026-04-20T10:17:17:   [中证红利低波] 开始获取数据...
2026-04-20T10:17:17:   [中证消费] 开始获取数据...
2026-04-20T10:17:17:   [科创50] 开始获取数据...
2026-04-20T10:17:17:   [沪深300] 蛋卷基金: PE=14.4034, PE百分位=89.36%, 估值=high
2026-04-20T10:17:17:   [沪深300] 完成: price=4743.39, PE=14.4034, PE%=89.36%, temp=60°, src=danjuan-wind
2026-04-20T10:17:17:   [中证500] 蛋卷基金: PE=36.4631, PE百分位=85.52%, 估值=high
2026-04-20T10:17:17:   [中证500] 完成: price=8268.28, PE=36.4631, PE%=85.52%, temp=74°, src=danjuan-wind
2026-04-20T10:17:17:   [中证红利] 蛋卷基金: PE=8.6124, PE百分位=80.68%, 估值=high
2026-04-20T10:17:17:   [中证红利] 完成: price=5696.4, PE=8.6124, PE%=80.68%, temp=29°, src=danjuan-wind
2026-04-20T10:17:17:   [中证消费] 蛋卷基金: PE=19.9003, PE百分位=7.92%, 估值=low
2026-04-20T10:17:17:   [中证消费] 完成: price=14253.11, PE=19.9003, PE%=7.92%, temp=0°, src=danjuan-wind
2026-04-20T10:17:17:   [科创50] 蛋卷基金: PE=159.6906, PE百分位=92.33%, 估值=high
2026-04-20T10:17:17:   [科创50] 完成: price=1437.19, PE=159.6906, PE%=92.33%, temp=N/A, src=danjuan-wind
2026-04-20T10:17:18:   [中证红利低波] 蛋卷基金: PE=8.4035, PE百分位=77.92%, 估值=high
2026-04-20T10:17:18:   [中证红利低波] 完成: price=11380.29, PE=8.4035, PE%=77.92%, temp=N/A, src=danjuan-wind
2026-04-20T10:17:18:   [恒生科技] 开始获取数据...
2026-04-20T10:17:18:   [标普500] 开始获取数据...
2026-04-20T10:17:18:   [纳斯达克100] 开始获取数据...
2026-04-20T10:17:18:   [上证指数] 开始获取数据...
2026-04-20T10:17:18:   [恒生科技] 蛋卷基金: PE=23.1832, PE百分位=33.98%, 估值=high
2026-04-20T10:17:18:   [恒生科技] 完成: price=5067.3, PE=23.1832, PE%=33.98%, temp=11°, src=danjuan-wind
2026-04-20T10:17:18:   [标普500] 完成: price=7126.06, PE=null, PE%=null%, temp=N/A, src=none
2026-04-20T10:17:18:   [纳斯达克100] 完成: price=24468.48, PE=null, PE%=null%, temp=N/A, src=none
2026-04-20T10:17:18:   [上证指数] 完成: price=4069.91, PE=null, PE%=null%, temp=N/A, src=none
2026-04-20T10:17:18: [数据] ===== 全部完成，耗时 1.9s =====
2026-04-20T10:17:18: [缓存] indices 数据获取完成，耗时 1.9s
2026-04-20T10:17:21: [数据] ===== 开始获取所有指数数据 =====
2026-04-20T10:17:21:   [配置] 核心指数: 沪深300, 中证500, 中证红利, 中证红利低波, 中证消费, 科创50, 恒生科技, 标普500, 纳斯达克100
2026-04-20T10:17:21:   [配置] Dashboard额外: 上证指数
2026-04-20T10:17:21:   [行情] 东方财富批量接口获取 9 条
2026-04-20T10:17:21:   [行情] 东方财富缺失 1 个指数(HSTECH), 用腾讯补漏
2026-04-20T10:17:21:   [行情] 腾讯备用源获取 1 条
2026-04-20T10:17:21:   [行情] 腾讯补漏成功: HSTECH
2026-04-20T10:17:21:   [天天基金] 最近连续失败，暂时跳过重试
2026-04-20T10:17:22:   [沪深300] 开始获取数据...
2026-04-20T10:17:22:   [中证500] 开始获取数据...
2026-04-20T10:17:22:   [中证红利] 开始获取数据...
2026-04-20T10:17:22:   [中证红利低波] 开始获取数据...
2026-04-20T10:17:22:   [中证消费] 开始获取数据...
2026-04-20T10:17:22:   [科创50] 开始获取数据...
2026-04-20T10:17:22:   [沪深300] 蛋卷基金: PE=14.4034, PE百分位=89.36%, 估值=high
2026-04-20T10:17:22:   [沪深300] 完成: price=4744.63, PE=14.4034, PE%=89.36%, temp=60°, src=danjuan-wind
2026-04-20T10:17:22:   [中证500] 蛋卷基金: PE=36.4631, PE百分位=85.52%, 估值=high
2026-04-20T10:17:22:   [中证500] 完成: price=8270.44, PE=36.4631, PE%=85.52%, temp=74°, src=danjuan-wind
2026-04-20T10:17:22:   [中证红利] 蛋卷基金: PE=8.6124, PE百分位=80.68%, 估值=high
2026-04-20T10:17:22:   [中证红利] 完成: price=5696.75, PE=8.6124, PE%=80.68%, temp=29°, src=danjuan-wind
2026-04-20T10:17:22:   [中证消费] 蛋卷基金: PE=19.9003, PE百分位=7.92%, 估值=low
2026-04-20T10:17:22:   [中证消费] 完成: price=14254.52, PE=19.9003, PE%=7.92%, temp=0°, src=danjuan-wind
2026-04-20T10:17:22:   [科创50] 蛋卷基金: PE=159.6906, PE百分位=92.33%, 估值=high
2026-04-20T10:17:22:   [科创50] 完成: price=1438.05, PE=159.6906, PE%=92.33%, temp=N/A, src=danjuan-wind
2026-04-20T10:17:23:   [中证红利低波] 蛋卷基金: PE=8.4035, PE百分位=77.92%, 估值=high
2026-04-20T10:17:23:   [中证红利低波] 完成: price=11380.6, PE=8.4035, PE%=77.92%, temp=N/A, src=danjuan-wind
2026-04-20T10:17:23:   [恒生科技] 开始获取数据...
2026-04-20T10:17:23:   [标普500] 开始获取数据...
2026-04-20T10:17:23:   [纳斯达克100] 开始获取数据...
2026-04-20T10:17:23:   [上证指数] 开始获取数据...
2026-04-20T10:17:23:   [恒生科技] 蛋卷基金: PE=23.1832, PE百分位=33.98%, 估值=high
2026-04-20T10:17:23:   [恒生科技] 完成: price=5069.69, PE=23.1832, PE%=33.98%, temp=11°, src=danjuan-wind
2026-04-20T10:17:23:   [标普500] 完成: price=7126.06, PE=null, PE%=null%, temp=N/A, src=none
2026-04-20T10:17:23:   [纳斯达克100] 完成: price=24468.48, PE=null, PE%=null%, temp=N/A, src=none
2026-04-20T10:17:23:   [上证指数] 完成: price=4071, PE=null, PE%=null%, temp=N/A, src=none
2026-04-20T10:17:23: [数据] ===== 全部完成，耗时 1.6s =====
2026-04-20T10:17:23: [缓存] indices 数据获取完成，耗时 1.6s
2026-04-20T10:17:24: [数据] ===== 开始获取所有指数数据 =====
2026-04-20T10:17:24:   [配置] 核心指数: 沪深300, 中证500, 中证红利, 中证红利低波, 中证消费, 科创50, 恒生科技, 标普500, 纳斯达克100
2026-04-20T10:17:24:   [配置] Dashboard额外: 上证指数
2026-04-20T10:17:24:   [行情] 东方财富批量接口获取 9 条
2026-04-20T10:17:24:   [行情] 东方财富缺失 1 个指数(HSTECH), 用腾讯补漏
2026-04-20T10:17:24:   [行情] 腾讯备用源获取 1 条
2026-04-20T10:17:24:   [行情] 腾讯补漏成功: HSTECH
2026-04-20T10:17:24:   [天天基金] 最近连续失败，暂时跳过重试
2026-04-20T10:17:24:   [沪深300] 开始获取数据...
2026-04-20T10:17:24:   [中证500] 开始获取数据...
2026-04-20T10:17:24:   [中证红利] 开始获取数据...
2026-04-20T10:17:24:   [中证红利低波] 开始获取数据...
2026-04-20T10:17:24:   [中证消费] 开始获取数据...
2026-04-20T10:17:24:   [科创50] 开始获取数据...
2026-04-20T10:17:24:   [沪深300] 蛋卷基金: PE=14.4034, PE百分位=89.36%, 估值=high
2026-04-20T10:17:24:   [沪深300] 完成: price=4745.48, PE=14.4034, PE%=89.36%, temp=60°, src=danjuan-wind
2026-04-20T10:17:24:   [中证500] 蛋卷基金: PE=36.4631, PE百分位=85.52%, 估值=high
2026-04-20T10:17:24:   [中证500] 完成: price=8271.34, PE=36.4631, PE%=85.52%, temp=74°, src=danjuan-wind
2026-04-20T10:17:24:   [中证红利] 蛋卷基金: PE=8.6124, PE百分位=80.68%, 估值=high
2026-04-20T10:17:24:   [中证红利] 完成: price=5696.75, PE=8.6124, PE%=80.68%, temp=29°, src=danjuan-wind
2026-04-20T10:17:24:   [中证消费] 蛋卷基金: PE=19.9003, PE百分位=7.92%, 估值=low
2026-04-20T10:17:24:   [中证消费] 完成: price=14253.53, PE=19.9003, PE%=7.92%, temp=0°, src=danjuan-wind
2026-04-20T10:17:24:   [科创50] 蛋卷基金: PE=159.6906, PE百分位=92.33%, 估值=high
2026-04-20T10:17:24:   [科创50] 完成: price=1437.9, PE=159.6906, PE%=92.33%, temp=N/A, src=danjuan-wind
2026-04-20T10:17:25:   [K线] 2.H30269 获取成功, 2520 条 (lmt=2520)
2026-04-20T10:17:25:   [中证红利低波] 蛋卷基金: PE=8.4035, PE百分位=77.92%, 估值=high
2026-04-20T10:17:25:   [中证红利低波] 完成: price=11380.6, PE=8.4035, PE%=77.92%, temp=N/A, src=danjuan-wind
2026-04-20T10:17:25:   [恒生科技] 开始获取数据...
2026-04-20T10:17:25:   [标普500] 开始获取数据...
2026-04-20T10:17:25:   [纳斯达克100] 开始获取数据...
2026-04-20T10:17:25:   [上证指数] 开始获取数据...
2026-04-20T10:17:25:   [恒生科技] 蛋卷基金: PE=23.1832, PE百分位=33.98%, 估值=high
2026-04-20T10:17:25:   [恒生科技] 完成: price=5069.69, PE=23.1832, PE%=33.98%, temp=11°, src=danjuan-wind
2026-04-20T10:17:25:   [标普500] 完成: price=7126.06, PE=null, PE%=null%, temp=N/A, src=none
2026-04-20T10:17:25:   [纳斯达克100] 完成: price=24468.48, PE=null, PE%=null%, temp=N/A, src=none
2026-04-20T10:17:25:   [上证指数] 完成: price=4071.29, PE=null, PE%=null%, temp=N/A, src=none
2026-04-20T10:17:25: [数据] ===== 全部完成，耗时 0.6s =====
2026-04-20T10:17:25: [缓存] indices 数据获取完成，耗时 0.6s
2026-04-20T10:17:27: [数据] ===== 开始获取所有指数数据 =====
2026-04-20T10:17:27:   [配置] 核心指数: 沪深300, 中证500, 中证红利, 中证红利低波, 中证消费, 科创50, 恒生科技, 标普500, 纳斯达克100
2026-04-20T10:17:27:   [配置] Dashboard额外: 上证指数
2026-04-20T10:17:27:   [行情] 东方财富批量接口获取 9 条
2026-04-20T10:17:27:   [行情] 东方财富缺失 1 个指数(HSTECH), 用腾讯补漏
2026-04-20T10:17:27:   [行情] 腾讯备用源获取 1 条
2026-04-20T10:17:27:   [行情] 腾讯补漏成功: HSTECH
2026-04-20T10:17:27:   [天天基金] 最近连续失败，暂时跳过重试
2026-04-20T10:17:28:   [沪深300] 开始获取数据...
2026-04-20T10:17:28:   [中证500] 开始获取数据...
2026-04-20T10:17:28:   [中证红利] 开始获取数据...
2026-04-20T10:17:28:   [中证红利低波] 开始获取数据...
2026-04-20T10:17:28:   [中证消费] 开始获取数据...
2026-04-20T10:17:28:   [科创50] 开始获取数据...
2026-04-20T10:17:28:   [沪深300] 蛋卷基金: PE=14.4034, PE百分位=89.36%, 估值=high
2026-04-20T10:17:28:   [沪深300] 完成: price=4745.38, PE=14.4034, PE%=89.36%, temp=60°, src=danjuan-wind
2026-04-20T10:17:28:   [中证500] 蛋卷基金: PE=36.4631, PE百分位=85.52%, 估值=high
2026-04-20T10:17:28:   [中证500] 完成: price=8271.74, PE=36.4631, PE%=85.52%, temp=74°, src=danjuan-wind
2026-04-20T10:17:28:   [中证红利] 蛋卷基金: PE=8.6124, PE百分位=80.68%, 估值=high
2026-04-20T10:17:28:   [中证红利] 完成: price=5697.67, PE=8.6124, PE%=80.68%, temp=29°, src=danjuan-wind
2026-04-20T10:17:28:   [中证红利低波] 蛋卷基金: PE=8.4035, PE百分位=77.92%, 估值=high
2026-04-20T10:17:28:   [中证红利低波] 完成: price=11384.86, PE=8.4035, PE%=77.92%, temp=N/A, src=danjuan-wind
2026-04-20T10:17:28:   [中证消费] 蛋卷基金: PE=19.9003, PE百分位=7.92%, 估值=low
2026-04-20T10:17:28:   [中证消费] 完成: price=14256.1, PE=19.9003, PE%=7.92%, temp=0°, src=danjuan-wind
2026-04-20T10:17:28:   [科创50] 蛋卷基金: PE=159.6906, PE百分位=92.33%, 估值=high
2026-04-20T10:17:28:   [科创50] 完成: price=1438.43, PE=159.6906, PE%=92.33%, temp=N/A, src=danjuan-wind
2026-04-20T10:17:28:   [恒生科技] 开始获取数据...
2026-04-20T10:17:28:   [标普500] 开始获取数据...
2026-04-20T10:17:28:   [纳斯达克100] 开始获取数据...
2026-04-20T10:17:28:   [上证指数] 开始获取数据...
2026-04-20T10:17:28:   [恒生科技] 蛋卷基金: PE=23.1832, PE百分位=33.98%, 估值=high
2026-04-20T10:17:28:   [恒生科技] 完成: price=5069.6, PE=23.1832, PE%=33.98%, temp=11°, src=danjuan-wind
2026-04-20T10:17:28:   [标普500] 完成: price=7126.06, PE=null, PE%=null%, temp=N/A, src=none
2026-04-20T10:17:28:   [纳斯达克100] 完成: price=24468.48, PE=null, PE%=null%, temp=N/A, src=none
2026-04-20T10:17:28:   [上证指数] 完成: price=4070.89, PE=null, PE%=null%, temp=N/A, src=none
2026-04-20T10:17:28: [数据] ===== 全部完成，耗时 0.4s =====
2026-04-20T10:17:28: [缓存] indices 数据获取完成，耗时 0.4s
2026-04-20T10:17:28:   [行情] 东方财富批量接口获取 8 条
2026-04-20T10:17:28:   [行情] 东方财富缺失 1 个指数(HSTECH), 用腾讯补漏
2026-04-20T10:17:28:   [行情] 腾讯备用源获取 1 条
2026-04-20T10:17:28:   [行情] 腾讯补漏成功: HSTECH
2026-04-20T10:17:28: [缓存] index-quotes 数据获取完成，耗时 0.0s
2026-04-20T10:17:30: [数据] ===== 开始获取所有指数数据 =====
2026-04-20T10:17:30:   [配置] 核心指数: 沪深300, 中证500, 中证红利, 中证红利低波, 中证消费, 科创50, 恒生科技, 标普500, 纳斯达克100
2026-04-20T10:17:30:   [配置] Dashboard额外: 上证指数
2026-04-20T10:17:30:   [行情] 东方财富批量接口获取 9 条
2026-04-20T10:17:30:   [行情] 东方财富缺失 1 个指数(HSTECH), 用腾讯补漏
2026-04-20T10:17:30:   [行情] 腾讯备用源获取 1 条
2026-04-20T10:17:30:   [行情] 腾讯补漏成功: HSTECH
2026-04-20T10:17:30:   [天天基金] 最近连续失败，暂时跳过重试
2026-04-20T10:17:30:   [沪深300] 开始获取数据...
2026-04-20T10:17:30:   [中证500] 开始获取数据...
2026-04-20T10:17:30:   [中证红利] 开始获取数据...
2026-04-20T10:17:30:   [中证红利低波] 开始获取数据...
2026-04-20T10:17:30:   [中证消费] 开始获取数据...
2026-04-20T10:17:30:   [科创50] 开始获取数据...
2026-04-20T10:17:30:   [沪深300] 蛋卷基金: PE=14.4034, PE百分位=89.36%, 估值=high
2026-04-20T10:17:30:   [沪深300] 完成: price=4745.78, PE=14.4034, PE%=89.36%, temp=60°, src=danjuan-wind
2026-04-20T10:17:30:   [中证500] 蛋卷基金: PE=36.4631, PE百分位=85.52%, 估值=high
2026-04-20T10:17:30:   [中证500] 完成: price=8271.91, PE=36.4631, PE%=85.52%, temp=74°, src=danjuan-wind
2026-04-20T10:17:30:   [中证红利] 蛋卷基金: PE=8.6124, PE百分位=80.68%, 估值=high
2026-04-20T10:17:30:   [中证红利] 完成: price=5696.6, PE=8.6124, PE%=80.68%, temp=29°, src=danjuan-wind
2026-04-20T10:17:30:   [中证红利低波] 蛋卷基金: PE=8.4035, PE百分位=77.92%, 估值=high
2026-04-20T10:17:30:   [中证红利低波] 完成: price=11381.07, PE=8.4035, PE%=77.92%, temp=N/A, src=danjuan-wind
2026-04-20T10:17:30:   [中证消费] 蛋卷基金: PE=19.9003, PE百分位=7.92%, 估值=low
2026-04-20T10:17:30:   [中证消费] 完成: price=14254.16, PE=19.9003, PE%=7.92%, temp=0°, src=danjuan-wind
2026-04-20T10:17:30:   [科创50] 蛋卷基金: PE=159.6906, PE百分位=92.33%, 估值=high
2026-04-20T10:17:30:   [科创50] 完成: price=1438.48, PE=159.6906, PE%=92.33%, temp=N/A, src=danjuan-wind
2026-04-20T10:17:31:   [恒生科技] 开始获取数据...
2026-04-20T10:17:31:   [标普500] 开始获取数据...
2026-04-20T10:17:31:   [纳斯达克100] 开始获取数据...
2026-04-20T10:17:31:   [上证指数] 开始获取数据...
2026-04-20T10:17:31:   [恒生科技] 蛋卷基金: PE=23.1832, PE百分位=33.98%, 估值=high
2026-04-20T10:17:31:   [恒生科技] 完成: price=5069.6, PE=23.1832, PE%=33.98%, temp=11°, src=danjuan-wind
2026-04-20T10:17:31:   [标普500] 完成: price=7126.06, PE=null, PE%=null%, temp=N/A, src=none
2026-04-20T10:17:31:   [纳斯达克100] 完成: price=24468.48, PE=null, PE%=null%, temp=N/A, src=none
2026-04-20T10:17:31:   [上证指数] 完成: price=4070.69, PE=null, PE%=null%, temp=N/A, src=none
2026-04-20T10:17:31: [数据] ===== 全部完成，耗时 0.3s =====
2026-04-20T10:17:31: [缓存] indices 数据获取完成，耗时 0.3s
2026-04-20T10:17:32: [数据] ===== 开始获取所有指数数据 =====
2026-04-20T10:17:32:   [配置] 核心指数: 沪深300, 中证500, 中证红利, 中证红利低波, 中证消费, 科创50, 恒生科技, 标普500, 纳斯达克100
2026-04-20T10:17:32:   [配置] Dashboard额外: 上证指数
2026-04-20T10:17:32:   [行情] 东方财富批量接口获取 9 条
2026-04-20T10:17:32:   [行情] 东方财富缺失 1 个指数(HSTECH), 用腾讯补漏
2026-04-20T10:17:32:   [行情] 腾讯备用源获取 1 条
2026-04-20T10:17:32:   [行情] 腾讯补漏成功: HSTECH
2026-04-20T10:17:32:   [天天基金] 最近连续失败，暂时跳过重试
2026-04-20T10:17:32:   [沪深300] 开始获取数据...
2026-04-20T10:17:32:   [中证500] 开始获取数据...
2026-04-20T10:17:32:   [中证红利] 开始获取数据...
2026-04-20T10:17:32:   [中证红利低波] 开始获取数据...
2026-04-20T10:17:32:   [中证消费] 开始获取数据...
2026-04-20T10:17:32:   [科创50] 开始获取数据...
2026-04-20T10:17:32:   [沪深300] 蛋卷基金: PE=14.4034, PE百分位=89.36%, 估值=high
2026-04-20T10:17:32:   [沪深300] 完成: price=4745.78, PE=14.4034, PE%=89.36%, temp=60°, src=danjuan-wind
2026-04-20T10:17:32:   [中证500] 蛋卷基金: PE=36.4631, PE百分位=85.52%, 估值=high
2026-04-20T10:17:32:   [中证500] 完成: price=8271.91, PE=36.4631, PE%=85.52%, temp=74°, src=danjuan-wind
2026-04-20T10:17:32:   [中证红利] 蛋卷基金: PE=8.6124, PE百分位=80.68%, 估值=high
2026-04-20T10:17:32:   [中证红利] 完成: price=5696.6, PE=8.6124, PE%=80.68%, temp=29°, src=danjuan-wind
2026-04-20T10:17:32:   [中证红利低波] 蛋卷基金: PE=8.4035, PE百分位=77.92%, 估值=high
2026-04-20T10:17:32:   [中证红利低波] 完成: price=11381.07, PE=8.4035, PE%=77.92%, temp=N/A, src=danjuan-wind
2026-04-20T10:17:32:   [中证消费] 蛋卷基金: PE=19.9003, PE百分位=7.92%, 估值=low
2026-04-20T10:17:32:   [中证消费] 完成: price=14254.16, PE=19.9003, PE%=7.92%, temp=0°, src=danjuan-wind
2026-04-20T10:17:32:   [科创50] 蛋卷基金: PE=159.6906, PE百分位=92.33%, 估值=high
2026-04-20T10:17:32:   [科创50] 完成: price=1438.48, PE=159.6906, PE%=92.33%, temp=N/A, src=danjuan-wind
2026-04-20T10:17:33:   [恒生科技] 开始获取数据...
2026-04-20T10:17:33:   [标普500] 开始获取数据...
2026-04-20T10:17:33:   [纳斯达克100] 开始获取数据...
2026-04-20T10:17:33:   [上证指数] 开始获取数据...
2026-04-20T10:17:33:   [恒生科技] 蛋卷基金: PE=23.1832, PE百分位=33.98%, 估值=high
2026-04-20T10:17:33:   [恒生科技] 完成: price=5069.46, PE=23.1832, PE%=33.98%, temp=11°, src=danjuan-wind
2026-04-20T10:17:33:   [标普500] 完成: price=7126.06, PE=null, PE%=null%, temp=N/A, src=none
2026-04-20T10:17:33:   [纳斯达克100] 完成: price=24468.48, PE=null, PE%=null%, temp=N/A, src=none
2026-04-20T10:17:33:   [上证指数] 完成: price=4070.69, PE=null, PE%=null%, temp=N/A, src=none
2026-04-20T10:17:33: [数据] ===== 全部完成，耗时 0.2s =====
2026-04-20T10:17:33: [缓存] indices 数据获取完成，耗时 0.2s
2026-04-20T10:17:34: [数据] ===== 开始获取所有指数数据 =====
2026-04-20T10:17:34:   [配置] 核心指数: 沪深300, 中证500, 中证红利, 中证红利低波, 中证消费, 科创50, 恒生科技, 标普500, 纳斯达克100
2026-04-20T10:17:34:   [配置] Dashboard额外: 上证指数
2026-04-20T10:17:34:   [行情] 东方财富批量接口获取 9 条
2026-04-20T10:17:34:   [行情] 东方财富缺失 1 个指数(HSTECH), 用腾讯补漏
2026-04-20T10:17:34:   [行情] 腾讯备用源获取 1 条
2026-04-20T10:17:34:   [行情] 腾讯补漏成功: HSTECH
2026-04-20T10:17:34:   [天天基金] 最近连续失败，暂时跳过重试
2026-04-20T10:17:34:   [沪深300] 开始获取数据...
2026-04-20T10:17:34:   [中证500] 开始获取数据...
2026-04-20T10:17:34:   [中证红利] 开始获取数据...
2026-04-20T10:17:34:   [中证红利低波] 开始获取数据...
2026-04-20T10:17:34:   [中证消费] 开始获取数据...
2026-04-20T10:17:34:   [科创50] 开始获取数据...
2026-04-20T10:17:34:   [沪深300] 蛋卷基金: PE=14.4034, PE百分位=89.36%, 估值=high
2026-04-20T10:17:34:   [沪深300] 完成: price=4746.08, PE=14.4034, PE%=89.36%, temp=60°, src=danjuan-wind
2026-04-20T10:17:34:   [中证500] 蛋卷基金: PE=36.4631, PE百分位=85.52%, 估值=high
2026-04-20T10:17:34:   [中证500] 完成: price=8272.69, PE=36.4631, PE%=85.52%, temp=74°, src=danjuan-wind
2026-04-20T10:17:34:   [中证红利] 蛋卷基金: PE=8.6124, PE百分位=80.68%, 估值=high
2026-04-20T10:17:34:   [中证红利] 完成: price=5696.6, PE=8.6124, PE%=80.68%, temp=29°, src=danjuan-wind
2026-04-20T10:17:34:   [中证红利低波] 蛋卷基金: PE=8.4035, PE百分位=77.92%, 估值=high
2026-04-20T10:17:34:   [中证红利低波] 完成: price=11381.07, PE=8.4035, PE%=77.92%, temp=N/A, src=danjuan-wind
2026-04-20T10:17:34:   [中证消费] 蛋卷基金: PE=19.9003, PE百分位=7.92%, 估值=low
2026-04-20T10:17:34:   [中证消费] 完成: price=14253.76, PE=19.9003, PE%=7.92%, temp=0°, src=danjuan-wind
2026-04-20T10:17:34:   [科创50] 蛋卷基金: PE=159.6906, PE百分位=92.33%, 估值=high
2026-04-20T10:17:34:   [科创50] 完成: price=1438.71, PE=159.6906, PE%=92.33%, temp=N/A, src=danjuan-wind
2026-04-20T10:17:35:   [恒生科技] 开始获取数据...
2026-04-20T10:17:35:   [标普500] 开始获取数据...
2026-04-20T10:17:35:   [纳斯达克100] 开始获取数据...
2026-04-20T10:17:35:   [上证指数] 开始获取数据...
2026-04-20T10:17:35:   [恒生科技] 蛋卷基金: PE=23.1832, PE百分位=33.98%, 估值=high
2026-04-20T10:17:35:   [恒生科技] 完成: price=5069.84, PE=23.1832, PE%=33.98%, temp=11°, src=danjuan-wind
2026-04-20T10:17:35:   [标普500] 完成: price=7126.06, PE=null, PE%=null%, temp=N/A, src=none
2026-04-20T10:17:35:   [纳斯达克100] 完成: price=24468.48, PE=null, PE%=null%, temp=N/A, src=none
2026-04-20T10:17:35:   [上证指数] 完成: price=4070.8, PE=null, PE%=null%, temp=N/A, src=none
2026-04-20T10:17:35: [数据] ===== 全部完成，耗时 0.3s =====
2026-04-20T10:17:35: [缓存] indices 数据获取完成，耗时 0.3s
2026-04-20T10:17:36: [数据] ===== 开始获取所有指数数据 =====
2026-04-20T10:17:36:   [配置] 核心指数: 沪深300, 中证500, 中证红利, 中证红利低波, 中证消费, 科创50, 恒生科技, 标普500, 纳斯达克100
2026-04-20T10:17:36:   [配置] Dashboard额外: 上证指数
2026-04-20T10:17:36:   [行情] 东方财富批量接口获取 9 条
2026-04-20T10:17:36:   [行情] 东方财富缺失 1 个指数(HSTECH), 用腾讯补漏
2026-04-20T10:17:36:   [行情] 腾讯备用源获取 1 条
2026-04-20T10:17:36:   [行情] 腾讯补漏成功: HSTECH
2026-04-20T10:17:36:   [天天基金] 最近连续失败，暂时跳过重试
2026-04-20T10:17:36:   [沪深300] 开始获取数据...
2026-04-20T10:17:36:   [中证500] 开始获取数据...
2026-04-20T10:17:36:   [中证红利] 开始获取数据...
2026-04-20T10:17:36:   [中证红利低波] 开始获取数据...
2026-04-20T10:17:36:   [中证消费] 开始获取数据...
2026-04-20T10:17:36:   [科创50] 开始获取数据...
2026-04-20T10:17:36:   [沪深300] 蛋卷基金: PE=14.4034, PE百分位=89.36%, 估值=high
2026-04-20T10:17:36:   [沪深300] 完成: price=4746.28, PE=14.4034, PE%=89.36%, temp=60°, src=danjuan-wind
2026-04-20T10:17:36:   [中证500] 蛋卷基金: PE=36.4631, PE百分位=85.52%, 估值=high
2026-04-20T10:17:36:   [中证500] 完成: price=8273.06, PE=36.4631, PE%=85.52%, temp=74°, src=danjuan-wind
2026-04-20T10:17:36:   [中证红利] 蛋卷基金: PE=8.6124, PE百分位=80.68%, 估值=high
2026-04-20T10:17:36:   [中证红利] 完成: price=5696.5, PE=8.6124, PE%=80.68%, temp=29°, src=danjuan-wind
2026-04-20T10:17:36:   [中证红利低波] 蛋卷基金: PE=8.4035, PE百分位=77.92%, 估值=high
2026-04-20T10:17:36:   [中证红利低波] 完成: price=11381.52, PE=8.4035, PE%=77.92%, temp=N/A, src=danjuan-wind
2026-04-20T10:17:36:   [中证消费] 蛋卷基金: PE=19.9003, PE百分位=7.92%, 估值=low
2026-04-20T10:17:36:   [中证消费] 完成: price=14253.63, PE=19.9003, PE%=7.92%, temp=0°, src=danjuan-wind
2026-04-20T10:17:36:   [科创50] 蛋卷基金: PE=159.6906, PE百分位=92.33%, 估值=high
2026-04-20T10:17:36:   [科创50] 完成: price=1438.67, PE=159.6906, PE%=92.33%, temp=N/A, src=danjuan-wind
2026-04-20T10:17:37:   [恒生科技] 开始获取数据...
2026-04-20T10:17:37:   [标普500] 开始获取数据...
2026-04-20T10:17:37:   [纳斯达克100] 开始获取数据...
2026-04-20T10:17:37:   [上证指数] 开始获取数据...
2026-04-20T10:17:37:   [恒生科技] 蛋卷基金: PE=23.1832, PE百分位=33.98%, 估值=high
2026-04-20T10:17:37:   [恒生科技] 完成: price=5069.84, PE=23.1832, PE%=33.98%, temp=11°, src=danjuan-wind
2026-04-20T10:17:37:   [标普500] 完成: price=7126.06, PE=null, PE%=null%, temp=N/A, src=none
2026-04-20T10:17:37:   [纳斯达克100] 完成: price=24468.48, PE=null, PE%=null%, temp=N/A, src=none
2026-04-20T10:17:37:   [上证指数] 完成: price=4070.71, PE=null, PE%=null%, temp=N/A, src=none
2026-04-20T10:17:37: [数据] ===== 全部完成，耗时 0.2s =====
2026-04-20T10:17:37: [缓存] indices 数据获取完成，耗时 0.2s
2026-04-20T10:17:39: [数据] ===== 开始获取所有指数数据 =====
2026-04-20T10:17:39:   [配置] 核心指数: 沪深300, 中证500, 中证红利, 中证红利低波, 中证消费, 科创50, 恒生科技, 标普500, 纳斯达克100
2026-04-20T10:17:39:   [配置] Dashboard额外: 上证指数
2026-04-20T10:17:39:   [行情] 东方财富批量接口获取 9 条
2026-04-20T10:17:39:   [行情] 东方财富缺失 1 个指数(HSTECH), 用腾讯补漏
2026-04-20T10:17:39:   [行情] 腾讯备用源获取 1 条
2026-04-20T10:17:39:   [行情] 腾讯补漏成功: HSTECH
2026-04-20T10:17:39:   [天天基金] 最近连续失败，暂时跳过重试
2026-04-20T10:17:40:   [沪深300] 开始获取数据...
2026-04-20T10:17:40:   [中证500] 开始获取数据...
2026-04-20T10:17:40:   [中证红利] 开始获取数据...
2026-04-20T10:17:40:   [中证红利低波] 开始获取数据...
2026-04-20T10:17:40:   [中证消费] 开始获取数据...
2026-04-20T10:17:40:   [科创50] 开始获取数据...
2026-04-20T10:17:40:   [沪深300] 蛋卷基金: PE=14.4034, PE百分位=89.36%, 估值=high
2026-04-20T10:17:40:   [沪深300] 完成: price=4746, PE=14.4034, PE%=89.36%, temp=60°, src=danjuan-wind
2026-04-20T10:17:40:   [中证500] 蛋卷基金: PE=36.4631, PE百分位=85.52%, 估值=high
2026-04-20T10:17:40:   [中证500] 完成: price=8272.92, PE=36.4631, PE%=85.52%, temp=74°, src=danjuan-wind
2026-04-20T10:17:40:   [中证红利] 蛋卷基金: PE=8.6124, PE百分位=80.68%, 估值=high
2026-04-20T10:17:40:   [中证红利] 完成: price=5696.5, PE=8.6124, PE%=80.68%, temp=29°, src=danjuan-wind
2026-04-20T10:17:40:   [中证红利低波] 蛋卷基金: PE=8.4035, PE百分位=77.92%, 估值=high
2026-04-20T10:17:40:   [中证红利低波] 完成: price=11381.52, PE=8.4035, PE%=77.92%, temp=N/A, src=danjuan-wind
2026-04-20T10:17:40:   [中证消费] 蛋卷基金: PE=19.9003, PE百分位=7.92%, 估值=low
2026-04-20T10:17:40:   [中证消费] 完成: price=14253, PE=19.9003, PE%=7.92%, temp=0°, src=danjuan-wind
2026-04-20T10:17:40:   [科创50] 蛋卷基金: PE=159.6906, PE百分位=92.33%, 估值=high
2026-04-20T10:17:40:   [科创50] 完成: price=1438.67, PE=159.6906, PE%=92.33%, temp=N/A, src=danjuan-wind
2026-04-20T10:17:40:   [恒生科技] 开始获取数据...
2026-04-20T10:17:40:   [标普500] 开始获取数据...
2026-04-20T10:17:40:   [纳斯达克100] 开始获取数据...
2026-04-20T10:17:40:   [上证指数] 开始获取数据...
2026-04-20T10:17:40:   [恒生科技] 蛋卷基金: PE=23.1832, PE百分位=33.98%, 估值=high
2026-04-20T10:17:40:   [恒生科技] 完成: price=5069.49, PE=23.1832, PE%=33.98%, temp=11°, src=danjuan-wind
2026-04-20T10:17:40:   [标普500] 完成: price=7126.06, PE=null, PE%=null%, temp=N/A, src=none
2026-04-20T10:17:40:   [纳斯达克100] 完成: price=24468.48, PE=null, PE%=null%, temp=N/A, src=none
2026-04-20T10:17:40:   [上证指数] 完成: price=4070.59, PE=null, PE%=null%, temp=N/A, src=none
2026-04-20T10:17:40: [数据] ===== 全部完成，耗时 0.4s =====
2026-04-20T10:17:40: [缓存] indices 数据获取完成，耗时 0.4s
2026-04-20T10:17:42: [数据] ===== 开始获取所有指数数据 =====
2026-04-20T10:17:42:   [配置] 核心指数: 沪深300, 中证500, 中证红利, 中证红利低波, 中证消费, 科创50, 恒生科技, 标普500, 纳斯达克100
2026-04-20T10:17:42:   [配置] Dashboard额外: 上证指数
2026-04-20T10:17:42:   [行情] 东方财富批量接口获取 9 条
2026-04-20T10:17:42:   [行情] 东方财富缺失 1 个指数(HSTECH), 用腾讯补漏
2026-04-20T10:17:42:   [行情] 腾讯备用源获取 1 条
2026-04-20T10:17:42:   [行情] 腾讯补漏成功: HSTECH
2026-04-20T10:17:42:   [天天基金] 最近连续失败，暂时跳过重试
2026-04-20T10:17:43:   [沪深300] 开始获取数据...
2026-04-20T10:17:43:   [中证500] 开始获取数据...
2026-04-20T10:17:43:   [中证红利] 开始获取数据...
2026-04-20T10:17:43:   [中证红利低波] 开始获取数据...
2026-04-20T10:17:43:   [中证消费] 开始获取数据...
2026-04-20T10:17:43:   [科创50] 开始获取数据...
2026-04-20T10:17:43:   [沪深300] 蛋卷基金: PE=14.4034, PE百分位=89.36%, 估值=high
2026-04-20T10:17:43:   [沪深300] 完成: price=4746.25, PE=14.4034, PE%=89.36%, temp=60°, src=danjuan-wind
2026-04-20T10:17:43:   [中证500] 蛋卷基金: PE=36.4631, PE百分位=85.52%, 估值=high
2026-04-20T10:17:43:   [中证500] 完成: price=8273.71, PE=36.4631, PE%=85.52%, temp=74°, src=danjuan-wind
2026-04-20T10:17:43:   [中证红利] 蛋卷基金: PE=8.6124, PE百分位=80.68%, 估值=high
2026-04-20T10:17:43:   [中证红利] 完成: price=5696.5, PE=8.6124, PE%=80.68%, temp=29°, src=danjuan-wind
2026-04-20T10:17:43:   [中证红利低波] 蛋卷基金: PE=8.4035, PE百分位=77.92%, 估值=high
2026-04-20T10:17:43:   [中证红利低波] 完成: price=11382.81, PE=8.4035, PE%=77.92%, temp=N/A, src=danjuan-wind
2026-04-20T10:17:43:   [中证消费] 蛋卷基金: PE=19.9003, PE百分位=7.92%, 估值=low
2026-04-20T10:17:43:   [中证消费] 完成: price=14253.65, PE=19.9003, PE%=7.92%, temp=0°, src=danjuan-wind
2026-04-20T10:17:43:   [科创50] 蛋卷基金: PE=159.6906, PE百分位=92.33%, 估值=high
2026-04-20T10:17:43:   [科创50] 完成: price=1438.86, PE=159.6906, PE%=92.33%, temp=N/A, src=danjuan-wind
2026-04-20T10:17:43:   [恒生科技] 开始获取数据...
2026-04-20T10:17:43:   [标普500] 开始获取数据...
2026-04-20T10:17:43:   [纳斯达克100] 开始获取数据...
2026-04-20T10:17:43:   [上证指数] 开始获取数据...
2026-04-20T10:17:43:   [恒生科技] 蛋卷基金: PE=23.1832, PE百分位=33.98%, 估值=high
2026-04-20T10:17:43:   [恒生科技] 完成: price=5068.64, PE=23.1832, PE%=33.98%, temp=11°, src=danjuan-wind
2026-04-20T10:17:43:   [标普500] 完成: price=7126.06, PE=null, PE%=null%, temp=N/A, src=none
2026-04-20T10:17:43:   [纳斯达克100] 完成: price=24468.48, PE=null, PE%=null%, temp=N/A, src=none
2026-04-20T10:17:43:   [上证指数] 完成: price=4070.49, PE=null, PE%=null%, temp=N/A, src=none
2026-04-20T10:17:43: [数据] ===== 全部完成，耗时 0.4s =====
2026-04-20T10:17:43: [缓存] indices 数据获取完成，耗时 0.4s
2026-04-20T10:17:45: [数据] ===== 开始获取所有指数数据 =====
2026-04-20T10:17:45:   [配置] 核心指数: 沪深300, 中证500, 中证红利, 中证红利低波, 中证消费, 科创50, 恒生科技, 标普500, 纳斯达克100
2026-04-20T10:17:45:   [配置] Dashboard额外: 上证指数
2026-04-20T10:17:45:   [行情] 东方财富批量接口获取 9 条
2026-04-20T10:17:45:   [行情] 东方财富缺失 1 个指数(HSTECH), 用腾讯补漏
2026-04-20T10:17:45:   [行情] 腾讯备用源获取 1 条
2026-04-20T10:17:45:   [行情] 腾讯补漏成功: HSTECH
2026-04-20T10:17:45:   [天天基金] 最近连续失败，暂时跳过重试
2026-04-20T10:17:46:   [沪深300] 开始获取数据...
2026-04-20T10:17:46:   [中证500] 开始获取数据...
2026-04-20T10:17:46:   [中证红利] 开始获取数据...
2026-04-20T10:17:46:   [中证红利低波] 开始获取数据...
2026-04-20T10:17:46:   [中证消费] 开始获取数据...
2026-04-20T10:17:46:   [科创50] 开始获取数据...
2026-04-20T10:17:46:   [沪深300] 蛋卷基金: PE=14.4034, PE百分位=89.36%, 估值=high
2026-04-20T10:17:46:   [沪深300] 完成: price=4746.46, PE=14.4034, PE%=89.36%, temp=60°, src=danjuan-wind
2026-04-20T10:17:46:   [中证500] 蛋卷基金: PE=36.4631, PE百分位=85.52%, 估值=high
2026-04-20T10:17:46:   [中证500] 完成: price=8274.25, PE=36.4631, PE%=85.52%, temp=74°, src=danjuan-wind
2026-04-20T10:17:46:   [中证红利] 蛋卷基金: PE=8.6124, PE百分位=80.68%, 估值=high
2026-04-20T10:17:46:   [中证红利] 完成: price=5694.59, PE=8.6124, PE%=80.68%, temp=29°, src=danjuan-wind
2026-04-20T10:17:46:   [中证红利低波] 蛋卷基金: PE=8.4035, PE百分位=77.92%, 估值=high
2026-04-20T10:17:46:   [中证红利低波] 完成: price=11375.77, PE=8.4035, PE%=77.92%, temp=N/A, src=danjuan-wind
2026-04-20T10:17:46:   [中证消费] 蛋卷基金: PE=19.9003, PE百分位=7.92%, 估值=low
2026-04-20T10:17:46:   [中证消费] 完成: price=14253, PE=19.9003, PE%=7.92%, temp=0°, src=danjuan-wind
2026-04-20T10:17:46:   [科创50] 蛋卷基金: PE=159.6906, PE百分位=92.33%, 估值=high
2026-04-20T10:17:46:   [科创50] 完成: price=1439.05, PE=159.6906, PE%=92.33%, temp=N/A, src=danjuan-wind
2026-04-20T10:17:46:   [恒生科技] 开始获取数据...
2026-04-20T10:17:46:   [标普500] 开始获取数据...
2026-04-20T10:17:46:   [纳斯达克100] 开始获取数据...
2026-04-20T10:17:46:   [上证指数] 开始获取数据...
2026-04-20T10:17:46:   [恒生科技] 蛋卷基金: PE=23.1832, PE百分位=33.98%, 估值=high
2026-04-20T10:17:46:   [恒生科技] 完成: price=5070.02, PE=23.1832, PE%=33.98%, temp=11°, src=danjuan-wind
2026-04-20T10:17:46:   [标普500] 完成: price=7126.06, PE=null, PE%=null%, temp=N/A, src=none
2026-04-20T10:17:46:   [纳斯达克100] 完成: price=24468.48, PE=null, PE%=null%, temp=N/A, src=none
2026-04-20T10:17:46:   [上证指数] 完成: price=4070.84, PE=null, PE%=null%, temp=N/A, src=none
2026-04-20T10:17:46: [数据] ===== 全部完成，耗时 0.3s =====
2026-04-20T10:17:46: [缓存] indices 数据获取完成，耗时 0.3s
2026-04-20T10:17:48: [数据] ===== 开始获取所有指数数据 =====
2026-04-20T10:17:48:   [配置] 核心指数: 沪深300, 中证500, 中证红利, 中证红利低波, 中证消费, 科创50, 恒生科技, 标普500, 纳斯达克100
2026-04-20T10:17:48:   [配置] Dashboard额外: 上证指数
2026-04-20T10:17:48:   [行情] 东方财富批量接口获取 9 条
2026-04-20T10:17:48:   [行情] 东方财富缺失 1 个指数(HSTECH), 用腾讯补漏
2026-04-20T10:17:48:   [行情] 腾讯备用源获取 1 条
2026-04-20T10:17:48:   [行情] 腾讯补漏成功: HSTECH
2026-04-20T10:17:48:   [天天基金] 最近连续失败，暂时跳过重试
2026-04-20T10:17:49:   [沪深300] 开始获取数据...
2026-04-20T10:17:49:   [中证500] 开始获取数据...
2026-04-20T10:17:49:   [中证红利] 开始获取数据...
2026-04-20T10:17:49:   [中证红利低波] 开始获取数据...
2026-04-20T10:17:49:   [中证消费] 开始获取数据...
2026-04-20T10:17:49:   [科创50] 开始获取数据...
2026-04-20T10:17:49:   [沪深300] 蛋卷基金: PE=14.4034, PE百分位=89.36%, 估值=high
2026-04-20T10:17:49:   [沪深300] 完成: price=4746.78, PE=14.4034, PE%=89.36%, temp=60°, src=danjuan-wind
2026-04-20T10:17:49:   [中证500] 蛋卷基金: PE=36.4631, PE百分位=85.52%, 估值=high
2026-04-20T10:17:49:   [中证500] 完成: price=8275.92, PE=36.4631, PE%=85.52%, temp=74°, src=danjuan-wind
2026-04-20T10:17:49:   [中证红利] 蛋卷基金: PE=8.6124, PE百分位=80.68%, 估值=high
2026-04-20T10:17:49:   [中证红利] 完成: price=5694.59, PE=8.6124, PE%=80.68%, temp=29°, src=danjuan-wind
2026-04-20T10:17:49:   [中证红利低波] 蛋卷基金: PE=8.4035, PE百分位=77.92%, 估值=high
2026-04-20T10:17:49:   [中证红利低波] 完成: price=11375.77, PE=8.4035, PE%=77.92%, temp=N/A, src=danjuan-wind
2026-04-20T10:17:49:   [中证消费] 蛋卷基金: PE=19.9003, PE百分位=7.92%, 估值=low
2026-04-20T10:17:49:   [中证消费] 完成: price=14253.33, PE=19.9003, PE%=7.92%, temp=0°, src=danjuan-wind
2026-04-20T10:17:49:   [科创50] 蛋卷基金: PE=159.6906, PE百分位=92.33%, 估值=high
2026-04-20T10:17:49:   [科创50] 完成: price=1439.19, PE=159.6906, PE%=92.33%, temp=N/A, src=danjuan-wind
2026-04-20T10:17:49:   [恒生科技] 开始获取数据...
2026-04-20T10:17:49:   [标普500] 开始获取数据...
2026-04-20T10:17:49:   [纳斯达克100] 开始获取数据...
2026-04-20T10:17:49:   [上证指数] 开始获取数据...
2026-04-20T10:17:49:   [恒生科技] 蛋卷基金: PE=23.1832, PE百分位=33.98%, 估值=high
2026-04-20T10:17:49:   [恒生科技] 完成: price=5068.13, PE=23.1832, PE%=33.98%, temp=11°, src=danjuan-wind
2026-04-20T10:17:49:   [标普500] 完成: price=7126.06, PE=null, PE%=null%, temp=N/A, src=none
2026-04-20T10:17:49:   [纳斯达克100] 完成: price=24468.48, PE=null, PE%=null%, temp=N/A, src=none
2026-04-20T10:17:49:   [上证指数] 完成: price=4071.06, PE=null, PE%=null%, temp=N/A, src=none
2026-04-20T10:17:49: [数据] ===== 全部完成，耗时 0.5s =====
2026-04-20T10:17:49: [缓存] indices 数据获取完成，耗时 0.5s
2026-04-20T10:17:50: [数据] ===== 开始获取所有指数数据 =====
2026-04-20T10:17:50:   [配置] 核心指数: 沪深300, 中证500, 中证红利, 中证红利低波, 中证消费, 科创50, 恒生科技, 标普500, 纳斯达克100
2026-04-20T10:17:50:   [配置] Dashboard额外: 上证指数
2026-04-20T10:17:50:   [行情] 东方财富批量接口获取 9 条
2026-04-20T10:17:50:   [行情] 东方财富缺失 1 个指数(HSTECH), 用腾讯补漏
2026-04-20T10:17:50:   [行情] 腾讯备用源获取 1 条
2026-04-20T10:17:50:   [行情] 腾讯补漏成功: HSTECH
2026-04-20T10:17:50:   [天天基金] 最近连续失败，暂时跳过重试
2026-04-20T10:17:51:   [沪深300] 开始获取数据...
2026-04-20T10:17:51:   [中证500] 开始获取数据...
2026-04-20T10:17:51:   [中证红利] 开始获取数据...
2026-04-20T10:17:51:   [中证红利低波] 开始获取数据...
2026-04-20T10:17:51:   [中证消费] 开始获取数据...
2026-04-20T10:17:51:   [科创50] 开始获取数据...
2026-04-20T10:17:51:   [沪深300] 蛋卷基金: PE=14.4034, PE百分位=89.36%, 估值=high
2026-04-20T10:17:51:   [沪深300] 完成: price=4746.78, PE=14.4034, PE%=89.36%, temp=60°, src=danjuan-wind
2026-04-20T10:17:51:   [中证500] 蛋卷基金: PE=36.4631, PE百分位=85.52%, 估值=high
2026-04-20T10:17:51:   [中证500] 完成: price=8275.92, PE=36.4631, PE%=85.52%, temp=74°, src=danjuan-wind
2026-04-20T10:17:51:   [中证红利] 蛋卷基金: PE=8.6124, PE百分位=80.68%, 估值=high
2026-04-20T10:17:51:   [中证红利] 完成: price=5694.65, PE=8.6124, PE%=80.68%, temp=29°, src=danjuan-wind
2026-04-20T10:17:51:   [中证红利低波] 蛋卷基金: PE=8.4035, PE百分位=77.92%, 估值=high
2026-04-20T10:17:51:   [中证红利低波] 完成: price=11376.96, PE=8.4035, PE%=77.92%, temp=N/A, src=danjuan-wind
2026-04-20T10:17:51:   [中证消费] 蛋卷基金: PE=19.9003, PE百分位=7.92%, 估值=low
2026-04-20T10:17:51:   [中证消费] 完成: price=14253.33, PE=19.9003, PE%=7.92%, temp=0°, src=danjuan-wind
2026-04-20T10:17:51:   [科创50] 蛋卷基金: PE=159.6906, PE百分位=92.33%, 估值=high
2026-04-20T10:17:51:   [科创50] 完成: price=1439.19, PE=159.6906, PE%=92.33%, temp=N/A, src=danjuan-wind
2026-04-20T10:17:51:   [恒生科技] 开始获取数据...
2026-04-20T10:17:51:   [标普500] 开始获取数据...
2026-04-20T10:17:51:   [纳斯达克100] 开始获取数据...
2026-04-20T10:17:51:   [上证指数] 开始获取数据...
2026-04-20T10:17:51:   [恒生科技] 蛋卷基金: PE=23.1832, PE百分位=33.98%, 估值=high
2026-04-20T10:17:51:   [恒生科技] 完成: price=5068.13, PE=23.1832, PE%=33.98%, temp=11°, src=danjuan-wind
2026-04-20T10:17:51:   [标普500] 完成: price=7126.06, PE=null, PE%=null%, temp=N/A, src=none
2026-04-20T10:17:51:   [纳斯达克100] 完成: price=24468.48, PE=null, PE%=null%, temp=N/A, src=none
2026-04-20T10:17:51:   [上证指数] 完成: price=4071.06, PE=null, PE%=null%, temp=N/A, src=none
2026-04-20T10:17:51: [数据] ===== 全部完成，耗时 0.3s =====
2026-04-20T10:17:51: [缓存] indices 数据获取完成，耗时 0.3s
2026-04-20T10:17:53: [数据] ===== 开始获取所有指数数据 =====
2026-04-20T10:17:53:   [配置] 核心指数: 沪深300, 中证500, 中证红利, 中证红利低波, 中证消费, 科创50, 恒生科技, 标普500, 纳斯达克100
2026-04-20T10:17:53:   [配置] Dashboard额外: 上证指数
2026-04-20T10:17:53:   [行情] 东方财富批量接口获取 9 条
2026-04-20T10:17:53:   [行情] 东方财富缺失 1 个指数(HSTECH), 用腾讯补漏
2026-04-20T10:17:53:   [行情] 腾讯备用源获取 1 条
2026-04-20T10:17:53:   [行情] 腾讯补漏成功: HSTECH
2026-04-20T10:17:53:   [天天基金] 最近连续失败，暂时跳过重试
2026-04-20T10:17:53:   [沪深300] 开始获取数据...
2026-04-20T10:17:53:   [中证500] 开始获取数据...
2026-04-20T10:17:53:   [中证红利] 开始获取数据...
2026-04-20T10:17:53:   [中证红利低波] 开始获取数据...
2026-04-20T10:17:53:   [中证消费] 开始获取数据...
2026-04-20T10:17:53:   [科创50] 开始获取数据...
2026-04-20T10:17:53:   [沪深300] 蛋卷基金: PE=14.4034, PE百分位=89.36%, 估值=high
2026-04-20T10:17:53:   [沪深300] 完成: price=4747.06, PE=14.4034, PE%=89.36%, temp=60°, src=danjuan-wind
2026-04-20T10:17:53:   [中证500] 蛋卷基金: PE=36.4631, PE百分位=85.52%, 估值=high
2026-04-20T10:17:53:   [中证500] 完成: price=8275.53, PE=36.4631, PE%=85.52%, temp=74°, src=danjuan-wind
2026-04-20T10:17:53:   [中证红利] 蛋卷基金: PE=8.6124, PE百分位=80.68%, 估值=high
2026-04-20T10:17:53:   [中证红利] 完成: price=5694.65, PE=8.6124, PE%=80.68%, temp=29°, src=danjuan-wind
2026-04-20T10:17:53:   [中证红利低波] 蛋卷基金: PE=8.4035, PE百分位=77.92%, 估值=high
2026-04-20T10:17:53:   [中证红利低波] 完成: price=11376.96, PE=8.4035, PE%=77.92%, temp=N/A, src=danjuan-wind
2026-04-20T10:17:53:   [中证消费] 蛋卷基金: PE=19.9003, PE百分位=7.92%, 估值=low
2026-04-20T10:17:53:   [中证消费] 完成: price=14253.84, PE=19.9003, PE%=7.92%, temp=0°, src=danjuan-wind
2026-04-20T10:17:53:   [科创50] 蛋卷基金: PE=159.6906, PE百分位=92.33%, 估值=high
2026-04-20T10:17:53:   [科创50] 完成: price=1439.61, PE=159.6906, PE%=92.33%, temp=N/A, src=danjuan-wind
2026-04-20T10:17:54:   [恒生科技] 开始获取数据...
2026-04-20T10:17:54:   [标普500] 开始获取数据...
2026-04-20T10:17:54:   [纳斯达克100] 开始获取数据...
2026-04-20T10:17:54:   [上证指数] 开始获取数据...
2026-04-20T10:17:54:   [恒生科技] 蛋卷基金: PE=23.1832, PE百分位=33.98%, 估值=high
2026-04-20T10:17:54:   [恒生科技] 完成: price=5068.25, PE=23.1832, PE%=33.98%, temp=11°, src=danjuan-wind
2026-04-20T10:17:54:   [标普500] 完成: price=7126.06, PE=null, PE%=null%, temp=N/A, src=none
2026-04-20T10:17:54:   [纳斯达克100] 完成: price=24468.48, PE=null, PE%=null%, temp=N/A, src=none
2026-04-20T10:17:54:   [上证指数] 完成: price=4070.98, PE=null, PE%=null%, temp=N/A, src=none
2026-04-20T10:17:54: [数据] ===== 全部完成，耗时 0.3s =====
2026-04-20T10:17:54: [缓存] indices 数据获取完成，耗时 0.3s
2026-04-20T10:17:55: [数据] ===== 开始获取所有指数数据 =====
2026-04-20T10:17:55:   [配置] 核心指数: 沪深300, 中证500, 中证红利, 中证红利低波, 中证消费, 科创50, 恒生科技, 标普500, 纳斯达克100
2026-04-20T10:17:55:   [配置] Dashboard额外: 上证指数
2026-04-20T10:17:55:   [行情] 东方财富批量接口获取 9 条
2026-04-20T10:17:55:   [行情] 东方财富缺失 1 个指数(HSTECH), 用腾讯补漏
2026-04-20T10:17:55:   [行情] 腾讯备用源获取 1 条
2026-04-20T10:17:55:   [行情] 腾讯补漏成功: HSTECH
2026-04-20T10:17:55:   [天天基金] 最近连续失败，暂时跳过重试
2026-04-20T10:17:56:   [沪深300] 开始获取数据...
2026-04-20T10:17:56:   [中证500] 开始获取数据...
2026-04-20T10:17:56:   [中证红利] 开始获取数据...
2026-04-20T10:17:56:   [中证红利低波] 开始获取数据...
2026-04-20T10:17:56:   [中证消费] 开始获取数据...
2026-04-20T10:17:56:   [科创50] 开始获取数据...
2026-04-20T10:17:56:   [沪深300] 蛋卷基金: PE=14.4034, PE百分位=89.36%, 估值=high
2026-04-20T10:17:56:   [沪深300] 完成: price=4747.24, PE=14.4034, PE%=89.36%, temp=60°, src=danjuan-wind
2026-04-20T10:17:56:   [中证500] 蛋卷基金: PE=36.4631, PE百分位=85.52%, 估值=high
2026-04-20T10:17:56:   [中证500] 完成: price=8276.13, PE=36.4631, PE%=85.52%, temp=74°, src=danjuan-wind
2026-04-20T10:17:56:   [中证红利] 蛋卷基金: PE=8.6124, PE百分位=80.68%, 估值=high
2026-04-20T10:17:56:   [中证红利] 完成: price=5695.66, PE=8.6124, PE%=80.68%, temp=29°, src=danjuan-wind
2026-04-20T10:17:56:   [中证红利低波] 蛋卷基金: PE=8.4035, PE百分位=77.92%, 估值=high
2026-04-20T10:17:56:   [中证红利低波] 完成: price=11377.35, PE=8.4035, PE%=77.92%, temp=N/A, src=danjuan-wind
2026-04-20T10:17:56:   [中证消费] 蛋卷基金: PE=19.9003, PE百分位=7.92%, 估值=low
2026-04-20T10:17:56:   [中证消费] 完成: price=14252.36, PE=19.9003, PE%=7.92%, temp=0°, src=danjuan-wind
2026-04-20T10:17:56:   [科创50] 蛋卷基金: PE=159.6906, PE百分位=92.33%, 估值=high
2026-04-20T10:17:56:   [科创50] 完成: price=1439.9, PE=159.6906, PE%=92.33%, temp=N/A, src=danjuan-wind
2026-04-20T10:17:56:   [恒生科技] 开始获取数据...
2026-04-20T10:17:56:   [标普500] 开始获取数据...
2026-04-20T10:17:56:   [纳斯达克100] 开始获取数据...
2026-04-20T10:17:56:   [上证指数] 开始获取数据...
2026-04-20T10:17:56:   [恒生科技] 蛋卷基金: PE=23.1832, PE百分位=33.98%, 估值=high
2026-04-20T10:17:56:   [恒生科技] 完成: price=5068.41, PE=23.1832, PE%=33.98%, temp=11°, src=danjuan-wind
2026-04-20T10:17:56:   [标普500] 完成: price=7126.06, PE=null, PE%=null%, temp=N/A, src=none
2026-04-20T10:17:56:   [纳斯达克100] 完成: price=24468.48, PE=null, PE%=null%, temp=N/A, src=none
2026-04-20T10:17:56:   [上证指数] 完成: price=4071.06, PE=null, PE%=null%, temp=N/A, src=none
2026-04-20T10:17:56: [数据] ===== 全部完成，耗时 0.4s =====
2026-04-20T10:17:56: [缓存] indices 数据获取完成，耗时 0.4s
2026-04-20T10:17:57: [数据] ===== 开始获取所有指数数据 =====
2026-04-20T10:17:57:   [配置] 核心指数: 沪深300, 中证500, 中证红利, 中证红利低波, 中证消费, 科创50, 恒生科技, 标普500, 纳斯达克100
2026-04-20T10:17:57:   [配置] Dashboard额外: 上证指数
2026-04-20T10:17:57:   [行情] 东方财富批量接口获取 9 条
2026-04-20T10:17:57:   [行情] 东方财富缺失 1 个指数(HSTECH), 用腾讯补漏
2026-04-20T10:17:57:   [行情] 腾讯备用源获取 1 条
2026-04-20T10:17:57:   [行情] 腾讯补漏成功: HSTECH
2026-04-20T10:17:57:   [天天基金] 最近连续失败，暂时跳过重试
2026-04-20T10:17:58:   [沪深300] 开始获取数据...
2026-04-20T10:17:58:   [中证500] 开始获取数据...
2026-04-20T10:17:58:   [中证红利] 开始获取数据...
2026-04-20T10:17:58:   [中证红利低波] 开始获取数据...
2026-04-20T10:17:58:   [中证消费] 开始获取数据...
2026-04-20T10:17:58:   [科创50] 开始获取数据...
2026-04-20T10:17:58:   [沪深300] 蛋卷基金: PE=14.4034, PE百分位=89.36%, 估值=high
2026-04-20T10:17:58:   [沪深300] 完成: price=4747.09, PE=14.4034, PE%=89.36%, temp=60°, src=danjuan-wind
2026-04-20T10:17:58:   [中证500] 蛋卷基金: PE=36.4631, PE百分位=85.52%, 估值=high
2026-04-20T10:17:58:   [中证500] 完成: price=8276.36, PE=36.4631, PE%=85.52%, temp=74°, src=danjuan-wind
2026-04-20T10:17:58:   [中证红利] 蛋卷基金: PE=8.6124, PE百分位=80.68%, 估值=high
2026-04-20T10:17:58:   [中证红利] 完成: price=5695.66, PE=8.6124, PE%=80.68%, temp=29°, src=danjuan-wind
2026-04-20T10:17:58:   [中证红利低波] 蛋卷基金: PE=8.4035, PE百分位=77.92%, 估值=high
2026-04-20T10:17:58:   [中证红利低波] 完成: price=11377.35, PE=8.4035, PE%=77.92%, temp=N/A, src=danjuan-wind
2026-04-20T10:17:58:   [中证消费] 蛋卷基金: PE=19.9003, PE百分位=7.92%, 估值=low
2026-04-20T10:17:58:   [中证消费] 完成: price=14251.68, PE=19.9003, PE%=7.92%, temp=0°, src=danjuan-wind
2026-04-20T10:17:58:   [科创50] 蛋卷基金: PE=159.6906, PE百分位=92.33%, 估值=high
2026-04-20T10:17:58:   [科创50] 完成: price=1439.61, PE=159.6906, PE%=92.33%, temp=N/A, src=danjuan-wind
2026-04-20T10:17:58:   [恒生科技] 开始获取数据...
2026-04-20T10:17:58:   [标普500] 开始获取数据...
2026-04-20T10:17:58:   [纳斯达克100] 开始获取数据...
2026-04-20T10:17:58:   [上证指数] 开始获取数据...
2026-04-20T10:17:58:   [恒生科技] 蛋卷基金: PE=23.1832, PE百分位=33.98%, 估值=high
2026-04-20T10:17:58:   [恒生科技] 完成: price=5067.16, PE=23.1832, PE%=33.98%, temp=11°, src=danjuan-wind
2026-04-20T10:17:58:   [标普500] 完成: price=7126.06, PE=null, PE%=null%, temp=N/A, src=none
2026-04-20T10:17:58:   [纳斯达克100] 完成: price=24468.48, PE=null, PE%=null%, temp=N/A, src=none
2026-04-20T10:17:58:   [上证指数] 完成: price=4070.96, PE=null, PE%=null%, temp=N/A, src=none
2026-04-20T10:17:58: [数据] ===== 全部完成，耗时 0.3s =====
2026-04-20T10:17:58: [缓存] indices 数据获取完成，耗时 0.3s
2026-04-20T10:18:00: [数据] ===== 开始获取所有指数数据 =====
2026-04-20T10:18:00:   [配置] 核心指数: 沪深300, 中证500, 中证红利, 中证红利低波, 中证消费, 科创50, 恒生科技, 标普500, 纳斯达克100
2026-04-20T10:18:00:   [配置] Dashboard额外: 上证指数
2026-04-20T10:18:00:   [行情] 东方财富批量接口获取 9 条
2026-04-20T10:18:00:   [行情] 东方财富缺失 1 个指数(HSTECH), 用腾讯补漏
2026-04-20T10:18:00:   [行情] 腾讯备用源获取 1 条
2026-04-20T10:18:00:   [行情] 腾讯补漏成功: HSTECH
2026-04-20T10:18:00:   [天天基金] 最近连续失败，暂时跳过重试
2026-04-20T10:18:01:   [沪深300] 开始获取数据...
2026-04-20T10:18:01:   [中证500] 开始获取数据...
2026-04-20T10:18:01:   [中证红利] 开始获取数据...
2026-04-20T10:18:01:   [中证红利低波] 开始获取数据...
2026-04-20T10:18:01:   [中证消费] 开始获取数据...
2026-04-20T10:18:01:   [科创50] 开始获取数据...
2026-04-20T10:18:01:   [沪深300] 蛋卷基金: PE=14.4034, PE百分位=89.36%, 估值=high
2026-04-20T10:18:01:   [沪深300] 完成: price=4746.89, PE=14.4034, PE%=89.36%, temp=60°, src=danjuan-wind
2026-04-20T10:18:01:   [中证500] 蛋卷基金: PE=36.4631, PE百分位=85.52%, 估值=high
2026-04-20T10:18:01:   [中证500] 完成: price=8275.93, PE=36.4631, PE%=85.52%, temp=74°, src=danjuan-wind
2026-04-20T10:18:01:   [中证红利] 蛋卷基金: PE=8.6124, PE百分位=80.68%, 估值=high
2026-04-20T10:18:01:   [中证红利] 完成: price=5695.54, PE=8.6124, PE%=80.68%, temp=29°, src=danjuan-wind
2026-04-20T10:18:01:   [中证红利低波] 蛋卷基金: PE=8.4035, PE百分位=77.92%, 估值=high
2026-04-20T10:18:01:   [中证红利低波] 完成: price=11378.43, PE=8.4035, PE%=77.92%, temp=N/A, src=danjuan-wind
2026-04-20T10:18:01:   [中证消费] 蛋卷基金: PE=19.9003, PE百分位=7.92%, 估值=low
2026-04-20T10:18:01:   [中证消费] 完成: price=14251.66, PE=19.9003, PE%=7.92%, temp=0°, src=danjuan-wind
2026-04-20T10:18:01:   [科创50] 蛋卷基金: PE=159.6906, PE百分位=92.33%, 估值=high
2026-04-20T10:18:01:   [科创50] 完成: price=1439.7, PE=159.6906, PE%=92.33%, temp=N/A, src=danjuan-wind
2026-04-20T10:18:01:   [恒生科技] 开始获取数据...
2026-04-20T10:18:01:   [标普500] 开始获取数据...
2026-04-20T10:18:01:   [纳斯达克100] 开始获取数据...
2026-04-20T10:18:01:   [上证指数] 开始获取数据...
2026-04-20T10:18:01:   [恒生科技] 蛋卷基金: PE=23.1832, PE百分位=33.98%, 估值=high
2026-04-20T10:18:01:   [恒生科技] 完成: price=5067.22, PE=23.1832, PE%=33.98%, temp=11°, src=danjuan-wind
2026-04-20T10:18:01:   [标普500] 完成: price=7126.06, PE=null, PE%=null%, temp=N/A, src=none
2026-04-20T10:18:01:   [纳斯达克100] 完成: price=24468.48, PE=null, PE%=null%, temp=N/A, src=none
2026-04-20T10:18:01:   [上证指数] 完成: price=4070.85, PE=null, PE%=null%, temp=N/A, src=none
2026-04-20T10:18:01: [数据] ===== 全部完成，耗时 0.3s =====
2026-04-20T10:18:01: [缓存] indices 数据获取完成，耗时 0.3s
2026-04-20T10:18:01:   [行情] 东方财富批量接口获取 8 条
2026-04-20T10:18:01:   [行情] 东方财富缺失 1 个指数(HSTECH), 用腾讯补漏
2026-04-20T10:18:01:   [行情] 腾讯备用源获取 1 条
2026-04-20T10:18:01:   [行情] 腾讯补漏成功: HSTECH
2026-04-20T10:18:01: [缓存] index-quotes 数据获取完成，耗时 0.1s
2026-04-20T10:18:04: [数据] ===== 开始获取所有指数数据 =====
2026-04-20T10:18:04:   [配置] 核心指数: 沪深300, 中证500, 中证红利, 中证红利低波, 中证消费, 科创50, 恒生科技, 标普500, 纳斯达克100
2026-04-20T10:18:04:   [配置] Dashboard额外: 上证指数
2026-04-20T10:18:04:   [行情] 东方财富批量接口获取 9 条
2026-04-20T10:18:04:   [行情] 东方财富缺失 1 个指数(HSTECH), 用腾讯补漏
2026-04-20T10:18:04:   [行情] 腾讯备用源获取 1 条
2026-04-20T10:18:04:   [行情] 腾讯补漏成功: HSTECH
2026-04-20T10:18:04:   [天天基金] 最近连续失败，暂时跳过重试
2026-04-20T10:18:05:   [沪深300] 开始获取数据...
2026-04-20T10:18:05:   [中证500] 开始获取数据...
2026-04-20T10:18:05:   [中证红利] 开始获取数据...
2026-04-20T10:18:05:   [中证红利低波] 开始获取数据...
2026-04-20T10:18:05:   [中证消费] 开始获取数据...
2026-04-20T10:18:05:   [科创50] 开始获取数据...
2026-04-20T10:18:05:   [沪深300] 蛋卷基金: PE=14.4034, PE百分位=89.36%, 估值=high
2026-04-20T10:18:05:   [沪深300] 完成: price=4746.95, PE=14.4034, PE%=89.36%, temp=60°, src=danjuan-wind
2026-04-20T10:18:05:   [中证500] 蛋卷基金: PE=36.4631, PE百分位=85.52%, 估值=high
2026-04-20T10:18:05:   [中证500] 完成: price=8276.5, PE=36.4631, PE%=85.52%, temp=74°, src=danjuan-wind
2026-04-20T10:18:05:   [中证红利] 蛋卷基金: PE=8.6124, PE百分位=80.68%, 估值=high
2026-04-20T10:18:05:   [中证红利] 完成: price=5695.54, PE=8.6124, PE%=80.68%, temp=29°, src=danjuan-wind
2026-04-20T10:18:05:   [中证红利低波] 蛋卷基金: PE=8.4035, PE百分位=77.92%, 估值=high
2026-04-20T10:18:05:   [中证红利低波] 完成: price=11378.43, PE=8.4035, PE%=77.92%, temp=N/A, src=danjuan-wind
2026-04-20T10:18:05:   [中证消费] 蛋卷基金: PE=19.9003, PE百分位=7.92%, 估值=low
2026-04-20T10:18:05:   [中证消费] 完成: price=14251.93, PE=19.9003, PE%=7.92%, temp=0°, src=danjuan-wind
2026-04-20T10:18:05:   [科创50] 蛋卷基金: PE=159.6906, PE百分位=92.33%, 估值=high
2026-04-20T10:18:05:   [科创50] 完成: price=1440.02, PE=159.6906, PE%=92.33%, temp=N/A, src=danjuan-wind
2026-04-20T10:18:05:   [恒生科技] 开始获取数据...
2026-04-20T10:18:05:   [标普500] 开始获取数据...
2026-04-20T10:18:05:   [纳斯达克100] 开始获取数据...
2026-04-20T10:18:05:   [上证指数] 开始获取数据...
2026-04-20T10:18:05:   [恒生科技] 蛋卷基金: PE=23.1832, PE百分位=33.98%, 估值=high
2026-04-20T10:18:05:   [恒生科技] 完成: price=5067.2, PE=23.1832, PE%=33.98%, temp=11°, src=danjuan-wind
2026-04-20T10:18:05:   [标普500] 完成: price=7126.06, PE=null, PE%=null%, temp=N/A, src=none
2026-04-20T10:18:05:   [纳斯达克100] 完成: price=24468.48, PE=null, PE%=null%, temp=N/A, src=none
2026-04-20T10:18:05:   [上证指数] 完成: price=4071.08, PE=null, PE%=null%, temp=N/A, src=none
2026-04-20T10:18:05: [数据] ===== 全部完成，耗时 0.3s =====
2026-04-20T10:18:05: [缓存] indices 数据获取完成，耗时 0.3s
2026-04-20T10:18:07: [数据] ===== 开始获取所有指数数据 =====
2026-04-20T10:18:07:   [配置] 核心指数: 沪深300, 中证500, 中证红利, 中证红利低波, 中证消费, 科创50, 恒生科技, 标普500, 纳斯达克100
2026-04-20T10:18:07:   [配置] Dashboard额外: 上证指数
2026-04-20T10:18:07:   [行情] 东方财富批量接口获取 9 条
2026-04-20T10:18:07:   [行情] 东方财富缺失 1 个指数(HSTECH), 用腾讯补漏
2026-04-20T10:18:07:   [行情] 腾讯备用源获取 1 条
2026-04-20T10:18:07:   [行情] 腾讯补漏成功: HSTECH
2026-04-20T10:18:07:   [天天基金] 最近连续失败，暂时跳过重试
2026-04-20T10:18:08:   [沪深300] 开始获取数据...
2026-04-20T10:18:08:   [中证500] 开始获取数据...
2026-04-20T10:18:08:   [中证红利] 开始获取数据...
2026-04-20T10:18:08:   [中证红利低波] 开始获取数据...
2026-04-20T10:18:08:   [中证消费] 开始获取数据...
2026-04-20T10:18:08:   [科创50] 开始获取数据...
2026-04-20T10:18:08:   [沪深300] 蛋卷基金: PE=14.4034, PE百分位=89.36%, 估值=high
2026-04-20T10:18:08:   [沪深300] 完成: price=4746.83, PE=14.4034, PE%=89.36%, temp=60°, src=danjuan-wind
2026-04-20T10:18:08:   [中证500] 蛋卷基金: PE=36.4631, PE百分位=85.52%, 估值=high
2026-04-20T10:18:08:   [中证500] 完成: price=8276.4, PE=36.4631, PE%=85.52%, temp=74°, src=danjuan-wind
2026-04-20T10:18:08:   [中证红利] 蛋卷基金: PE=8.6124, PE百分位=80.68%, 估值=high
2026-04-20T10:18:08:   [中证红利] 完成: price=5695.41, PE=8.6124, PE%=80.68%, temp=29°, src=danjuan-wind
2026-04-20T10:18:08:   [中证红利低波] 蛋卷基金: PE=8.4035, PE百分位=77.92%, 估值=high
2026-04-20T10:18:08:   [中证红利低波] 完成: price=11378.73, PE=8.4035, PE%=77.92%, temp=N/A, src=danjuan-wind
2026-04-20T10:18:08:   [中证消费] 蛋卷基金: PE=19.9003, PE百分位=7.92%, 估值=low
2026-04-20T10:18:08:   [中证消费] 完成: price=14251.21, PE=19.9003, PE%=7.92%, temp=0°, src=danjuan-wind
2026-04-20T10:18:08:   [科创50] 蛋卷基金: PE=159.6906, PE百分位=92.33%, 估值=high
2026-04-20T10:18:08:   [科创50] 完成: price=1440.04, PE=159.6906, PE%=92.33%, temp=N/A, src=danjuan-wind
2026-04-20T10:18:08:   [恒生科技] 开始获取数据...
2026-04-20T10:18:08:   [标普500] 开始获取数据...
2026-04-20T10:18:08:   [纳斯达克100] 开始获取数据...
2026-04-20T10:18:08:   [上证指数] 开始获取数据...
2026-04-20T10:18:08:   [恒生科技] 蛋卷基金: PE=23.1832, PE百分位=33.98%, 估值=high
2026-04-20T10:18:08:   [恒生科技] 完成: price=5067.1, PE=23.1832, PE%=33.98%, temp=11°, src=danjuan-wind
2026-04-20T10:18:08:   [标普500] 完成: price=7126.06, PE=null, PE%=null%, temp=N/A, src=none
2026-04-20T10:18:08:   [纳斯达克100] 完成: price=24468.48, PE=null, PE%=null%, temp=N/A, src=none
2026-04-20T10:18:08:   [上证指数] 完成: price=4071.37, PE=null, PE%=null%, temp=N/A, src=none
2026-04-20T10:18:08: [数据] ===== 全部完成，耗时 0.4s =====
2026-04-20T10:18:08: [缓存] indices 数据获取完成，耗时 0.4s
2026-04-20T10:18:10: [数据] ===== 开始获取所有指数数据 =====
2026-04-20T10:18:10:   [配置] 核心指数: 沪深300, 中证500, 中证红利, 中证红利低波, 中证消费, 科创50, 恒生科技, 标普500, 纳斯达克100
2026-04-20T10:18:10:   [配置] Dashboard额外: 上证指数
2026-04-20T10:18:10:   [行情] 东方财富批量接口获取 9 条
2026-04-20T10:18:10:   [行情] 东方财富缺失 1 个指数(HSTECH), 用腾讯补漏
2026-04-20T10:18:10:   [行情] 腾讯备用源获取 1 条
2026-04-20T10:18:10:   [行情] 腾讯补漏成功: HSTECH
2026-04-20T10:18:10:   [天天基金] 最近连续失败，暂时跳过重试
2026-04-20T10:18:11:   [沪深300] 开始获取数据...
2026-04-20T10:18:11:   [中证500] 开始获取数据...
2026-04-20T10:18:11:   [中证红利] 开始获取数据...
2026-04-20T10:18:11:   [中证红利低波] 开始获取数据...
2026-04-20T10:18:11:   [中证消费] 开始获取数据...
2026-04-20T10:18:11:   [科创50] 开始获取数据...
2026-04-20T10:18:11:   [沪深300] 蛋卷基金: PE=14.4034, PE百分位=89.36%, 估值=high
2026-04-20T10:18:11:   [沪深300] 完成: price=4746.95, PE=14.4034, PE%=89.36%, temp=60°, src=danjuan-wind
2026-04-20T10:18:11:   [中证500] 蛋卷基金: PE=36.4631, PE百分位=85.52%, 估值=high
2026-04-20T10:18:11:   [中证500] 完成: price=8276.7, PE=36.4631, PE%=85.52%, temp=74°, src=danjuan-wind
2026-04-20T10:18:11:   [中证红利] 蛋卷基金: PE=8.6124, PE百分位=80.68%, 估值=high
2026-04-20T10:18:11:   [中证红利] 完成: price=5696.13, PE=8.6124, PE%=80.68%, temp=29°, src=danjuan-wind
2026-04-20T10:18:11:   [中证红利低波] 蛋卷基金: PE=8.4035, PE百分位=77.92%, 估值=high
2026-04-20T10:18:11:   [中证红利低波] 完成: price=11381.25, PE=8.4035, PE%=77.92%, temp=N/A, src=danjuan-wind
2026-04-20T10:18:11:   [中证消费] 蛋卷基金: PE=19.9003, PE百分位=7.92%, 估值=low
2026-04-20T10:18:11:   [中证消费] 完成: price=14251.27, PE=19.9003, PE%=7.92%, temp=0°, src=danjuan-wind
2026-04-20T10:18:11:   [科创50] 蛋卷基金: PE=159.6906, PE百分位=92.33%, 估值=high
2026-04-20T10:18:11:   [科创50] 完成: price=1439.82, PE=159.6906, PE%=92.33%, temp=N/A, src=danjuan-wind
2026-04-20T10:18:11:   [恒生科技] 开始获取数据...
2026-04-20T10:18:11:   [标普500] 开始获取数据...
2026-04-20T10:18:11:   [纳斯达克100] 开始获取数据...
2026-04-20T10:18:11:   [上证指数] 开始获取数据...
2026-04-20T10:18:11:   [恒生科技] 蛋卷基金: PE=23.1832, PE百分位=33.98%, 估值=high
2026-04-20T10:18:11:   [恒生科技] 完成: price=5066.32, PE=23.1832, PE%=33.98%, temp=11°, src=danjuan-wind
2026-04-20T10:18:11:   [标普500] 完成: price=7126.06, PE=null, PE%=null%, temp=N/A, src=none
2026-04-20T10:18:11:   [纳斯达克100] 完成: price=24468.48, PE=null, PE%=null%, temp=N/A, src=none
2026-04-20T10:18:11:   [上证指数] 完成: price=4071.57, PE=null, PE%=null%, temp=N/A, src=none
2026-04-20T10:18:11: [数据] ===== 全部完成，耗时 0.9s =====
2026-04-20T10:18:11: [缓存] indices 数据获取完成，耗时 0.9s
2026-04-20T10:18:13: [数据] ===== 开始获取所有指数数据 =====
2026-04-20T10:18:13:   [配置] 核心指数: 沪深300, 中证500, 中证红利, 中证红利低波, 中证消费, 科创50, 恒生科技, 标普500, 纳斯达克100
2026-04-20T10:18:13:   [配置] Dashboard额外: 上证指数
2026-04-20T10:18:13:   [行情] 东方财富批量接口获取 9 条
2026-04-20T10:18:13:   [行情] 东方财富缺失 1 个指数(HSTECH), 用腾讯补漏
2026-04-20T10:18:13:   [行情] 腾讯备用源获取 1 条
2026-04-20T10:18:13:   [行情] 腾讯补漏成功: HSTECH
2026-04-20T10:18:13:   [天天基金] 最近连续失败，暂时跳过重试
2026-04-20T10:18:14:   [沪深300] 开始获取数据...
2026-04-20T10:18:14:   [中证500] 开始获取数据...
2026-04-20T10:18:14:   [中证红利] 开始获取数据...
2026-04-20T10:18:14:   [中证红利低波] 开始获取数据...
2026-04-20T10:18:14:   [中证消费] 开始获取数据...
2026-04-20T10:18:14:   [科创50] 开始获取数据...
2026-04-20T10:18:14:   [沪深300] 蛋卷基金: PE=14.4034, PE百分位=89.36%, 估值=high
2026-04-20T10:18:14:   [沪深300] 完成: price=4747.15, PE=14.4034, PE%=89.36%, temp=60°, src=danjuan-wind
2026-04-20T10:18:14:   [中证500] 蛋卷基金: PE=36.4631, PE百分位=85.52%, 估值=high
2026-04-20T10:18:14:   [中证500] 完成: price=8277.06, PE=36.4631, PE%=85.52%, temp=74°, src=danjuan-wind
2026-04-20T10:18:14:   [中证红利] 蛋卷基金: PE=8.6124, PE百分位=80.68%, 估值=high
2026-04-20T10:18:14:   [中证红利] 完成: price=5696.13, PE=8.6124, PE%=80.68%, temp=29°, src=danjuan-wind
2026-04-20T10:18:14:   [中证红利低波] 蛋卷基金: PE=8.4035, PE百分位=77.92%, 估值=high
2026-04-20T10:18:14:   [中证红利低波] 完成: price=11381.25, PE=8.4035, PE%=77.92%, temp=N/A, src=danjuan-wind
2026-04-20T10:18:14:   [中证消费] 蛋卷基金: PE=19.9003, PE百分位=7.92%, 估值=low
2026-04-20T10:18:14:   [中证消费] 完成: price=14251.22, PE=19.9003, PE%=7.92%, temp=0°, src=danjuan-wind
2026-04-20T10:18:14:   [科创50] 蛋卷基金: PE=159.6906, PE百分位=92.33%, 估值=high
2026-04-20T10:18:14:   [科创50] 完成: price=1440.07, PE=159.6906, PE%=92.33%, temp=N/A, src=danjuan-wind
2026-04-20T10:18:14:   [恒生科技] 开始获取数据...
2026-04-20T10:18:14:   [标普500] 开始获取数据...
2026-04-20T10:18:14:   [纳斯达克100] 开始获取数据...
2026-04-20T10:18:14:   [上证指数] 开始获取数据...
2026-04-20T10:18:14:   [恒生科技] 蛋卷基金: PE=23.1832, PE百分位=33.98%, 估值=high
2026-04-20T10:18:14:   [恒生科技] 完成: price=5067.07, PE=23.1832, PE%=33.98%, temp=11°, src=danjuan-wind
2026-04-20T10:18:14:   [标普500] 完成: price=7126.06, PE=null, PE%=null%, temp=N/A, src=none
2026-04-20T10:18:14:   [纳斯达克100] 完成: price=24468.48, PE=null, PE%=null%, temp=N/A, src=none
2026-04-20T10:18:14:   [上证指数] 完成: price=4071.58, PE=null, PE%=null%, temp=N/A, src=none
2026-04-20T10:18:14: [数据] ===== 全部完成，耗时 0.4s =====
2026-04-20T10:18:14: [缓存] indices 数据获取完成，耗时 0.4s
2026-04-20T10:18:16: [数据] ===== 开始获取所有指数数据 =====
2026-04-20T10:18:16:   [配置] 核心指数: 沪深300, 中证500, 中证红利, 中证红利低波, 中证消费, 科创50, 恒生科技, 标普500, 纳斯达克100
2026-04-20T10:18:16:   [配置] Dashboard额外: 上证指数
2026-04-20T10:18:16:   [行情] 东方财富批量接口获取 9 条
2026-04-20T10:18:16:   [行情] 东方财富缺失 1 个指数(HSTECH), 用腾讯补漏
2026-04-20T10:18:16:   [行情] 腾讯备用源获取 1 条
2026-04-20T10:18:16:   [行情] 腾讯补漏成功: HSTECH
2026-04-20T10:18:16:   [天天基金] 最近连续失败，暂时跳过重试
2026-04-20T10:18:17:   [沪深300] 开始获取数据...
2026-04-20T10:18:17:   [中证500] 开始获取数据...
2026-04-20T10:18:17:   [中证红利] 开始获取数据...
2026-04-20T10:18:17:   [中证红利低波] 开始获取数据...
2026-04-20T10:18:17:   [中证消费] 开始获取数据...
2026-04-20T10:18:17:   [科创50] 开始获取数据...
2026-04-20T10:18:17:   [沪深300] 蛋卷基金: PE=14.4034, PE百分位=89.36%, 估值=high
2026-04-20T10:18:17:   [沪深300] 完成: price=4747.39, PE=14.4034, PE%=89.36%, temp=60°, src=danjuan-wind
2026-04-20T10:18:17:   [中证500] 蛋卷基金: PE=36.4631, PE百分位=85.52%, 估值=high
2026-04-20T10:18:17:   [中证500] 完成: price=8277.9, PE=36.4631, PE%=85.52%, temp=74°, src=danjuan-wind
2026-04-20T10:18:17:   [中证红利] 蛋卷基金: PE=8.6124, PE百分位=80.68%, 估值=high
2026-04-20T10:18:17:   [中证红利] 完成: price=5695.52, PE=8.6124, PE%=80.68%, temp=29°, src=danjuan-wind
2026-04-20T10:18:17:   [中证红利低波] 蛋卷基金: PE=8.4035, PE百分位=77.92%, 估值=high
2026-04-20T10:18:17:   [中证红利低波] 完成: price=11380.13, PE=8.4035, PE%=77.92%, temp=N/A, src=danjuan-wind
2026-04-20T10:18:17:   [中证消费] 蛋卷基金: PE=19.9003, PE百分位=7.92%, 估值=low
2026-04-20T10:18:17:   [中证消费] 完成: price=14250.77, PE=19.9003, PE%=7.92%, temp=0°, src=danjuan-wind
2026-04-20T10:18:17:   [科创50] 蛋卷基金: PE=159.6906, PE百分位=92.33%, 估值=high
2026-04-20T10:18:17:   [科创50] 完成: price=1440.31, PE=159.6906, PE%=92.33%, temp=N/A, src=danjuan-wind
2026-04-20T10:18:17:   [恒生科技] 开始获取数据...
2026-04-20T10:18:17:   [标普500] 开始获取数据...
2026-04-20T10:18:17:   [纳斯达克100] 开始获取数据...
2026-04-20T10:18:17:   [上证指数] 开始获取数据...
2026-04-20T10:18:17:   [恒生科技] 蛋卷基金: PE=23.1832, PE百分位=33.98%, 估值=high
2026-04-20T10:18:17:   [恒生科技] 完成: price=5066.26, PE=23.1832, PE%=33.98%, temp=11°, src=danjuan-wind
2026-04-20T10:18:17:   [标普500] 完成: price=7126.06, PE=null, PE%=null%, temp=N/A, src=none
2026-04-20T10:18:17:   [纳斯达克100] 完成: price=24468.48, PE=null, PE%=null%, temp=N/A, src=none
2026-04-20T10:18:17:   [上证指数] 完成: price=4071.73, PE=null, PE%=null%, temp=N/A, src=none
2026-04-20T10:18:17: [数据] ===== 全部完成，耗时 0.3s =====
2026-04-20T10:18:17: [缓存] indices 数据获取完成，耗时 0.3s
2026-04-20T10:18:20: [数据] ===== 开始获取所有指数数据 =====
2026-04-20T10:18:20:   [配置] 核心指数: 沪深300, 中证500, 中证红利, 中证红利低波, 中证消费, 科创50, 恒生科技, 标普500, 纳斯达克100
2026-04-20T10:18:20:   [配置] Dashboard额外: 上证指数
2026-04-20T10:18:20:   [行情] 东方财富批量接口获取 9 条
2026-04-20T10:18:20:   [行情] 东方财富缺失 1 个指数(HSTECH), 用腾讯补漏
2026-04-20T10:18:20:   [行情] 腾讯备用源获取 1 条
2026-04-20T10:18:20:   [行情] 腾讯补漏成功: HSTECH
2026-04-20T10:18:20:   [天天基金] 最近连续失败，暂时跳过重试
2026-04-20T10:18:21:   [沪深300] 开始获取数据...
2026-04-20T10:18:21:   [中证500] 开始获取数据...
2026-04-20T10:18:21:   [中证红利] 开始获取数据...
2026-04-20T10:18:21:   [中证红利低波] 开始获取数据...
2026-04-20T10:18:21:   [中证消费] 开始获取数据...
2026-04-20T10:18:21:   [科创50] 开始获取数据...
2026-04-20T10:18:21:   [沪深300] 蛋卷基金: PE=14.4034, PE百分位=89.36%, 估值=high
2026-04-20T10:18:21:   [沪深300] 完成: price=4747.63, PE=14.4034, PE%=89.36%, temp=60°, src=danjuan-wind
2026-04-20T10:18:21:   [中证500] 蛋卷基金: PE=36.4631, PE百分位=85.52%, 估值=high
2026-04-20T10:18:21:   [中证500] 完成: price=8278.03, PE=36.4631, PE%=85.52%, temp=74°, src=danjuan-wind
2026-04-20T10:18:21:   [中证红利] 蛋卷基金: PE=8.6124, PE百分位=80.68%, 估值=high
2026-04-20T10:18:21:   [中证红利] 完成: price=5695.91, PE=8.6124, PE%=80.68%, temp=29°, src=danjuan-wind
2026-04-20T10:18:21:   [中证红利低波] 蛋卷基金: PE=8.4035, PE百分位=77.92%, 估值=high
2026-04-20T10:18:21:   [中证红利低波] 完成: price=11380.86, PE=8.4035, PE%=77.92%, temp=N/A, src=danjuan-wind
2026-04-20T10:18:21:   [中证消费] 蛋卷基金: PE=19.9003, PE百分位=7.92%, 估值=low
2026-04-20T10:18:21:   [中证消费] 完成: price=14248.81, PE=19.9003, PE%=7.92%, temp=0°, src=danjuan-wind
2026-04-20T10:18:21:   [科创50] 蛋卷基金: PE=159.6906, PE百分位=92.33%, 估值=high
2026-04-20T10:18:21:   [科创50] 完成: price=1440.67, PE=159.6906, PE%=92.33%, temp=N/A, src=danjuan-wind
2026-04-20T10:18:21:   [恒生科技] 开始获取数据...
2026-04-20T10:18:21:   [标普500] 开始获取数据...
2026-04-20T10:18:21:   [纳斯达克100] 开始获取数据...
2026-04-20T10:18:21:   [上证指数] 开始获取数据...
2026-04-20T10:18:21:   [恒生科技] 蛋卷基金: PE=23.1832, PE百分位=33.98%, 估值=high
2026-04-20T10:18:21:   [恒生科技] 完成: price=5066.26, PE=23.1832, PE%=33.98%, temp=11°, src=danjuan-wind
2026-04-20T10:18:21:   [标普500] 完成: price=7126.06, PE=null, PE%=null%, temp=N/A, src=none
2026-04-20T10:18:21:   [纳斯达克100] 完成: price=24468.48, PE=null, PE%=null%, temp=N/A, src=none
2026-04-20T10:18:21:   [上证指数] 完成: price=4071.95, PE=null, PE%=null%, temp=N/A, src=none
2026-04-20T10:18:21: [数据] ===== 全部完成，耗时 0.9s =====
2026-04-20T10:18:21: [缓存] indices 数据获取完成，耗时 0.9s
2026-04-20T10:18:23: [数据] ===== 开始获取所有指数数据 =====
2026-04-20T10:18:23:   [配置] 核心指数: 沪深300, 中证500, 中证红利, 中证红利低波, 中证消费, 科创50, 恒生科技, 标普500, 纳斯达克100
2026-04-20T10:18:23:   [配置] Dashboard额外: 上证指数
2026-04-20T10:18:23:   [行情] 东方财富批量接口获取 9 条
2026-04-20T10:18:23:   [行情] 东方财富缺失 1 个指数(HSTECH), 用腾讯补漏
2026-04-20T10:18:23:   [行情] 腾讯备用源获取 1 条
2026-04-20T10:18:23:   [行情] 腾讯补漏成功: HSTECH
2026-04-20T10:18:23:   [天天基金] 最近连续失败，暂时跳过重试
2026-04-20T10:18:24:   [沪深300] 开始获取数据...
2026-04-20T10:18:24:   [中证500] 开始获取数据...
2026-04-20T10:18:24:   [中证红利] 开始获取数据...
2026-04-20T10:18:24:   [中证红利低波] 开始获取数据...
2026-04-20T10:18:24:   [中证消费] 开始获取数据...
2026-04-20T10:18:24:   [科创50] 开始获取数据...
2026-04-20T10:18:24:   [沪深300] 蛋卷基金: PE=14.4034, PE百分位=89.36%, 估值=high
2026-04-20T10:18:24:   [沪深300] 完成: price=4747.7, PE=14.4034, PE%=89.36%, temp=60°, src=danjuan-wind
2026-04-20T10:18:24:   [中证500] 蛋卷基金: PE=36.4631, PE百分位=85.52%, 估值=high
2026-04-20T10:18:24:   [中证500] 完成: price=8278.5, PE=36.4631, PE%=85.52%, temp=74°, src=danjuan-wind
2026-04-20T10:18:24:   [中证红利] 蛋卷基金: PE=8.6124, PE百分位=80.68%, 估值=high
2026-04-20T10:18:24:   [中证红利] 完成: price=5695.91, PE=8.6124, PE%=80.68%, temp=29°, src=danjuan-wind
2026-04-20T10:18:24:   [中证红利低波] 蛋卷基金: PE=8.4035, PE百分位=77.92%, 估值=high
2026-04-20T10:18:24:   [中证红利低波] 完成: price=11380.86, PE=8.4035, PE%=77.92%, temp=N/A, src=danjuan-wind
2026-04-20T10:18:24:   [中证消费] 蛋卷基金: PE=19.9003, PE百分位=7.92%, 估值=low
2026-04-20T10:18:24:   [中证消费] 完成: price=14251.72, PE=19.9003, PE%=7.92%, temp=0°, src=danjuan-wind
2026-04-20T10:18:24:   [科创50] 蛋卷基金: PE=159.6906, PE百分位=92.33%, 估值=high
2026-04-20T10:18:24:   [科创50] 完成: price=1440.75, PE=159.6906, PE%=92.33%, temp=N/A, src=danjuan-wind
2026-04-20T10:18:24:   [恒生科技] 开始获取数据...
2026-04-20T10:18:24:   [标普500] 开始获取数据...
2026-04-20T10:18:24:   [纳斯达克100] 开始获取数据...
2026-04-20T10:18:24:   [上证指数] 开始获取数据...
2026-04-20T10:18:24:   [恒生科技] 蛋卷基金: PE=23.1832, PE百分位=33.98%, 估值=high
2026-04-20T10:18:24:   [恒生科技] 完成: price=5067.08, PE=23.1832, PE%=33.98%, temp=11°, src=danjuan-wind
2026-04-20T10:18:24:   [标普500] 完成: price=7126.06, PE=null, PE%=null%, temp=N/A, src=none
2026-04-20T10:18:24:   [纳斯达克100] 完成: price=24468.48, PE=null, PE%=null%, temp=N/A, src=none
2026-04-20T10:18:24:   [上证指数] 完成: price=4071.96, PE=null, PE%=null%, temp=N/A, src=none
2026-04-20T10:18:24: [数据] ===== 全部完成，耗时 1.2s =====
2026-04-20T10:18:24: [缓存] indices 数据获取完成，耗时 1.2s
2026-04-20T10:18:26: [数据] ===== 开始获取所有指数数据 =====
2026-04-20T10:18:26:   [配置] 核心指数: 沪深300, 中证500, 中证红利, 中证红利低波, 中证消费, 科创50, 恒生科技, 标普500, 纳斯达克100
2026-04-20T10:18:26:   [配置] Dashboard额外: 上证指数
2026-04-20T10:18:26:   [行情] 东方财富批量接口获取 9 条
2026-04-20T10:18:26:   [行情] 东方财富缺失 1 个指数(HSTECH), 用腾讯补漏
2026-04-20T10:18:26:   [行情] 腾讯备用源获取 1 条
2026-04-20T10:18:26:   [行情] 腾讯补漏成功: HSTECH
2026-04-20T10:18:26:   [天天基金] 最近连续失败，暂时跳过重试
2026-04-20T10:18:27:   [沪深300] 开始获取数据...
2026-04-20T10:18:27:   [中证500] 开始获取数据...
2026-04-20T10:18:27:   [中证红利] 开始获取数据...
2026-04-20T10:18:27:   [中证红利低波] 开始获取数据...
2026-04-20T10:18:27:   [中证消费] 开始获取数据...
2026-04-20T10:18:27:   [科创50] 开始获取数据...
2026-04-20T10:18:27:   [沪深300] 蛋卷基金: PE=14.4034, PE百分位=89.36%, 估值=high
2026-04-20T10:18:27:   [沪深300] 完成: price=4747.45, PE=14.4034, PE%=89.36%, temp=60°, src=danjuan-wind
2026-04-20T10:18:27:   [中证500] 蛋卷基金: PE=36.4631, PE百分位=85.52%, 估值=high
2026-04-20T10:18:27:   [中证500] 完成: price=8277.86, PE=36.4631, PE%=85.52%, temp=74°, src=danjuan-wind
2026-04-20T10:18:27:   [中证红利] 蛋卷基金: PE=8.6124, PE百分位=80.68%, 估值=high
2026-04-20T10:18:27:   [中证红利] 完成: price=5696.51, PE=8.6124, PE%=80.68%, temp=29°, src=danjuan-wind
2026-04-20T10:18:27:   [中证红利低波] 蛋卷基金: PE=8.4035, PE百分位=77.92%, 估值=high
2026-04-20T10:18:27:   [中证红利低波] 完成: price=11379.78, PE=8.4035, PE%=77.92%, temp=N/A, src=danjuan-wind
2026-04-20T10:18:27:   [中证消费] 蛋卷基金: PE=19.9003, PE百分位=7.92%, 估值=low
2026-04-20T10:18:27:   [中证消费] 完成: price=14250.58, PE=19.9003, PE%=7.92%, temp=0°, src=danjuan-wind
2026-04-20T10:18:27:   [科创50] 蛋卷基金: PE=159.6906, PE百分位=92.33%, 估值=high
2026-04-20T10:18:27:   [科创50] 完成: price=1440.73, PE=159.6906, PE%=92.33%, temp=N/A, src=danjuan-wind
2026-04-20T10:18:27:   [恒生科技] 开始获取数据...
2026-04-20T10:18:27:   [标普500] 开始获取数据...
2026-04-20T10:18:27:   [纳斯达克100] 开始获取数据...
2026-04-20T10:18:27:   [上证指数] 开始获取数据...
2026-04-20T10:18:27:   [恒生科技] 蛋卷基金: PE=23.1832, PE百分位=33.98%, 估值=high
2026-04-20T10:18:27:   [恒生科技] 完成: price=5066.88, PE=23.1832, PE%=33.98%, temp=11°, src=danjuan-wind
2026-04-20T10:18:27:   [标普500] 完成: price=7126.06, PE=null, PE%=null%, temp=N/A, src=none
2026-04-20T10:18:27:   [纳斯达克100] 完成: price=24468.48, PE=null, PE%=null%, temp=N/A, src=none
2026-04-20T10:18:27:   [上证指数] 完成: price=4071.68, PE=null, PE%=null%, temp=N/A, src=none
2026-04-20T10:18:27: [数据] ===== 全部完成，耗时 0.7s =====
2026-04-20T10:18:27: [缓存] indices 数据获取完成，耗时 0.7s
2026-04-20T10:18:29: [数据] ===== 开始获取所有指数数据 =====
2026-04-20T10:18:29:   [配置] 核心指数: 沪深300, 中证500, 中证红利, 中证红利低波, 中证消费, 科创50, 恒生科技, 标普500, 纳斯达克100
2026-04-20T10:18:29:   [配置] Dashboard额外: 上证指数
2026-04-20T10:18:29:   [行情] 东方财富批量接口获取 9 条
2026-04-20T10:18:29:   [行情] 东方财富缺失 1 个指数(HSTECH), 用腾讯补漏
2026-04-20T10:18:29:   [行情] 腾讯备用源获取 1 条
2026-04-20T10:18:29:   [行情] 腾讯补漏成功: HSTECH
2026-04-20T10:18:29:   [天天基金] 最近连续失败，暂时跳过重试
2026-04-20T10:18:30:   [沪深300] 开始获取数据...
2026-04-20T10:18:30:   [中证500] 开始获取数据...
2026-04-20T10:18:30:   [中证红利] 开始获取数据...
2026-04-20T10:18:30:   [中证红利低波] 开始获取数据...
2026-04-20T10:18:30:   [中证消费] 开始获取数据...
2026-04-20T10:18:30:   [科创50] 开始获取数据...
2026-04-20T10:18:30:   [沪深300] 蛋卷基金: PE=14.4034, PE百分位=89.36%, 估值=high
2026-04-20T10:18:30:   [沪深300] 完成: price=4747.48, PE=14.4034, PE%=89.36%, temp=60°, src=danjuan-wind
2026-04-20T10:18:30:   [中证500] 蛋卷基金: PE=36.4631, PE百分位=85.52%, 估值=high
2026-04-20T10:18:30:   [中证500] 完成: price=8277.92, PE=36.4631, PE%=85.52%, temp=74°, src=danjuan-wind
2026-04-20T10:18:30:   [中证红利] 蛋卷基金: PE=8.6124, PE百分位=80.68%, 估值=high
2026-04-20T10:18:30:   [中证红利] 完成: price=5696.51, PE=8.6124, PE%=80.68%, temp=29°, src=danjuan-wind
2026-04-20T10:18:30:   [中证红利低波] 蛋卷基金: PE=8.4035, PE百分位=77.92%, 估值=high
2026-04-20T10:18:30:   [中证红利低波] 完成: price=11379.78, PE=8.4035, PE%=77.92%, temp=N/A, src=danjuan-wind
2026-04-20T10:18:30:   [中证消费] 蛋卷基金: PE=19.9003, PE百分位=7.92%, 估值=low
2026-04-20T10:18:30:   [中证消费] 完成: price=14251.63, PE=19.9003, PE%=7.92%, temp=0°, src=danjuan-wind
2026-04-20T10:18:30:   [科创50] 蛋卷基金: PE=159.6906, PE百分位=92.33%, 估值=high
2026-04-20T10:18:30:   [科创50] 完成: price=1440.63, PE=159.6906, PE%=92.33%, temp=N/A, src=danjuan-wind
2026-04-20T10:18:30:   [恒生科技] 开始获取数据...
2026-04-20T10:18:30:   [标普500] 开始获取数据...
2026-04-20T10:18:30:   [纳斯达克100] 开始获取数据...
2026-04-20T10:18:30:   [上证指数] 开始获取数据...
2026-04-20T10:18:30:   [恒生科技] 蛋卷基金: PE=23.1832, PE百分位=33.98%, 估值=high
2026-04-20T10:18:30:   [恒生科技] 完成: price=5066.37, PE=23.1832, PE%=33.98%, temp=11°, src=danjuan-wind
2026-04-20T10:18:30:   [标普500] 完成: price=7126.06, PE=null, PE%=null%, temp=N/A, src=none
2026-04-20T10:18:30:   [纳斯达克100] 完成: price=24468.48, PE=null, PE%=null%, temp=N/A, src=none
2026-04-20T10:18:30:   [上证指数] 完成: price=4071.48, PE=null, PE%=null%, temp=N/A, src=none
2026-04-20T10:18:30: [数据] ===== 全部完成，耗时 0.9s =====
2026-04-20T10:18:30: [缓存] indices 数据获取完成，耗时 0.9s
2026-04-20T10:18:32: [数据] ===== 开始获取所有指数数据 =====
2026-04-20T10:18:32:   [配置] 核心指数: 沪深300, 中证500, 中证红利, 中证红利低波, 中证消费, 科创50, 恒生科技, 标普500, 纳斯达克100
2026-04-20T10:18:32:   [配置] Dashboard额外: 上证指数
2026-04-20T10:18:32:   [行情] 东方财富批量接口获取 9 条
2026-04-20T10:18:32:   [行情] 东方财富缺失 1 个指数(HSTECH), 用腾讯补漏
2026-04-20T10:18:32:   [行情] 腾讯备用源获取 1 条
2026-04-20T10:18:32:   [行情] 腾讯补漏成功: HSTECH
2026-04-20T10:18:32:   [天天基金] 最近连续失败，暂时跳过重试
2026-04-20T10:18:33:   [沪深300] 开始获取数据...
2026-04-20T10:18:33:   [中证500] 开始获取数据...
2026-04-20T10:18:33:   [中证红利] 开始获取数据...
2026-04-20T10:18:33:   [中证红利低波] 开始获取数据...
2026-04-20T10:18:33:   [中证消费] 开始获取数据...
2026-04-20T10:18:33:   [科创50] 开始获取数据...
2026-04-20T10:18:33:   [沪深300] 蛋卷基金: PE=14.4034, PE百分位=89.36%, 估值=high
2026-04-20T10:18:33:   [沪深300] 完成: price=4747.49, PE=14.4034, PE%=89.36%, temp=60°, src=danjuan-wind
2026-04-20T10:18:33:   [中证500] 蛋卷基金: PE=36.4631, PE百分位=85.52%, 估值=high
2026-04-20T10:18:33:   [中证500] 完成: price=8277.94, PE=36.4631, PE%=85.52%, temp=74°, src=danjuan-wind
2026-04-20T10:18:33:   [中证红利] 蛋卷基金: PE=8.6124, PE百分位=80.68%, 估值=high
2026-04-20T10:18:33:   [中证红利] 完成: price=5695.89, PE=8.6124, PE%=80.68%, temp=29°, src=danjuan-wind
2026-04-20T10:18:33:   [中证红利低波] 蛋卷基金: PE=8.4035, PE百分位=77.92%, 估值=high
2026-04-20T10:18:33:   [中证红利低波] 完成: price=11378.61, PE=8.4035, PE%=77.92%, temp=N/A, src=danjuan-wind
2026-04-20T10:18:33:   [中证消费] 蛋卷基金: PE=19.9003, PE百分位=7.92%, 估值=low
2026-04-20T10:18:33:   [中证消费] 完成: price=14250.84, PE=19.9003, PE%=7.92%, temp=0°, src=danjuan-wind
2026-04-20T10:18:33:   [科创50] 蛋卷基金: PE=159.6906, PE百分位=92.33%, 估值=high
2026-04-20T10:18:33:   [科创50] 完成: price=1440.64, PE=159.6906, PE%=92.33%, temp=N/A, src=danjuan-wind
2026-04-20T10:18:33:   [恒生科技] 开始获取数据...
2026-04-20T10:18:33:   [标普500] 开始获取数据...
2026-04-20T10:18:33:   [纳斯达克100] 开始获取数据...
2026-04-20T10:18:33:   [上证指数] 开始获取数据...
2026-04-20T10:18:33:   [恒生科技] 蛋卷基金: PE=23.1832, PE百分位=33.98%, 估值=high
2026-04-20T10:18:33:   [恒生科技] 完成: price=5066.22, PE=23.1832, PE%=33.98%, temp=11°, src=danjuan-wind
2026-04-20T10:18:33:   [标普500] 完成: price=7126.06, PE=null, PE%=null%, temp=N/A, src=none
2026-04-20T10:18:33:   [纳斯达克100] 完成: price=24468.48, PE=null, PE%=null%, temp=N/A, src=none
2026-04-20T10:18:33:   [上证指数] 完成: price=4071.69, PE=null, PE%=null%, temp=N/A, src=none
2026-04-20T10:18:33: [数据] ===== 全部完成，耗时 0.6s =====
2026-04-20T10:18:33: [缓存] indices 数据获取完成，耗时 0.6s
2026-04-20T10:18:33:   [行情] 东方财富批量接口获取 8 条
2026-04-20T10:18:33:   [行情] 东方财富缺失 1 个指数(HSTECH), 用腾讯补漏
2026-04-20T10:18:33:   [行情] 腾讯备用源获取 1 条
2026-04-20T10:18:33:   [行情] 腾讯补漏成功: HSTECH
2026-04-20T10:18:33: [缓存] index-quotes 数据获取完成，耗时 0.0s
2026-04-20T10:18:35: [数据] ===== 开始获取所有指数数据 =====
2026-04-20T10:18:35:   [配置] 核心指数: 沪深300, 中证500, 中证红利, 中证红利低波, 中证消费, 科创50, 恒生科技, 标普500, 纳斯达克100
2026-04-20T10:18:35:   [配置] Dashboard额外: 上证指数
2026-04-20T10:18:35:   [行情] 东方财富批量接口获取 9 条
2026-04-20T10:18:35:   [行情] 东方财富缺失 1 个指数(HSTECH), 用腾讯补漏
2026-04-20T10:18:35:   [行情] 腾讯备用源获取 1 条
2026-04-20T10:18:35:   [行情] 腾讯补漏成功: HSTECH
2026-04-20T10:18:35:   [天天基金] 最近连续失败，暂时跳过重试
2026-04-20T10:18:36:   [沪深300] 开始获取数据...
2026-04-20T10:18:36:   [中证500] 开始获取数据...
2026-04-20T10:18:36:   [中证红利] 开始获取数据...
2026-04-20T10:18:36:   [中证红利低波] 开始获取数据...
2026-04-20T10:18:36:   [中证消费] 开始获取数据...
2026-04-20T10:18:36:   [科创50] 开始获取数据...
2026-04-20T10:18:36:   [沪深300] 蛋卷基金: PE=14.4034, PE百分位=89.36%, 估值=high
2026-04-20T10:18:36:   [沪深300] 完成: price=4746.93, PE=14.4034, PE%=89.36%, temp=60°, src=danjuan-wind
2026-04-20T10:18:36:   [中证500] 蛋卷基金: PE=36.4631, PE百分位=85.52%, 估值=high
2026-04-20T10:18:36:   [中证500] 完成: price=8277.99, PE=36.4631, PE%=85.52%, temp=74°, src=danjuan-wind
2026-04-20T10:18:36:   [中证红利] 蛋卷基金: PE=8.6124, PE百分位=80.68%, 估值=high
2026-04-20T10:18:36:   [中证红利] 完成: price=5695.75, PE=8.6124, PE%=80.68%, temp=29°, src=danjuan-wind
2026-04-20T10:18:36:   [中证红利低波] 蛋卷基金: PE=8.4035, PE百分位=77.92%, 估值=high
2026-04-20T10:18:36:   [中证红利低波] 完成: price=11377.77, PE=8.4035, PE%=77.92%, temp=N/A, src=danjuan-wind
2026-04-20T10:18:36:   [中证消费] 蛋卷基金: PE=19.9003, PE百分位=7.92%, 估值=low
2026-04-20T10:18:36:   [中证消费] 完成: price=14250.94, PE=19.9003, PE%=7.92%, temp=0°, src=danjuan-wind
2026-04-20T10:18:36:   [科创50] 蛋卷基金: PE=159.6906, PE百分位=92.33%, 估值=high
2026-04-20T10:18:36:   [科创50] 完成: price=1440.81, PE=159.6906, PE%=92.33%, temp=N/A, src=danjuan-wind
2026-04-20T10:18:36:   [恒生科技] 开始获取数据...
2026-04-20T10:18:36:   [标普500] 开始获取数据...
2026-04-20T10:18:36:   [纳斯达克100] 开始获取数据...
2026-04-20T10:18:36:   [上证指数] 开始获取数据...
2026-04-20T10:18:36:   [恒生科技] 蛋卷基金: PE=23.1832, PE百分位=33.98%, 估值=high
2026-04-20T10:18:36:   [恒生科技] 完成: price=5066.22, PE=23.1832, PE%=33.98%, temp=11°, src=danjuan-wind
2026-04-20T10:18:36:   [标普500] 完成: price=7126.06, PE=null, PE%=null%, temp=N/A, src=none
2026-04-20T10:18:36:   [纳斯达克100] 完成: price=24468.48, PE=null, PE%=null%, temp=N/A, src=none
2026-04-20T10:18:36:   [上证指数] 完成: price=4071.2, PE=null, PE%=null%, temp=N/A, src=none
2026-04-20T10:18:36: [数据] ===== 全部完成，耗时 0.6s =====
2026-04-20T10:18:36: [缓存] indices 数据获取完成，耗时 0.6s
2026-04-20T10:18:39: [数据] ===== 开始获取所有指数数据 =====
2026-04-20T10:18:39:   [配置] 核心指数: 沪深300, 中证500, 中证红利, 中证红利低波, 中证消费, 科创50, 恒生科技, 标普500, 纳斯达克100
2026-04-20T10:18:39:   [配置] Dashboard额外: 上证指数
2026-04-20T10:18:40:   [行情] 东方财富批量接口获取 9 条
2026-04-20T10:18:40:   [行情] 东方财富缺失 1 个指数(HSTECH), 用腾讯补漏
2026-04-20T10:18:40:   [行情] 腾讯备用源获取 1 条
2026-04-20T10:18:40:   [行情] 腾讯补漏成功: HSTECH
2026-04-20T10:18:40:   [天天基金] 最近连续失败，暂时跳过重试
2026-04-20T10:18:40:   [沪深300] 开始获取数据...
2026-04-20T10:18:40:   [中证500] 开始获取数据...
2026-04-20T10:18:40:   [中证红利] 开始获取数据...
2026-04-20T10:18:40:   [中证红利低波] 开始获取数据...
2026-04-20T10:18:40:   [中证消费] 开始获取数据...
2026-04-20T10:18:40:   [科创50] 开始获取数据...
2026-04-20T10:18:40:   [沪深300] 蛋卷基金: PE=14.4034, PE百分位=89.36%, 估值=high
2026-04-20T10:18:40:   [沪深300] 完成: price=4747.38, PE=14.4034, PE%=89.36%, temp=60°, src=danjuan-wind
2026-04-20T10:18:40:   [中证500] 蛋卷基金: PE=36.4631, PE百分位=85.52%, 估值=high
2026-04-20T10:18:40:   [中证500] 完成: price=8278.04, PE=36.4631, PE%=85.52%, temp=74°, src=danjuan-wind
2026-04-20T10:18:40:   [中证红利] 蛋卷基金: PE=8.6124, PE百分位=80.68%, 估值=high
2026-04-20T10:18:40:   [中证红利] 完成: price=5695.75, PE=8.6124, PE%=80.68%, temp=29°, src=danjuan-wind
2026-04-20T10:18:40:   [中证红利低波] 蛋卷基金: PE=8.4035, PE百分位=77.92%, 估值=high
2026-04-20T10:18:40:   [中证红利低波] 完成: price=11377.77, PE=8.4035, PE%=77.92%, temp=N/A, src=danjuan-wind
2026-04-20T10:18:40:   [中证消费] 蛋卷基金: PE=19.9003, PE百分位=7.92%, 估值=low
2026-04-20T10:18:40:   [中证消费] 完成: price=14250.36, PE=19.9003, PE%=7.92%, temp=0°, src=danjuan-wind
2026-04-20T10:18:40:   [科创50] 蛋卷基金: PE=159.6906, PE百分位=92.33%, 估值=high
2026-04-20T10:18:40:   [科创50] 完成: price=1440.79, PE=159.6906, PE%=92.33%, temp=N/A, src=danjuan-wind
2026-04-20T10:18:40:   [恒生科技] 开始获取数据...
2026-04-20T10:18:40:   [标普500] 开始获取数据...
2026-04-20T10:18:40:   [纳斯达克100] 开始获取数据...
2026-04-20T10:18:40:   [上证指数] 开始获取数据...
2026-04-20T10:18:40:   [恒生科技] 蛋卷基金: PE=23.1832, PE百分位=33.98%, 估值=high
2026-04-20T10:18:40:   [恒生科技] 完成: price=5064.84, PE=23.1832, PE%=33.98%, temp=11°, src=danjuan-wind
2026-04-20T10:18:40:   [标普500] 完成: price=7126.06, PE=null, PE%=null%, temp=N/A, src=none
2026-04-20T10:18:40:   [纳斯达克100] 完成: price=24468.48, PE=null, PE%=null%, temp=N/A, src=none
2026-04-20T10:18:40:   [上证指数] 完成: price=4071.51, PE=null, PE%=null%, temp=N/A, src=none
2026-04-20T10:18:40: [数据] ===== 全部完成，耗时 0.5s =====
2026-04-20T10:18:40: [缓存] indices 数据获取完成，耗时 0.5s
2026-04-20T10:18:41: [数据] ===== 开始获取所有指数数据 =====
2026-04-20T10:18:41:   [配置] 核心指数: 沪深300, 中证500, 中证红利, 中证红利低波, 中证消费, 科创50, 恒生科技, 标普500, 纳斯达克100
2026-04-20T10:18:41:   [配置] Dashboard额外: 上证指数
2026-04-20T10:18:41:   [行情] 东方财富批量接口获取 9 条
2026-04-20T10:18:41:   [行情] 东方财富缺失 1 个指数(HSTECH), 用腾讯补漏
2026-04-20T10:18:41:   [行情] 腾讯备用源获取 1 条
2026-04-20T10:18:41:   [行情] 腾讯补漏成功: HSTECH
2026-04-20T10:18:41:   [天天基金] 最近连续失败，暂时跳过重试
2026-04-20T10:18:42:   [沪深300] 开始获取数据...
2026-04-20T10:18:42:   [中证500] 开始获取数据...
2026-04-20T10:18:42:   [中证红利] 开始获取数据...
2026-04-20T10:18:42:   [中证红利低波] 开始获取数据...
2026-04-20T10:18:42:   [中证消费] 开始获取数据...
2026-04-20T10:18:42:   [科创50] 开始获取数据...
2026-04-20T10:18:42:   [沪深300] 蛋卷基金: PE=14.4034, PE百分位=89.36%, 估值=high
2026-04-20T10:18:42:   [沪深300] 完成: price=4747.38, PE=14.4034, PE%=89.36%, temp=60°, src=danjuan-wind
2026-04-20T10:18:42:   [中证500] 蛋卷基金: PE=36.4631, PE百分位=85.52%, 估值=high
2026-04-20T10:18:42:   [中证500] 完成: price=8278.04, PE=36.4631, PE%=85.52%, temp=74°, src=danjuan-wind
2026-04-20T10:18:42:   [中证红利] 蛋卷基金: PE=8.6124, PE百分位=80.68%, 估值=high
2026-04-20T10:18:42:   [中证红利] 完成: price=5694.8, PE=8.6124, PE%=80.68%, temp=29°, src=danjuan-wind
2026-04-20T10:18:42:   [中证红利低波] 蛋卷基金: PE=8.4035, PE百分位=77.92%, 估值=high
2026-04-20T10:18:42:   [中证红利低波] 完成: price=11375.24, PE=8.4035, PE%=77.92%, temp=N/A, src=danjuan-wind
2026-04-20T10:18:42:   [中证消费] 蛋卷基金: PE=19.9003, PE百分位=7.92%, 估值=low
2026-04-20T10:18:42:   [中证消费] 完成: price=14250.36, PE=19.9003, PE%=7.92%, temp=0°, src=danjuan-wind
2026-04-20T10:18:42:   [科创50] 蛋卷基金: PE=159.6906, PE百分位=92.33%, 估值=high
2026-04-20T10:18:42:   [科创50] 完成: price=1440.79, PE=159.6906, PE%=92.33%, temp=N/A, src=danjuan-wind
2026-04-20T10:18:42:   [恒生科技] 开始获取数据...
2026-04-20T10:18:42:   [标普500] 开始获取数据...
2026-04-20T10:18:42:   [纳斯达克100] 开始获取数据...
2026-04-20T10:18:42:   [上证指数] 开始获取数据...
2026-04-20T10:18:42:   [恒生科技] 蛋卷基金: PE=23.1832, PE百分位=33.98%, 估值=high
2026-04-20T10:18:42:   [恒生科技] 完成: price=5064.82, PE=23.1832, PE%=33.98%, temp=11°, src=danjuan-wind
2026-04-20T10:18:42:   [标普500] 完成: price=7126.06, PE=null, PE%=null%, temp=N/A, src=none
2026-04-20T10:18:42:   [纳斯达克100] 完成: price=24468.48, PE=null, PE%=null%, temp=N/A, src=none
2026-04-20T10:18:42:   [上证指数] 完成: price=4071.51, PE=null, PE%=null%, temp=N/A, src=none
2026-04-20T10:18:42: [数据] ===== 全部完成，耗时 0.7s =====
2026-04-20T10:18:42: [缓存] indices 数据获取完成，耗时 0.7s
2026-04-20T10:18:45: [数据] ===== 开始获取所有指数数据 =====
2026-04-20T10:18:45:   [配置] 核心指数: 沪深300, 中证500, 中证红利, 中证红利低波, 中证消费, 科创50, 恒生科技, 标普500, 纳斯达克100
2026-04-20T10:18:45:   [配置] Dashboard额外: 上证指数
2026-04-20T10:18:45:   [行情] 东方财富批量接口获取 9 条
2026-04-20T10:18:45:   [行情] 东方财富缺失 1 个指数(HSTECH), 用腾讯补漏
2026-04-20T10:18:45:   [行情] 腾讯备用源获取 1 条
2026-04-20T10:18:45:   [行情] 腾讯补漏成功: HSTECH
2026-04-20T10:18:45:   [天天基金] 最近连续失败，暂时跳过重试
2026-04-20T10:18:46:   [沪深300] 开始获取数据...
2026-04-20T10:18:46:   [中证500] 开始获取数据...
2026-04-20T10:18:46:   [中证红利] 开始获取数据...
2026-04-20T10:18:46:   [中证红利低波] 开始获取数据...
2026-04-20T10:18:46:   [中证消费] 开始获取数据...
2026-04-20T10:18:46:   [科创50] 开始获取数据...
2026-04-20T10:18:46:   [沪深300] 蛋卷基金: PE=14.4034, PE百分位=89.36%, 估值=high
2026-04-20T10:18:46:   [沪深300] 完成: price=4747.66, PE=14.4034, PE%=89.36%, temp=60°, src=danjuan-wind
2026-04-20T10:18:46:   [中证500] 蛋卷基金: PE=36.4631, PE百分位=85.52%, 估值=high
2026-04-20T10:18:46:   [中证500] 完成: price=8278, PE=36.4631, PE%=85.52%, temp=74°, src=danjuan-wind
2026-04-20T10:18:46:   [中证红利] 蛋卷基金: PE=8.6124, PE百分位=80.68%, 估值=high
2026-04-20T10:18:46:   [中证红利] 完成: price=5695.09, PE=8.6124, PE%=80.68%, temp=29°, src=danjuan-wind
2026-04-20T10:18:46:   [中证红利低波] 蛋卷基金: PE=8.4035, PE百分位=77.92%, 估值=high
2026-04-20T10:18:46:   [中证红利低波] 完成: price=11378.48, PE=8.4035, PE%=77.92%, temp=N/A, src=danjuan-wind
2026-04-20T10:18:46:   [中证消费] 蛋卷基金: PE=19.9003, PE百分位=7.92%, 估值=low
2026-04-20T10:18:46:   [中证消费] 完成: price=14253.12, PE=19.9003, PE%=7.92%, temp=0°, src=danjuan-wind
2026-04-20T10:18:46:   [科创50] 蛋卷基金: PE=159.6906, PE百分位=92.33%, 估值=high
2026-04-20T10:18:46:   [科创50] 完成: price=1441.06, PE=159.6906, PE%=92.33%, temp=N/A, src=danjuan-wind
2026-04-20T10:18:46:   [恒生科技] 开始获取数据...
2026-04-20T10:18:46:   [标普500] 开始获取数据...
2026-04-20T10:18:46:   [纳斯达克100] 开始获取数据...
2026-04-20T10:18:46:   [上证指数] 开始获取数据...
2026-04-20T10:18:46:   [恒生科技] 蛋卷基金: PE=23.1832, PE百分位=33.98%, 估值=high
2026-04-20T10:18:46:   [恒生科技] 完成: price=5064.84, PE=23.1832, PE%=33.98%, temp=11°, src=danjuan-wind
2026-04-20T10:18:46:   [标普500] 完成: price=7126.06, PE=null, PE%=null%, temp=N/A, src=none
2026-04-20T10:18:46:   [纳斯达克100] 完成: price=24468.48, PE=null, PE%=null%, temp=N/A, src=none
2026-04-20T10:18:46:   [上证指数] 完成: price=4071.74, PE=null, PE%=null%, temp=N/A, src=none
2026-04-20T10:18:46: [数据] ===== 全部完成，耗时 0.4s =====
2026-04-20T10:18:46: [缓存] indices 数据获取完成，耗时 0.4s
2026-04-20T10:18:47: [数据] ===== 开始获取所有指数数据 =====
2026-04-20T10:18:47:   [配置] 核心指数: 沪深300, 中证500, 中证红利, 中证红利低波, 中证消费, 科创50, 恒生科技, 标普500, 纳斯达克100
2026-04-20T10:18:47:   [配置] Dashboard额外: 上证指数
2026-04-20T10:18:47:   [行情] 东方财富批量接口获取 9 条
2026-04-20T10:18:47:   [行情] 东方财富缺失 1 个指数(HSTECH), 用腾讯补漏
2026-04-20T10:18:47:   [行情] 腾讯备用源获取 1 条
2026-04-20T10:18:47:   [行情] 腾讯补漏成功: HSTECH
2026-04-20T10:18:47:   [天天基金] 最近连续失败，暂时跳过重试
2026-04-20T10:18:48:   [沪深300] 开始获取数据...
2026-04-20T10:18:48:   [中证500] 开始获取数据...
2026-04-20T10:18:48:   [中证红利] 开始获取数据...
2026-04-20T10:18:48:   [中证红利低波] 开始获取数据...
2026-04-20T10:18:48:   [中证消费] 开始获取数据...
2026-04-20T10:18:48:   [科创50] 开始获取数据...
2026-04-20T10:18:48:   [沪深300] 蛋卷基金: PE=14.4034, PE百分位=89.36%, 估值=high
2026-04-20T10:18:48:   [沪深300] 完成: price=4747.66, PE=14.4034, PE%=89.36%, temp=60°, src=danjuan-wind
2026-04-20T10:18:48:   [中证500] 蛋卷基金: PE=36.4631, PE百分位=85.52%, 估值=high
2026-04-20T10:18:48:   [中证500] 完成: price=8278, PE=36.4631, PE%=85.52%, temp=74°, src=danjuan-wind
2026-04-20T10:18:48:   [中证红利] 蛋卷基金: PE=8.6124, PE百分位=80.68%, 估值=high
2026-04-20T10:18:48:   [中证红利] 完成: price=5695.09, PE=8.6124, PE%=80.68%, temp=29°, src=danjuan-wind
2026-04-20T10:18:48:   [中证红利低波] 蛋卷基金: PE=8.4035, PE百分位=77.92%, 估值=high
2026-04-20T10:18:48:   [中证红利低波] 完成: price=11378.48, PE=8.4035, PE%=77.92%, temp=N/A, src=danjuan-wind
2026-04-20T10:18:48:   [中证消费] 蛋卷基金: PE=19.9003, PE百分位=7.92%, 估值=low
2026-04-20T10:18:48:   [中证消费] 完成: price=14253.12, PE=19.9003, PE%=7.92%, temp=0°, src=danjuan-wind
2026-04-20T10:18:48:   [科创50] 蛋卷基金: PE=159.6906, PE百分位=92.33%, 估值=high
2026-04-20T10:18:48:   [科创50] 完成: price=1441.06, PE=159.6906, PE%=92.33%, temp=N/A, src=danjuan-wind
2026-04-20T10:18:48:   [恒生科技] 开始获取数据...
2026-04-20T10:18:48:   [标普500] 开始获取数据...
2026-04-20T10:18:48:   [纳斯达克100] 开始获取数据...
2026-04-20T10:18:48:   [上证指数] 开始获取数据...
2026-04-20T10:18:48:   [恒生科技] 蛋卷基金: PE=23.1832, PE百分位=33.98%, 估值=high
2026-04-20T10:18:48:   [恒生科技] 完成: price=5064.13, PE=23.1832, PE%=33.98%, temp=11°, src=danjuan-wind
2026-04-20T10:18:48:   [标普500] 完成: price=7126.06, PE=null, PE%=null%, temp=N/A, src=none
2026-04-20T10:18:48:   [纳斯达克100] 完成: price=24468.48, PE=null, PE%=null%, temp=N/A, src=none
2026-04-20T10:18:48:   [上证指数] 完成: price=4071.74, PE=null, PE%=null%, temp=N/A, src=none
2026-04-20T10:18:48: [数据] ===== 全部完成，耗时 0.9s =====
2026-04-20T10:18:48: [缓存] indices 数据获取完成，耗时 0.9s
2026-04-20T10:18:51: [数据] ===== 开始获取所有指数数据 =====
2026-04-20T10:18:51:   [配置] 核心指数: 沪深300, 中证500, 中证红利, 中证红利低波, 中证消费, 科创50, 恒生科技, 标普500, 纳斯达克100
2026-04-20T10:18:51:   [配置] Dashboard额外: 上证指数
2026-04-20T10:18:52:   [行情] 东方财富批量接口获取 9 条
2026-04-20T10:18:52:   [行情] 东方财富缺失 1 个指数(HSTECH), 用腾讯补漏
2026-04-20T10:18:52:   [行情] 腾讯备用源获取 1 条
2026-04-20T10:18:52:   [行情] 腾讯补漏成功: HSTECH
2026-04-20T10:18:52:   [天天基金] 最近连续失败，暂时跳过重试
2026-04-20T10:18:52:   [沪深300] 开始获取数据...
2026-04-20T10:18:52:   [中证500] 开始获取数据...
2026-04-20T10:18:52:   [中证红利] 开始获取数据...
2026-04-20T10:18:52:   [中证红利低波] 开始获取数据...
2026-04-20T10:18:52:   [中证消费] 开始获取数据...
2026-04-20T10:18:52:   [科创50] 开始获取数据...
2026-04-20T10:18:52:   [沪深300] 蛋卷基金: PE=14.4034, PE百分位=89.36%, 估值=high
2026-04-20T10:18:52:   [沪深300] 完成: price=4747.82, PE=14.4034, PE%=89.36%, temp=60°, src=danjuan-wind
2026-04-20T10:18:52:   [中证500] 蛋卷基金: PE=36.4631, PE百分位=85.52%, 估值=high
2026-04-20T10:18:52:   [中证500] 完成: price=8278.18, PE=36.4631, PE%=85.52%, temp=74°, src=danjuan-wind
2026-04-20T10:18:52:   [中证红利] 蛋卷基金: PE=8.6124, PE百分位=80.68%, 估值=high
2026-04-20T10:18:52:   [中证红利] 完成: price=5694.67, PE=8.6124, PE%=80.68%, temp=29°, src=danjuan-wind
2026-04-20T10:18:52:   [中证红利低波] 蛋卷基金: PE=8.4035, PE百分位=77.92%, 估值=high
2026-04-20T10:18:52:   [中证红利低波] 完成: price=11379.06, PE=8.4035, PE%=77.92%, temp=N/A, src=danjuan-wind
2026-04-20T10:18:52:   [中证消费] 蛋卷基金: PE=19.9003, PE百分位=7.92%, 估值=low
2026-04-20T10:18:52:   [中证消费] 完成: price=14252.55, PE=19.9003, PE%=7.92%, temp=0°, src=danjuan-wind
2026-04-20T10:18:52:   [科创50] 蛋卷基金: PE=159.6906, PE百分位=92.33%, 估值=high
2026-04-20T10:18:52:   [科创50] 完成: price=1440.99, PE=159.6906, PE%=92.33%, temp=N/A, src=danjuan-wind
2026-04-20T10:18:52:   [恒生科技] 开始获取数据...
2026-04-20T10:18:52:   [标普500] 开始获取数据...
2026-04-20T10:18:52:   [纳斯达克100] 开始获取数据...
2026-04-20T10:18:52:   [上证指数] 开始获取数据...
2026-04-20T10:18:52:   [恒生科技] 蛋卷基金: PE=23.1832, PE百分位=33.98%, 估值=high
2026-04-20T10:18:52:   [恒生科技] 完成: price=5064.13, PE=23.1832, PE%=33.98%, temp=11°, src=danjuan-wind
2026-04-20T10:18:52:   [标普500] 完成: price=7126.06, PE=null, PE%=null%, temp=N/A, src=none
2026-04-20T10:18:52:   [纳斯达克100] 完成: price=24468.48, PE=null, PE%=null%, temp=N/A, src=none
2026-04-20T10:18:52:   [上证指数] 完成: price=4072.03, PE=null, PE%=null%, temp=N/A, src=none
2026-04-20T10:18:52: [数据] ===== 全部完成，耗时 0.9s =====
2026-04-20T10:18:52: [缓存] indices 数据获取完成，耗时 0.9s
2026-04-20T10:18:55: [数据] ===== 开始获取所有指数数据 =====
2026-04-20T10:18:55:   [配置] 核心指数: 沪深300, 中证500, 中证红利, 中证红利低波, 中证消费, 科创50, 恒生科技, 标普500, 纳斯达克100
2026-04-20T10:18:55:   [配置] Dashboard额外: 上证指数
2026-04-20T10:18:55:   [行情] 东方财富批量接口获取 9 条
2026-04-20T10:18:55:   [行情] 东方财富缺失 1 个指数(HSTECH), 用腾讯补漏
2026-04-20T10:18:55:   [行情] 腾讯备用源获取 1 条
2026-04-20T10:18:55:   [行情] 腾讯补漏成功: HSTECH
2026-04-20T10:18:55:   [天天基金] 最近连续失败，暂时跳过重试
2026-04-20T10:18:56:   [沪深300] 开始获取数据...
2026-04-20T10:18:56:   [中证500] 开始获取数据...
2026-04-20T10:18:56:   [中证红利] 开始获取数据...
2026-04-20T10:18:56:   [中证红利低波] 开始获取数据...
2026-04-20T10:18:56:   [中证消费] 开始获取数据...
2026-04-20T10:18:56:   [科创50] 开始获取数据...
2026-04-20T10:18:56:   [沪深300] 蛋卷基金: PE=14.4034, PE百分位=89.36%, 估值=high
2026-04-20T10:18:56:   [沪深300] 完成: price=4747.91, PE=14.4034, PE%=89.36%, temp=60°, src=danjuan-wind
2026-04-20T10:18:56:   [中证500] 蛋卷基金: PE=36.4631, PE百分位=85.52%, 估值=high
2026-04-20T10:18:56:   [中证500] 完成: price=8278.52, PE=36.4631, PE%=85.52%, temp=74°, src=danjuan-wind
2026-04-20T10:18:56:   [中证红利] 蛋卷基金: PE=8.6124, PE百分位=80.68%, 估值=high
2026-04-20T10:18:56:   [中证红利] 完成: price=5695.41, PE=8.6124, PE%=80.68%, temp=29°, src=danjuan-wind
2026-04-20T10:18:56:   [中证红利低波] 蛋卷基金: PE=8.4035, PE百分位=77.92%, 估值=high
2026-04-20T10:18:56:   [中证红利低波] 完成: price=11379.85, PE=8.4035, PE%=77.92%, temp=N/A, src=danjuan-wind
2026-04-20T10:18:56:   [中证消费] 蛋卷基金: PE=19.9003, PE百分位=7.92%, 估值=low
2026-04-20T10:18:56:   [中证消费] 完成: price=14252.5, PE=19.9003, PE%=7.92%, temp=0°, src=danjuan-wind
2026-04-20T10:18:56:   [科创50] 蛋卷基金: PE=159.6906, PE百分位=92.33%, 估值=high
2026-04-20T10:18:56:   [科创50] 完成: price=1441.09, PE=159.6906, PE%=92.33%, temp=N/A, src=danjuan-wind
2026-04-20T10:18:57:   [恒生科技] 开始获取数据...
2026-04-20T10:18:57:   [标普500] 开始获取数据...
2026-04-20T10:18:57:   [纳斯达克100] 开始获取数据...
2026-04-20T10:18:57:   [上证指数] 开始获取数据...
2026-04-20T10:18:57:   [恒生科技] 蛋卷基金: PE=23.1832, PE百分位=33.98%, 估值=high
2026-04-20T10:18:57:   [恒生科技] 完成: price=5062.14, PE=23.1832, PE%=33.98%, temp=11°, src=danjuan-wind
2026-04-20T10:18:57:   [标普500] 完成: price=7126.06, PE=null, PE%=null%, temp=N/A, src=none
2026-04-20T10:18:57:   [纳斯达克100] 完成: price=24468.48, PE=null, PE%=null%, temp=N/A, src=none
2026-04-20T10:18:57:   [上证指数] 完成: price=4071.84, PE=null, PE%=null%, temp=N/A, src=none
2026-04-20T10:18:57: [数据] ===== 全部完成，耗时 1.2s =====
2026-04-20T10:18:57: [缓存] indices 数据获取完成，耗时 1.2s
2026-04-20T10:18:58: [数据] ===== 开始获取所有指数数据 =====
2026-04-20T10:18:58:   [配置] 核心指数: 沪深300, 中证500, 中证红利, 中证红利低波, 中证消费, 科创50, 恒生科技, 标普500, 纳斯达克100
2026-04-20T10:18:58:   [配置] Dashboard额外: 上证指数
2026-04-20T10:18:58:   [行情] 东方财富批量接口获取 9 条
2026-04-20T10:18:58:   [行情] 东方财富缺失 1 个指数(HSTECH), 用腾讯补漏
2026-04-20T10:18:58:   [行情] 腾讯备用源获取 1 条
2026-04-20T10:18:58:   [行情] 腾讯补漏成功: HSTECH
2026-04-20T10:18:58:   [天天基金] 最近连续失败，暂时跳过重试
2026-04-20T10:19:00:   [沪深300] 开始获取数据...
2026-04-20T10:19:00:   [中证500] 开始获取数据...
2026-04-20T10:19:00:   [中证红利] 开始获取数据...
2026-04-20T10:19:00:   [中证红利低波] 开始获取数据...
2026-04-20T10:19:00:   [中证消费] 开始获取数据...
2026-04-20T10:19:00:   [科创50] 开始获取数据...
2026-04-20T10:19:00:   [沪深300] 蛋卷基金: PE=14.4034, PE百分位=89.36%, 估值=high
2026-04-20T10:19:00:   [沪深300] 完成: price=4747.69, PE=14.4034, PE%=89.36%, temp=60°, src=danjuan-wind
2026-04-20T10:19:00:   [中证500] 蛋卷基金: PE=36.4631, PE百分位=85.52%, 估值=high
2026-04-20T10:19:00:   [中证500] 完成: price=8278.28, PE=36.4631, PE%=85.52%, temp=74°, src=danjuan-wind
2026-04-20T10:19:00:   [中证红利] 蛋卷基金: PE=8.6124, PE百分位=80.68%, 估值=high
2026-04-20T10:19:00:   [中证红利] 完成: price=5695.41, PE=8.6124, PE%=80.68%, temp=29°, src=danjuan-wind
2026-04-20T10:19:00:   [中证红利低波] 蛋卷基金: PE=8.4035, PE百分位=77.92%, 估值=high
2026-04-20T10:19:00:   [中证红利低波] 完成: price=11379.85, PE=8.4035, PE%=77.92%, temp=N/A, src=danjuan-wind
2026-04-20T10:19:00:   [中证消费] 蛋卷基金: PE=19.9003, PE百分位=7.92%, 估值=low
2026-04-20T10:19:00:   [中证消费] 完成: price=14250.98, PE=19.9003, PE%=7.92%, temp=0°, src=danjuan-wind
2026-04-20T10:19:00:   [科创50] 蛋卷基金: PE=159.6906, PE百分位=92.33%, 估值=high
2026-04-20T10:19:00:   [科创50] 完成: price=1441.16, PE=159.6906, PE%=92.33%, temp=N/A, src=danjuan-wind
2026-04-20T10:19:00:   [恒生科技] 开始获取数据...
2026-04-20T10:19:00:   [标普500] 开始获取数据...
2026-04-20T10:19:00:   [纳斯达克100] 开始获取数据...
2026-04-20T10:19:00:   [上证指数] 开始获取数据...
2026-04-20T10:19:00:   [恒生科技] 蛋卷基金: PE=23.1832, PE百分位=33.98%, 估值=high
2026-04-20T10:19:00:   [恒生科技] 完成: price=5063.39, PE=23.1832, PE%=33.98%, temp=11°, src=danjuan-wind
2026-04-20T10:19:00:   [标普500] 完成: price=7126.06, PE=null, PE%=null%, temp=N/A, src=none
2026-04-20T10:19:00:   [纳斯达克100] 完成: price=24468.48, PE=null, PE%=null%, temp=N/A, src=none
2026-04-20T10:19:00:   [上证指数] 完成: price=4071.76, PE=null, PE%=null%, temp=N/A, src=none
2026-04-20T10:19:00: [数据] ===== 全部完成，耗时 1.3s =====
2026-04-20T10:19:00: [缓存] indices 数据获取完成，耗时 1.3s
2026-04-20T10:19:02: [数据] ===== 开始获取所有指数数据 =====
2026-04-20T10:19:02:   [配置] 核心指数: 沪深300, 中证500, 中证红利, 中证红利低波, 中证消费, 科创50, 恒生科技, 标普500, 纳斯达克100
2026-04-20T10:19:02:   [配置] Dashboard额外: 上证指数
2026-04-20T10:19:02:   [行情] 东方财富批量接口获取 9 条
2026-04-20T10:19:02:   [行情] 东方财富缺失 1 个指数(HSTECH), 用腾讯补漏
2026-04-20T10:19:02:   [行情] 腾讯备用源获取 1 条
2026-04-20T10:19:02:   [行情] 腾讯补漏成功: HSTECH
2026-04-20T10:19:02:   [天天基金] 最近连续失败，暂时跳过重试
2026-04-20T10:19:03:   [沪深300] 开始获取数据...
2026-04-20T10:19:03:   [中证500] 开始获取数据...
2026-04-20T10:19:03:   [中证红利] 开始获取数据...
2026-04-20T10:19:03:   [中证红利低波] 开始获取数据...
2026-04-20T10:19:03:   [中证消费] 开始获取数据...
2026-04-20T10:19:03:   [科创50] 开始获取数据...
2026-04-20T10:19:03:   [沪深300] 蛋卷基金: PE=14.4034, PE百分位=89.36%, 估值=high
2026-04-20T10:19:03:   [沪深300] 完成: price=4747.6, PE=14.4034, PE%=89.36%, temp=60°, src=danjuan-wind
2026-04-20T10:19:03:   [中证500] 蛋卷基金: PE=36.4631, PE百分位=85.52%, 估值=high
2026-04-20T10:19:03:   [中证500] 完成: price=8278.62, PE=36.4631, PE%=85.52%, temp=74°, src=danjuan-wind
2026-04-20T10:19:03:   [中证红利] 蛋卷基金: PE=8.6124, PE百分位=80.68%, 估值=high
2026-04-20T10:19:03:   [中证红利] 完成: price=5694.38, PE=8.6124, PE%=80.68%, temp=29°, src=danjuan-wind
2026-04-20T10:19:03:   [中证红利低波] 蛋卷基金: PE=8.4035, PE百分位=77.92%, 估值=high
2026-04-20T10:19:03:   [中证红利低波] 完成: price=11380.58, PE=8.4035, PE%=77.92%, temp=N/A, src=danjuan-wind
2026-04-20T10:19:03:   [中证消费] 蛋卷基金: PE=19.9003, PE百分位=7.92%, 估值=low
2026-04-20T10:19:03:   [中证消费] 完成: price=14251.17, PE=19.9003, PE%=7.92%, temp=0°, src=danjuan-wind
2026-04-20T10:19:03:   [科创50] 蛋卷基金: PE=159.6906, PE百分位=92.33%, 估值=high
2026-04-20T10:19:03:   [科创50] 完成: price=1441.18, PE=159.6906, PE%=92.33%, temp=N/A, src=danjuan-wind
2026-04-20T10:19:03:   [恒生科技] 开始获取数据...
2026-04-20T10:19:03:   [标普500] 开始获取数据...
2026-04-20T10:19:03:   [纳斯达克100] 开始获取数据...
2026-04-20T10:19:03:   [上证指数] 开始获取数据...
2026-04-20T10:19:03:   [恒生科技] 蛋卷基金: PE=23.1832, PE百分位=33.98%, 估值=high
2026-04-20T10:19:03:   [恒生科技] 完成: price=5062.23, PE=23.1832, PE%=33.98%, temp=11°, src=danjuan-wind
2026-04-20T10:19:03:   [标普500] 完成: price=7126.06, PE=null, PE%=null%, temp=N/A, src=none
2026-04-20T10:19:03:   [纳斯达克100] 完成: price=24468.48, PE=null, PE%=null%, temp=N/A, src=none
2026-04-20T10:19:03:   [上证指数] 完成: price=4071.57, PE=null, PE%=null%, temp=N/A, src=none
2026-04-20T10:19:03: [数据] ===== 全部完成，耗时 0.4s =====
2026-04-20T10:19:03: [缓存] indices 数据获取完成，耗时 0.4s
2026-04-20T10:19:04: [数据] ===== 开始获取所有指数数据 =====
2026-04-20T10:19:04:   [配置] 核心指数: 沪深300, 中证500, 中证红利, 中证红利低波, 中证消费, 科创50, 恒生科技, 标普500, 纳斯达克100
2026-04-20T10:19:04:   [配置] Dashboard额外: 上证指数
2026-04-20T10:19:04:   [行情] 东方财富批量接口获取 9 条
2026-04-20T10:19:04:   [行情] 东方财富缺失 1 个指数(HSTECH), 用腾讯补漏
2026-04-20T10:19:04:   [行情] 腾讯备用源获取 1 条
2026-04-20T10:19:04:   [行情] 腾讯补漏成功: HSTECH
2026-04-20T10:19:04:   [天天基金] 最近连续失败，暂时跳过重试
2026-04-20T10:19:08:   [沪深300] 开始获取数据...
2026-04-20T10:19:08:   [中证500] 开始获取数据...
2026-04-20T10:19:08:   [中证红利] 开始获取数据...
2026-04-20T10:19:08:   [中证红利低波] 开始获取数据...
2026-04-20T10:19:08:   [中证消费] 开始获取数据...
2026-04-20T10:19:08:   [科创50] 开始获取数据...
2026-04-20T10:19:08:   [沪深300] 蛋卷基金: PE=14.4034, PE百分位=89.36%, 估值=high
2026-04-20T10:19:08:   [沪深300] 完成: price=4747.39, PE=14.4034, PE%=89.36%, temp=60°, src=danjuan-wind
2026-04-20T10:19:08:   [中证500] 蛋卷基金: PE=36.4631, PE百分位=85.52%, 估值=high
2026-04-20T10:19:08:   [中证500] 完成: price=8278.65, PE=36.4631, PE%=85.52%, temp=74°, src=danjuan-wind
2026-04-20T10:19:08:   [中证红利] 蛋卷基金: PE=8.6124, PE百分位=80.68%, 估值=high
2026-04-20T10:19:08:   [中证红利] 完成: price=5694.38, PE=8.6124, PE%=80.68%, temp=29°, src=danjuan-wind
2026-04-20T10:19:08:   [中证红利低波] 蛋卷基金: PE=8.4035, PE百分位=77.92%, 估值=high
2026-04-20T10:19:08:   [中证红利低波] 完成: price=11380.58, PE=8.4035, PE%=77.92%, temp=N/A, src=danjuan-wind
2026-04-20T10:19:08:   [中证消费] 蛋卷基金: PE=19.9003, PE百分位=7.92%, 估值=low
2026-04-20T10:19:08:   [中证消费] 完成: price=14251.09, PE=19.9003, PE%=7.92%, temp=0°, src=danjuan-wind
2026-04-20T10:19:08:   [科创50] 蛋卷基金: PE=159.6906, PE百分位=92.33%, 估值=high
2026-04-20T10:19:08:   [科创50] 完成: price=1441, PE=159.6906, PE%=92.33%, temp=N/A, src=danjuan-wind
2026-04-20T10:19:08:   [恒生科技] 开始获取数据...
2026-04-20T10:19:08:   [标普500] 开始获取数据...
2026-04-20T10:19:08:   [纳斯达克100] 开始获取数据...
2026-04-20T10:19:08:   [上证指数] 开始获取数据...
2026-04-20T10:19:08:   [恒生科技] 蛋卷基金: PE=23.1832, PE百分位=33.98%, 估值=high
2026-04-20T10:19:08:   [恒生科技] 完成: price=5062.49, PE=23.1832, PE%=33.98%, temp=11°, src=danjuan-wind
2026-04-20T10:19:08:   [标普500] 完成: price=7126.06, PE=null, PE%=null%, temp=N/A, src=none
2026-04-20T10:19:08:   [纳斯达克100] 完成: price=24468.48, PE=null, PE%=null%, temp=N/A, src=none
2026-04-20T10:19:08:   [上证指数] 完成: price=4071.48, PE=null, PE%=null%, temp=N/A, src=none
2026-04-20T10:19:08: [数据] ===== 全部完成，耗时 3.9s =====
2026-04-20T10:19:08: [缓存] indices 数据获取完成，耗时 3.9s
2026-04-20T10:19:08:   [行情] 东方财富批量接口获取 8 条
2026-04-20T10:19:08:   [行情] 东方财富缺失 1 个指数(HSTECH), 用腾讯补漏
2026-04-20T10:19:08:   [行情] 腾讯备用源获取 1 条
2026-04-20T10:19:08:   [行情] 腾讯补漏成功: HSTECH
2026-04-20T10:19:09:   [蛋卷基金] 获取 63 个指数估值数据
2026-04-20T10:19:09: [缓存] index-quotes 数据获取完成，耗时 0.3s
2026-04-20T10:19:10: [数据] ===== 开始获取所有指数数据 =====
2026-04-20T10:19:10:   [配置] 核心指数: 沪深300, 中证500, 中证红利, 中证红利低波, 中证消费, 科创50, 恒生科技, 标普500, 纳斯达克100
2026-04-20T10:19:10:   [配置] Dashboard额外: 上证指数
2026-04-20T10:19:10:   [行情] 东方财富批量接口获取 9 条
2026-04-20T10:19:10:   [行情] 东方财富缺失 1 个指数(HSTECH), 用腾讯补漏
2026-04-20T10:19:10:   [行情] 腾讯备用源获取 1 条
2026-04-20T10:19:10:   [行情] 腾讯补漏成功: HSTECH
2026-04-20T10:19:10:   [天天基金] 最近连续失败，暂时跳过重试
2026-04-20T10:19:11:   [沪深300] 开始获取数据...
2026-04-20T10:19:11:   [中证500] 开始获取数据...
2026-04-20T10:19:11:   [中证红利] 开始获取数据...
2026-04-20T10:19:11:   [中证红利低波] 开始获取数据...
2026-04-20T10:19:11:   [中证消费] 开始获取数据...
2026-04-20T10:19:11:   [科创50] 开始获取数据...
2026-04-20T10:19:11:   [沪深300] 蛋卷基金: PE=14.4034, PE百分位=89.36%, 估值=high
2026-04-20T10:19:11:   [沪深300] 完成: price=4747.29, PE=14.4034, PE%=89.36%, temp=60°, src=danjuan-wind
2026-04-20T10:19:11:   [中证500] 蛋卷基金: PE=36.4631, PE百分位=85.52%, 估值=high
2026-04-20T10:19:11:   [中证500] 完成: price=8278.14, PE=36.4631, PE%=85.52%, temp=74°, src=danjuan-wind
2026-04-20T10:19:11:   [中证红利] 蛋卷基金: PE=8.6124, PE百分位=80.68%, 估值=high
2026-04-20T10:19:11:   [中证红利] 完成: price=5693.84, PE=8.6124, PE%=80.68%, temp=29°, src=danjuan-wind
2026-04-20T10:19:11:   [中证红利低波] 蛋卷基金: PE=8.4035, PE百分位=77.92%, 估值=high
2026-04-20T10:19:11:   [中证红利低波] 完成: price=11378.42, PE=8.4035, PE%=77.92%, temp=N/A, src=danjuan-wind
2026-04-20T10:19:11:   [中证消费] 蛋卷基金: PE=19.9003, PE百分位=7.92%, 估值=low
2026-04-20T10:19:11:   [中证消费] 完成: price=14250.08, PE=19.9003, PE%=7.92%, temp=0°, src=danjuan-wind
2026-04-20T10:19:11:   [科创50] 蛋卷基金: PE=159.6906, PE百分位=92.33%, 估值=high
2026-04-20T10:19:11:   [科创50] 完成: price=1440.79, PE=159.6906, PE%=92.33%, temp=N/A, src=danjuan-wind
2026-04-20T10:19:12:   [恒生科技] 开始获取数据...
2026-04-20T10:19:12:   [标普500] 开始获取数据...
2026-04-20T10:19:12:   [纳斯达克100] 开始获取数据...
2026-04-20T10:19:12:   [上证指数] 开始获取数据...
2026-04-20T10:19:12:   [恒生科技] 蛋卷基金: PE=23.1832, PE百分位=33.98%, 估值=high
2026-04-20T10:19:12:   [恒生科技] 完成: price=5061.44, PE=23.1832, PE%=33.98%, temp=11°, src=danjuan-wind
2026-04-20T10:19:12:   [标普500] 完成: price=7126.06, PE=null, PE%=null%, temp=N/A, src=none
2026-04-20T10:19:12:   [纳斯达克100] 完成: price=24468.48, PE=null, PE%=null%, temp=N/A, src=none
2026-04-20T10:19:12:   [上证指数] 完成: price=4071.54, PE=null, PE%=null%, temp=N/A, src=none
2026-04-20T10:19:12: [数据] ===== 全部完成，耗时 1.2s =====
2026-04-20T10:19:12: [缓存] indices 数据获取完成，耗时 1.2s
2026-04-20T10:19:13: [数据] ===== 开始获取所有指数数据 =====
2026-04-20T10:19:13:   [配置] 核心指数: 沪深300, 中证500, 中证红利, 中证红利低波, 中证消费, 科创50, 恒生科技, 标普500, 纳斯达克100
2026-04-20T10:19:13:   [配置] Dashboard额外: 上证指数
2026-04-20T10:19:13:   [行情] 东方财富批量接口获取 9 条
2026-04-20T10:19:13:   [行情] 东方财富缺失 1 个指数(HSTECH), 用腾讯补漏
2026-04-20T10:19:13:   [行情] 腾讯备用源获取 1 条
2026-04-20T10:19:13:   [行情] 腾讯补漏成功: HSTECH
2026-04-20T10:19:13:   [天天基金] 最近连续失败，暂时跳过重试
2026-04-20T10:19:14:   [沪深300] 开始获取数据...
2026-04-20T10:19:14:   [中证500] 开始获取数据...
2026-04-20T10:19:14:   [中证红利] 开始获取数据...
2026-04-20T10:19:14:   [中证红利低波] 开始获取数据...
2026-04-20T10:19:14:   [中证消费] 开始获取数据...
2026-04-20T10:19:14:   [科创50] 开始获取数据...
2026-04-20T10:19:14:   [沪深300] 蛋卷基金: PE=14.4034, PE百分位=89.36%, 估值=high
2026-04-20T10:19:14:   [沪深300] 完成: price=4746.78, PE=14.4034, PE%=89.36%, temp=60°, src=danjuan-wind
2026-04-20T10:19:14:   [中证500] 蛋卷基金: PE=36.4631, PE百分位=85.52%, 估值=high
2026-04-20T10:19:14:   [中证500] 完成: price=8277.89, PE=36.4631, PE%=85.52%, temp=74°, src=danjuan-wind
2026-04-20T10:19:14:   [中证红利] 蛋卷基金: PE=8.6124, PE百分位=80.68%, 估值=high
2026-04-20T10:19:14:   [中证红利] 完成: price=5694.3, PE=8.6124, PE%=80.68%, temp=29°, src=danjuan-wind
2026-04-20T10:19:14:   [中证红利低波] 蛋卷基金: PE=8.4035, PE百分位=77.92%, 估值=high
2026-04-20T10:19:14:   [中证红利低波] 完成: price=11378.13, PE=8.4035, PE%=77.92%, temp=N/A, src=danjuan-wind
2026-04-20T10:19:14:   [中证消费] 蛋卷基金: PE=19.9003, PE百分位=7.92%, 估值=low
2026-04-20T10:19:14:   [中证消费] 完成: price=14250.53, PE=19.9003, PE%=7.92%, temp=0°, src=danjuan-wind
2026-04-20T10:19:14:   [科创50] 蛋卷基金: PE=159.6906, PE百分位=92.33%, 估值=high
2026-04-20T10:19:14:   [科创50] 完成: price=1440.54, PE=159.6906, PE%=92.33%, temp=N/A, src=danjuan-wind
2026-04-20T10:19:14:   [恒生科技] 开始获取数据...
2026-04-20T10:19:14:   [标普500] 开始获取数据...
2026-04-20T10:19:14:   [纳斯达克100] 开始获取数据...
2026-04-20T10:19:14:   [上证指数] 开始获取数据...
2026-04-20T10:19:14:   [恒生科技] 蛋卷基金: PE=23.1832, PE百分位=33.98%, 估值=high
2026-04-20T10:19:14:   [恒生科技] 完成: price=5061.05, PE=23.1832, PE%=33.98%, temp=11°, src=danjuan-wind
2026-04-20T10:19:14:   [标普500] 完成: price=7126.06, PE=null, PE%=null%, temp=N/A, src=none
2026-04-20T10:19:14:   [纳斯达克100] 完成: price=24468.48, PE=null, PE%=null%, temp=N/A, src=none
2026-04-20T10:19:14:   [上证指数] 完成: price=4071.14, PE=null, PE%=null%, temp=N/A, src=none
2026-04-20T10:19:14: [数据] ===== 全部完成，耗时 0.7s =====
2026-04-20T10:19:14: [缓存] indices 数据获取完成，耗时 0.7s
2026-04-20T10:19:15: [数据] ===== 开始获取所有指数数据 =====
2026-04-20T10:19:15:   [配置] 核心指数: 沪深300, 中证500, 中证红利, 中证红利低波, 中证消费, 科创50, 恒生科技, 标普500, 纳斯达克100
2026-04-20T10:19:15:   [配置] Dashboard额外: 上证指数
2026-04-20T10:19:15:   [行情] 东方财富批量接口获取 9 条
2026-04-20T10:19:15:   [行情] 东方财富缺失 1 个指数(HSTECH), 用腾讯补漏
2026-04-20T10:19:15:   [行情] 腾讯备用源获取 1 条
2026-04-20T10:19:15:   [行情] 腾讯补漏成功: HSTECH
2026-04-20T10:19:15:   [天天基金] 最近连续失败，暂时跳过重试
2026-04-20T10:19:16:   [沪深300] 开始获取数据...
2026-04-20T10:19:16:   [中证500] 开始获取数据...
2026-04-20T10:19:16:   [中证红利] 开始获取数据...
2026-04-20T10:19:16:   [中证红利低波] 开始获取数据...
2026-04-20T10:19:16:   [中证消费] 开始获取数据...
2026-04-20T10:19:16:   [科创50] 开始获取数据...
2026-04-20T10:19:16:   [沪深300] 蛋卷基金: PE=14.4034, PE百分位=89.36%, 估值=high
2026-04-20T10:19:16:   [沪深300] 完成: price=4746.54, PE=14.4034, PE%=89.36%, temp=60°, src=danjuan-wind
2026-04-20T10:19:16:   [中证500] 蛋卷基金: PE=36.4631, PE百分位=85.52%, 估值=high
2026-04-20T10:19:16:   [中证500] 完成: price=8278, PE=36.4631, PE%=85.52%, temp=74°, src=danjuan-wind
2026-04-20T10:19:16:   [中证红利] 蛋卷基金: PE=8.6124, PE百分位=80.68%, 估值=high
2026-04-20T10:19:16:   [中证红利] 完成: price=5694.3, PE=8.6124, PE%=80.68%, temp=29°, src=danjuan-wind
2026-04-20T10:19:16:   [中证红利低波] 蛋卷基金: PE=8.4035, PE百分位=77.92%, 估值=high
2026-04-20T10:19:16:   [中证红利低波] 完成: price=11378.13, PE=8.4035, PE%=77.92%, temp=N/A, src=danjuan-wind
2026-04-20T10:19:16:   [中证消费] 蛋卷基金: PE=19.9003, PE百分位=7.92%, 估值=low
2026-04-20T10:19:16:   [中证消费] 完成: price=14250.94, PE=19.9003, PE%=7.92%, temp=0°, src=danjuan-wind
2026-04-20T10:19:16:   [科创50] 蛋卷基金: PE=159.6906, PE百分位=92.33%, 估值=high
2026-04-20T10:19:16:   [科创50] 完成: price=1440.05, PE=159.6906, PE%=92.33%, temp=N/A, src=danjuan-wind
2026-04-20T10:19:16:   [恒生科技] 开始获取数据...
2026-04-20T10:19:16:   [标普500] 开始获取数据...
2026-04-20T10:19:16:   [纳斯达克100] 开始获取数据...
2026-04-20T10:19:16:   [上证指数] 开始获取数据...
2026-04-20T10:19:16:   [恒生科技] 蛋卷基金: PE=23.1832, PE百分位=33.98%, 估值=high
2026-04-20T10:19:16:   [恒生科技] 完成: price=5060.67, PE=23.1832, PE%=33.98%, temp=11°, src=danjuan-wind
2026-04-20T10:19:16:   [标普500] 完成: price=7126.06, PE=null, PE%=null%, temp=N/A, src=none
2026-04-20T10:19:16:   [纳斯达克100] 完成: price=24468.48, PE=null, PE%=null%, temp=N/A, src=none
2026-04-20T10:19:16:   [上证指数] 完成: price=4071.1, PE=null, PE%=null%, temp=N/A, src=none
2026-04-20T10:19:16: [数据] ===== 全部完成，耗时 1.1s =====
2026-04-20T10:19:16: [缓存] indices 数据获取完成，耗时 1.1s
2026-04-20T10:19:18: [数据] ===== 开始获取所有指数数据 =====
2026-04-20T10:19:18:   [配置] 核心指数: 沪深300, 中证500, 中证红利, 中证红利低波, 中证消费, 科创50, 恒生科技, 标普500, 纳斯达克100
2026-04-20T10:19:18:   [配置] Dashboard额外: 上证指数
2026-04-20T10:19:18:   [行情] 东方财富批量接口获取 9 条
2026-04-20T10:19:18:   [行情] 东方财富缺失 1 个指数(HSTECH), 用腾讯补漏
2026-04-20T10:19:18:   [行情] 腾讯备用源获取 1 条
2026-04-20T10:19:18:   [行情] 腾讯补漏成功: HSTECH
2026-04-20T10:19:18:   [天天基金] 最近连续失败，暂时跳过重试
2026-04-20T10:19:19:   [沪深300] 开始获取数据...
2026-04-20T10:19:19:   [中证500] 开始获取数据...
2026-04-20T10:19:19:   [中证红利] 开始获取数据...
2026-04-20T10:19:19:   [中证红利低波] 开始获取数据...
2026-04-20T10:19:19:   [中证消费] 开始获取数据...
2026-04-20T10:19:19:   [科创50] 开始获取数据...
2026-04-20T10:19:19:   [沪深300] 蛋卷基金: PE=14.4034, PE百分位=89.36%, 估值=high
2026-04-20T10:19:19:   [沪深300] 完成: price=4746.14, PE=14.4034, PE%=89.36%, temp=60°, src=danjuan-wind
2026-04-20T10:19:19:   [中证500] 蛋卷基金: PE=36.4631, PE百分位=85.52%, 估值=high
2026-04-20T10:19:19:   [中证500] 完成: price=8277.32, PE=36.4631, PE%=85.52%, temp=74°, src=danjuan-wind
2026-04-20T10:19:19:   [中证红利] 蛋卷基金: PE=8.6124, PE百分位=80.68%, 估值=high
2026-04-20T10:19:19:   [中证红利] 完成: price=5693.46, PE=8.6124, PE%=80.68%, temp=29°, src=danjuan-wind
2026-04-20T10:19:19:   [中证红利低波] 蛋卷基金: PE=8.4035, PE百分位=77.92%, 估值=high
2026-04-20T10:19:19:   [中证红利低波] 完成: price=11376.01, PE=8.4035, PE%=77.92%, temp=N/A, src=danjuan-wind
2026-04-20T10:19:19:   [中证消费] 蛋卷基金: PE=19.9003, PE百分位=7.92%, 估值=low
2026-04-20T10:19:19:   [中证消费] 完成: price=14251.09, PE=19.9003, PE%=7.92%, temp=0°, src=danjuan-wind
2026-04-20T10:19:19:   [科创50] 蛋卷基金: PE=159.6906, PE百分位=92.33%, 估值=high
2026-04-20T10:19:19:   [科创50] 完成: price=1440.02, PE=159.6906, PE%=92.33%, temp=N/A, src=danjuan-wind
2026-04-20T10:19:19:   [恒生科技] 开始获取数据...
2026-04-20T10:19:19:   [标普500] 开始获取数据...
2026-04-20T10:19:19:   [纳斯达克100] 开始获取数据...
2026-04-20T10:19:19:   [上证指数] 开始获取数据...
2026-04-20T10:19:19:   [恒生科技] 蛋卷基金: PE=23.1832, PE百分位=33.98%, 估值=high
2026-04-20T10:19:19:   [恒生科技] 完成: price=5061.05, PE=23.1832, PE%=33.98%, temp=11°, src=danjuan-wind
2026-04-20T10:19:19:   [标普500] 完成: price=7126.06, PE=null, PE%=null%, temp=N/A, src=none
2026-04-20T10:19:19:   [纳斯达克100] 完成: price=24468.48, PE=null, PE%=null%, temp=N/A, src=none
2026-04-20T10:19:19:   [上证指数] 完成: price=4071.21, PE=null, PE%=null%, temp=N/A, src=none
2026-04-20T10:19:19: [数据] ===== 全部完成，耗时 0.5s =====
2026-04-20T10:19:19: [缓存] indices 数据获取完成，耗时 0.5s
2026-04-20T10:19:21: [数据] ===== 开始获取所有指数数据 =====
2026-04-20T10:19:21:   [配置] 核心指数: 沪深300, 中证500, 中证红利, 中证红利低波, 中证消费, 科创50, 恒生科技, 标普500, 纳斯达克100
2026-04-20T10:19:21:   [配置] Dashboard额外: 上证指数
2026-04-20T10:19:21:   [行情] 东方财富批量接口获取 9 条
2026-04-20T10:19:21:   [行情] 东方财富缺失 1 个指数(HSTECH), 用腾讯补漏
2026-04-20T10:19:21:   [行情] 腾讯备用源获取 1 条
2026-04-20T10:19:21:   [行情] 腾讯补漏成功: HSTECH
2026-04-20T10:19:21:   [天天基金] 最近连续失败，暂时跳过重试
2026-04-20T10:19:22:   [沪深300] 开始获取数据...
2026-04-20T10:19:22:   [中证500] 开始获取数据...
2026-04-20T10:19:22:   [中证红利] 开始获取数据...
2026-04-20T10:19:22:   [中证红利低波] 开始获取数据...
2026-04-20T10:19:22:   [中证消费] 开始获取数据...
2026-04-20T10:19:22:   [科创50] 开始获取数据...
2026-04-20T10:19:22:   [沪深300] 蛋卷基金: PE=14.4034, PE百分位=89.36%, 估值=high
2026-04-20T10:19:22:   [沪深300] 完成: price=4746.22, PE=14.4034, PE%=89.36%, temp=60°, src=danjuan-wind
2026-04-20T10:19:22:   [中证500] 蛋卷基金: PE=36.4631, PE百分位=85.52%, 估值=high
2026-04-20T10:19:22:   [中证500] 完成: price=8276.84, PE=36.4631, PE%=85.52%, temp=74°, src=danjuan-wind
2026-04-20T10:19:22:   [中证红利] 蛋卷基金: PE=8.6124, PE百分位=80.68%, 估值=high
2026-04-20T10:19:22:   [中证红利] 完成: price=5693.67, PE=8.6124, PE%=80.68%, temp=29°, src=danjuan-wind
2026-04-20T10:19:22:   [中证红利低波] 蛋卷基金: PE=8.4035, PE百分位=77.92%, 估值=high
2026-04-20T10:19:22:   [中证红利低波] 完成: price=11376.91, PE=8.4035, PE%=77.92%, temp=N/A, src=danjuan-wind
2026-04-20T10:19:22:   [中证消费] 蛋卷基金: PE=19.9003, PE百分位=7.92%, 估值=low
2026-04-20T10:19:22:   [中证消费] 完成: price=14252.31, PE=19.9003, PE%=7.92%, temp=0°, src=danjuan-wind
2026-04-20T10:19:22:   [科创50] 蛋卷基金: PE=159.6906, PE百分位=92.33%, 估值=high
2026-04-20T10:19:22:   [科创50] 完成: price=1440.02, PE=159.6906, PE%=92.33%, temp=N/A, src=danjuan-wind
2026-04-20T10:19:23:   [恒生科技] 开始获取数据...
2026-04-20T10:19:23:   [标普500] 开始获取数据...
2026-04-20T10:19:23:   [纳斯达克100] 开始获取数据...
2026-04-20T10:19:23:   [上证指数] 开始获取数据...
2026-04-20T10:19:23:   [恒生科技] 蛋卷基金: PE=23.1832, PE百分位=33.98%, 估值=high
2026-04-20T10:19:23:   [恒生科技] 完成: price=5060.67, PE=23.1832, PE%=33.98%, temp=11°, src=danjuan-wind
2026-04-20T10:19:23:   [标普500] 完成: price=7126.06, PE=null, PE%=null%, temp=N/A, src=none
2026-04-20T10:19:23:   [纳斯达克100] 完成: price=24468.48, PE=null, PE%=null%, temp=N/A, src=none
2026-04-20T10:19:23:   [上证指数] 完成: price=4071.05, PE=null, PE%=null%, temp=N/A, src=none
2026-04-20T10:19:23: [数据] ===== 全部完成，耗时 1.2s =====
2026-04-20T10:19:23: [缓存] indices 数据获取完成，耗时 1.2s
2026-04-20T10:19:24: [数据] ===== 开始获取所有指数数据 =====
2026-04-20T10:19:24:   [配置] 核心指数: 沪深300, 中证500, 中证红利, 中证红利低波, 中证消费, 科创50, 恒生科技, 标普500, 纳斯达克100
2026-04-20T10:19:24:   [配置] Dashboard额外: 上证指数
2026-04-20T10:19:24:   [行情] 东方财富批量接口获取 9 条
2026-04-20T10:19:24:   [行情] 东方财富缺失 1 个指数(HSTECH), 用腾讯补漏
2026-04-20T10:19:24:   [行情] 腾讯备用源获取 1 条
2026-04-20T10:19:24:   [行情] 腾讯补漏成功: HSTECH
2026-04-20T10:19:24:   [天天基金] 最近连续失败，暂时跳过重试
2026-04-20T10:19:25:   [沪深300] 开始获取数据...
2026-04-20T10:19:25:   [中证500] 开始获取数据...
2026-04-20T10:19:25:   [中证红利] 开始获取数据...
2026-04-20T10:19:25:   [中证红利低波] 开始获取数据...
2026-04-20T10:19:25:   [中证消费] 开始获取数据...
2026-04-20T10:19:25:   [科创50] 开始获取数据...
2026-04-20T10:19:25:   [沪深300] 蛋卷基金: PE=14.4034, PE百分位=89.36%, 估值=high
2026-04-20T10:19:25:   [沪深300] 完成: price=4746.36, PE=14.4034, PE%=89.36%, temp=60°, src=danjuan-wind
2026-04-20T10:19:25:   [中证500] 蛋卷基金: PE=36.4631, PE百分位=85.52%, 估值=high
2026-04-20T10:19:25:   [中证500] 完成: price=8277.28, PE=36.4631, PE%=85.52%, temp=74°, src=danjuan-wind
2026-04-20T10:19:25:   [中证红利] 蛋卷基金: PE=8.6124, PE百分位=80.68%, 估值=high
2026-04-20T10:19:25:   [中证红利] 完成: price=5693.67, PE=8.6124, PE%=80.68%, temp=29°, src=danjuan-wind
2026-04-20T10:19:25:   [中证红利低波] 蛋卷基金: PE=8.4035, PE百分位=77.92%, 估值=high
2026-04-20T10:19:25:   [中证红利低波] 完成: price=11376.91, PE=8.4035, PE%=77.92%, temp=N/A, src=danjuan-wind
2026-04-20T10:19:25:   [中证消费] 蛋卷基金: PE=19.9003, PE百分位=7.92%, 估值=low
2026-04-20T10:19:25:   [中证消费] 完成: price=14252.85, PE=19.9003, PE%=7.92%, temp=0°, src=danjuan-wind
2026-04-20T10:19:25:   [科创50] 蛋卷基金: PE=159.6906, PE百分位=92.33%, 估值=high
2026-04-20T10:19:25:   [科创50] 完成: price=1439.87, PE=159.6906, PE%=92.33%, temp=N/A, src=danjuan-wind
2026-04-20T10:19:26:   [恒生科技] 开始获取数据...
2026-04-20T10:19:26:   [标普500] 开始获取数据...
2026-04-20T10:19:26:   [纳斯达克100] 开始获取数据...
2026-04-20T10:19:26:   [上证指数] 开始获取数据...
2026-04-20T10:19:26:   [恒生科技] 蛋卷基金: PE=23.1832, PE百分位=33.98%, 估值=high
2026-04-20T10:19:26:   [恒生科技] 完成: price=5060.3, PE=23.1832, PE%=33.98%, temp=11°, src=danjuan-wind
2026-04-20T10:19:26:   [标普500] 完成: price=7126.06, PE=null, PE%=null%, temp=N/A, src=none
2026-04-20T10:19:26:   [纳斯达克100] 完成: price=24468.48, PE=null, PE%=null%, temp=N/A, src=none
2026-04-20T10:19:26:   [上证指数] 完成: price=4070.98, PE=null, PE%=null%, temp=N/A, src=none
2026-04-20T10:19:26: [数据] ===== 全部完成，耗时 1.2s =====
2026-04-20T10:19:26: [缓存] indices 数据获取完成，耗时 1.2s
2026-04-20T10:19:28: [数据] ===== 开始获取所有指数数据 =====
2026-04-20T10:19:28:   [配置] 核心指数: 沪深300, 中证500, 中证红利, 中证红利低波, 中证消费, 科创50, 恒生科技, 标普500, 纳斯达克100
2026-04-20T10:19:28:   [配置] Dashboard额外: 上证指数
2026-04-20T10:19:28:   [行情] 东方财富批量接口获取 9 条
2026-04-20T10:19:28:   [行情] 东方财富缺失 1 个指数(HSTECH), 用腾讯补漏
2026-04-20T10:19:28:   [行情] 腾讯备用源获取 1 条
2026-04-20T10:19:28:   [行情] 腾讯补漏成功: HSTECH
2026-04-20T10:19:28:   [天天基金] 最近连续失败，暂时跳过重试
2026-04-20T10:19:29:   [沪深300] 开始获取数据...
2026-04-20T10:19:29:   [中证500] 开始获取数据...
2026-04-20T10:19:29:   [中证红利] 开始获取数据...
2026-04-20T10:19:29:   [中证红利低波] 开始获取数据...
2026-04-20T10:19:29:   [中证消费] 开始获取数据...
2026-04-20T10:19:29:   [科创50] 开始获取数据...
2026-04-20T10:19:29:   [沪深300] 蛋卷基金: PE=14.4034, PE百分位=89.36%, 估值=high
2026-04-20T10:19:29:   [沪深300] 完成: price=4746.78, PE=14.4034, PE%=89.36%, temp=60°, src=danjuan-wind
2026-04-20T10:19:29:   [中证500] 蛋卷基金: PE=36.4631, PE百分位=85.52%, 估值=high
2026-04-20T10:19:29:   [中证500] 完成: price=8277.5, PE=36.4631, PE%=85.52%, temp=74°, src=danjuan-wind
2026-04-20T10:19:29:   [中证红利] 蛋卷基金: PE=8.6124, PE百分位=80.68%, 估值=high
2026-04-20T10:19:29:   [中证红利] 完成: price=5693.75, PE=8.6124, PE%=80.68%, temp=29°, src=danjuan-wind
2026-04-20T10:19:29:   [中证红利低波] 蛋卷基金: PE=8.4035, PE百分位=77.92%, 估值=high
2026-04-20T10:19:29:   [中证红利低波] 完成: price=11375.82, PE=8.4035, PE%=77.92%, temp=N/A, src=danjuan-wind
2026-04-20T10:19:29:   [中证消费] 蛋卷基金: PE=19.9003, PE百分位=7.92%, 估值=low
2026-04-20T10:19:29:   [中证消费] 完成: price=14252.67, PE=19.9003, PE%=7.92%, temp=0°, src=danjuan-wind
2026-04-20T10:19:29:   [科创50] 蛋卷基金: PE=159.6906, PE百分位=92.33%, 估值=high
2026-04-20T10:19:29:   [科创50] 完成: price=1440.24, PE=159.6906, PE%=92.33%, temp=N/A, src=danjuan-wind
2026-04-20T10:19:29:   [恒生科技] 开始获取数据...
2026-04-20T10:19:29:   [标普500] 开始获取数据...
2026-04-20T10:19:29:   [纳斯达克100] 开始获取数据...
2026-04-20T10:19:29:   [上证指数] 开始获取数据...
2026-04-20T10:19:29:   [恒生科技] 蛋卷基金: PE=23.1832, PE百分位=33.98%, 估值=high
2026-04-20T10:19:29:   [恒生科技] 完成: price=5057.58, PE=23.1832, PE%=33.98%, temp=11°, src=danjuan-wind
2026-04-20T10:19:29:   [标普500] 完成: price=7126.06, PE=null, PE%=null%, temp=N/A, src=none
2026-04-20T10:19:29:   [纳斯达克100] 完成: price=24468.48, PE=null, PE%=null%, temp=N/A, src=none
2026-04-20T10:19:29:   [上证指数] 完成: price=4071.38, PE=null, PE%=null%, temp=N/A, src=none
2026-04-20T10:19:29: [数据] ===== 全部完成，耗时 1.0s =====
2026-04-20T10:19:29: [缓存] indices 数据获取完成，耗时 1.0s
2026-04-20T10:19:32: [数据] ===== 开始获取所有指数数据 =====
2026-04-20T10:19:32:   [配置] 核心指数: 沪深300, 中证500, 中证红利, 中证红利低波, 中证消费, 科创50, 恒生科技, 标普500, 纳斯达克100
2026-04-20T10:19:32:   [配置] Dashboard额外: 上证指数
2026-04-20T10:19:32:   [行情] 东方财富批量接口获取 9 条
2026-04-20T10:19:32:   [行情] 东方财富缺失 1 个指数(HSTECH), 用腾讯补漏
2026-04-20T10:19:32:   [行情] 腾讯备用源获取 1 条
2026-04-20T10:19:32:   [行情] 腾讯补漏成功: HSTECH
2026-04-20T10:19:32:   [天天基金] 最近连续失败，暂时跳过重试
2026-04-20T10:19:33:   [沪深300] 开始获取数据...
2026-04-20T10:19:33:   [中证500] 开始获取数据...
2026-04-20T10:19:33:   [中证红利] 开始获取数据...
2026-04-20T10:19:33:   [中证红利低波] 开始获取数据...
2026-04-20T10:19:33:   [中证消费] 开始获取数据...
2026-04-20T10:19:33:   [科创50] 开始获取数据...
2026-04-20T10:19:33:   [沪深300] 蛋卷基金: PE=14.4034, PE百分位=89.36%, 估值=high
2026-04-20T10:19:33:   [沪深300] 完成: price=4747.06, PE=14.4034, PE%=89.36%, temp=60°, src=danjuan-wind
2026-04-20T10:19:33:   [中证500] 蛋卷基金: PE=36.4631, PE百分位=85.52%, 估值=high
2026-04-20T10:19:33:   [中证500] 完成: price=8279.2, PE=36.4631, PE%=85.52%, temp=74°, src=danjuan-wind
2026-04-20T10:19:33:   [中证红利] 蛋卷基金: PE=8.6124, PE百分位=80.68%, 估值=high
2026-04-20T10:19:33:   [中证红利] 完成: price=5694.2, PE=8.6124, PE%=80.68%, temp=29°, src=danjuan-wind
2026-04-20T10:19:33:   [中证红利低波] 蛋卷基金: PE=8.4035, PE百分位=77.92%, 估值=high
2026-04-20T10:19:33:   [中证红利低波] 完成: price=11377.59, PE=8.4035, PE%=77.92%, temp=N/A, src=danjuan-wind
2026-04-20T10:19:33:   [中证消费] 蛋卷基金: PE=19.9003, PE百分位=7.92%, 估值=low
2026-04-20T10:19:33:   [中证消费] 完成: price=14253.07, PE=19.9003, PE%=7.92%, temp=0°, src=danjuan-wind
2026-04-20T10:19:33:   [科创50] 蛋卷基金: PE=159.6906, PE百分位=92.33%, 估值=high
2026-04-20T10:19:33:   [科创50] 完成: price=1440.37, PE=159.6906, PE%=92.33%, temp=N/A, src=danjuan-wind
2026-04-20T10:19:33:   [恒生科技] 开始获取数据...
2026-04-20T10:19:33:   [标普500] 开始获取数据...
2026-04-20T10:19:33:   [纳斯达克100] 开始获取数据...
2026-04-20T10:19:33:   [上证指数] 开始获取数据...
2026-04-20T10:19:33:   [恒生科技] 蛋卷基金: PE=23.1832, PE百分位=33.98%, 估值=high
2026-04-20T10:19:33:   [恒生科技] 完成: price=5057.54, PE=23.1832, PE%=33.98%, temp=11°, src=danjuan-wind
2026-04-20T10:19:33:   [标普500] 完成: price=7126.06, PE=null, PE%=null%, temp=N/A, src=none
2026-04-20T10:19:33:   [纳斯达克100] 完成: price=24468.48, PE=null, PE%=null%, temp=N/A, src=none
2026-04-20T10:19:33:   [上证指数] 完成: price=4071.55, PE=null, PE%=null%, temp=N/A, src=none
2026-04-20T10:19:33: [数据] ===== 全部完成，耗时 0.4s =====
2026-04-20T10:19:33: [缓存] indices 数据获取完成，耗时 0.4s
2026-04-20T10:19:36: [数据] ===== 开始获取所有指数数据 =====
2026-04-20T10:19:36:   [配置] 核心指数: 沪深300, 中证500, 中证红利, 中证红利低波, 中证消费, 科创50, 恒生科技, 标普500, 纳斯达克100
2026-04-20T10:19:36:   [配置] Dashboard额外: 上证指数
2026-04-20T10:19:36:   [行情] 东方财富批量接口获取 9 条
2026-04-20T10:19:36:   [行情] 东方财富缺失 1 个指数(HSTECH), 用腾讯补漏
2026-04-20T10:19:36:   [行情] 腾讯备用源获取 1 条
2026-04-20T10:19:36:   [行情] 腾讯补漏成功: HSTECH
2026-04-20T10:19:36:   [天天基金] 最近连续失败，暂时跳过重试
2026-04-20T10:19:37:   [沪深300] 开始获取数据...
2026-04-20T10:19:37:   [中证500] 开始获取数据...
2026-04-20T10:19:37:   [中证红利] 开始获取数据...
2026-04-20T10:19:37:   [中证红利低波] 开始获取数据...
2026-04-20T10:19:37:   [中证消费] 开始获取数据...
2026-04-20T10:19:37:   [科创50] 开始获取数据...
2026-04-20T10:19:37:   [沪深300] 蛋卷基金: PE=14.4034, PE百分位=89.36%, 估值=high
2026-04-20T10:19:37:   [沪深300] 完成: price=4748.23, PE=14.4034, PE%=89.36%, temp=60°, src=danjuan-wind
2026-04-20T10:19:37:   [中证500] 蛋卷基金: PE=36.4631, PE百分位=85.52%, 估值=high
2026-04-20T10:19:37:   [中证500] 完成: price=8283.35, PE=36.4631, PE%=85.52%, temp=74°, src=danjuan-wind
2026-04-20T10:19:37:   [中证红利] 蛋卷基金: PE=8.6124, PE百分位=80.68%, 估值=high
2026-04-20T10:19:37:   [中证红利] 完成: price=5695.04, PE=8.6124, PE%=80.68%, temp=29°, src=danjuan-wind
2026-04-20T10:19:37:   [中证红利低波] 蛋卷基金: PE=8.4035, PE百分位=77.92%, 估值=high
2026-04-20T10:19:37:   [中证红利低波] 完成: price=11378.17, PE=8.4035, PE%=77.92%, temp=N/A, src=danjuan-wind
2026-04-20T10:19:37:   [中证消费] 蛋卷基金: PE=19.9003, PE百分位=7.92%, 估值=low
2026-04-20T10:19:37:   [中证消费] 完成: price=14254.99, PE=19.9003, PE%=7.92%, temp=0°, src=danjuan-wind
2026-04-20T10:19:37:   [科创50] 蛋卷基金: PE=159.6906, PE百分位=92.33%, 估值=high
2026-04-20T10:19:37:   [科创50] 完成: price=1440.81, PE=159.6906, PE%=92.33%, temp=N/A, src=danjuan-wind
2026-04-20T10:19:37:   [恒生科技] 开始获取数据...
2026-04-20T10:19:37:   [标普500] 开始获取数据...
2026-04-20T10:19:37:   [纳斯达克100] 开始获取数据...
2026-04-20T10:19:37:   [上证指数] 开始获取数据...
2026-04-20T10:19:37:   [恒生科技] 蛋卷基金: PE=23.1832, PE百分位=33.98%, 估值=high
2026-04-20T10:19:37:   [恒生科技] 完成: price=5054.98, PE=23.1832, PE%=33.98%, temp=11°, src=danjuan-wind
2026-04-20T10:19:37:   [标普500] 完成: price=7126.06, PE=null, PE%=null%, temp=N/A, src=none
2026-04-20T10:19:37:   [纳斯达克100] 完成: price=24468.48, PE=null, PE%=null%, temp=N/A, src=none
2026-04-20T10:19:37:   [上证指数] 完成: price=4072.46, PE=null, PE%=null%, temp=N/A, src=none
2026-04-20T10:19:37: [数据] ===== 全部完成，耗时 0.3s =====
2026-04-20T10:19:37: [缓存] indices 数据获取完成，耗时 0.3s
2026-04-20T10:19:39: [数据] ===== 开始获取所有指数数据 =====
2026-04-20T10:19:39:   [配置] 核心指数: 沪深300, 中证500, 中证红利, 中证红利低波, 中证消费, 科创50, 恒生科技, 标普500, 纳斯达克100
2026-04-20T10:19:39:   [配置] Dashboard额外: 上证指数
2026-04-20T10:19:39:   [行情] 东方财富批量接口获取 9 条
2026-04-20T10:19:39:   [行情] 东方财富缺失 1 个指数(HSTECH), 用腾讯补漏
2026-04-20T10:19:39:   [行情] 腾讯备用源获取 1 条
2026-04-20T10:19:39:   [行情] 腾讯补漏成功: HSTECH
2026-04-20T10:19:39:   [天天基金] 最近连续失败，暂时跳过重试
2026-04-20T10:19:40:   [沪深300] 开始获取数据...
2026-04-20T10:19:40:   [中证500] 开始获取数据...
2026-04-20T10:19:40:   [中证红利] 开始获取数据...
2026-04-20T10:19:40:   [中证红利低波] 开始获取数据...
2026-04-20T10:19:40:   [中证消费] 开始获取数据...
2026-04-20T10:19:40:   [科创50] 开始获取数据...
2026-04-20T10:19:40:   [沪深300] 蛋卷基金: PE=14.4034, PE百分位=89.36%, 估值=high
2026-04-20T10:19:40:   [沪深300] 完成: price=4748.13, PE=14.4034, PE%=89.36%, temp=60°, src=danjuan-wind
2026-04-20T10:19:40:   [中证500] 蛋卷基金: PE=36.4631, PE百分位=85.52%, 估值=high
2026-04-20T10:19:40:   [中证500] 完成: price=8283.83, PE=36.4631, PE%=85.52%, temp=74°, src=danjuan-wind
2026-04-20T10:19:40:   [中证红利] 蛋卷基金: PE=8.6124, PE百分位=80.68%, 估值=high
2026-04-20T10:19:40:   [中证红利] 完成: price=5695.04, PE=8.6124, PE%=80.68%, temp=29°, src=danjuan-wind
2026-04-20T10:19:40:   [中证红利低波] 蛋卷基金: PE=8.4035, PE百分位=77.92%, 估值=high
2026-04-20T10:19:40:   [中证红利低波] 完成: price=11378.17, PE=8.4035, PE%=77.92%, temp=N/A, src=danjuan-wind
2026-04-20T10:19:40:   [中证消费] 蛋卷基金: PE=19.9003, PE百分位=7.92%, 估值=low
2026-04-20T10:19:40:   [中证消费] 完成: price=14254.67, PE=19.9003, PE%=7.92%, temp=0°, src=danjuan-wind
2026-04-20T10:19:40:   [科创50] 蛋卷基金: PE=159.6906, PE百分位=92.33%, 估值=high
2026-04-20T10:19:40:   [科创50] 完成: price=1440.99, PE=159.6906, PE%=92.33%, temp=N/A, src=danjuan-wind
2026-04-20T10:19:40:   [恒生科技] 开始获取数据...
2026-04-20T10:19:40:   [标普500] 开始获取数据...
2026-04-20T10:19:40:   [纳斯达克100] 开始获取数据...
2026-04-20T10:19:40:   [上证指数] 开始获取数据...
2026-04-20T10:19:40:   [恒生科技] 蛋卷基金: PE=23.1832, PE百分位=33.98%, 估值=high
2026-04-20T10:19:40:   [恒生科技] 完成: price=5053.78, PE=23.1832, PE%=33.98%, temp=11°, src=danjuan-wind
2026-04-20T10:19:40:   [标普500] 完成: price=7126.06, PE=null, PE%=null%, temp=N/A, src=none
2026-04-20T10:19:40:   [纳斯达克100] 完成: price=24468.48, PE=null, PE%=null%, temp=N/A, src=none
2026-04-20T10:19:40:   [上证指数] 完成: price=4072.17, PE=null, PE%=null%, temp=N/A, src=none
2026-04-20T10:19:40: [数据] ===== 全部完成，耗时 0.4s =====
2026-04-20T10:19:40: [缓存] indices 数据获取完成，耗时 0.4s
2026-04-20T10:19:40:   [行情] 东方财富批量接口获取 8 条
2026-04-20T10:19:40:   [行情] 东方财富缺失 1 个指数(HSTECH), 用腾讯补漏
2026-04-20T10:19:40:   [行情] 腾讯备用源获取 1 条
2026-04-20T10:19:40:   [行情] 腾讯补漏成功: HSTECH
2026-04-20T10:19:40: [缓存] index-quotes 数据获取完成，耗时 0.0s
2026-04-20T10:19:41: [数据] ===== 开始获取所有指数数据 =====
2026-04-20T10:19:41:   [配置] 核心指数: 沪深300, 中证500, 中证红利, 中证红利低波, 中证消费, 科创50, 恒生科技, 标普500, 纳斯达克100
2026-04-20T10:19:41:   [配置] Dashboard额外: 上证指数
2026-04-20T10:19:41:   [行情] 东方财富批量接口获取 9 条
2026-04-20T10:19:41:   [行情] 东方财富缺失 1 个指数(HSTECH), 用腾讯补漏
2026-04-20T10:19:41:   [行情] 腾讯备用源获取 1 条
2026-04-20T10:19:41:   [行情] 腾讯补漏成功: HSTECH
2026-04-20T10:19:41:   [天天基金] 最近连续失败，暂时跳过重试
2026-04-20T10:19:42:   [沪深300] 开始获取数据...
2026-04-20T10:19:42:   [中证500] 开始获取数据...
2026-04-20T10:19:42:   [中证红利] 开始获取数据...
2026-04-20T10:19:42:   [中证红利低波] 开始获取数据...
2026-04-20T10:19:42:   [中证消费] 开始获取数据...
2026-04-20T10:19:42:   [科创50] 开始获取数据...
2026-04-20T10:19:42:   [沪深300] 蛋卷基金: PE=14.4034, PE百分位=89.36%, 估值=high
2026-04-20T10:19:42:   [沪深300] 完成: price=4748.13, PE=14.4034, PE%=89.36%, temp=60°, src=danjuan-wind
2026-04-20T10:19:42:   [中证500] 蛋卷基金: PE=36.4631, PE百分位=85.52%, 估值=high
2026-04-20T10:19:42:   [中证500] 完成: price=8283.83, PE=36.4631, PE%=85.52%, temp=74°, src=danjuan-wind
2026-04-20T10:19:42:   [中证红利] 蛋卷基金: PE=8.6124, PE百分位=80.68%, 估值=high
2026-04-20T10:19:42:   [中证红利] 完成: price=5696.47, PE=8.6124, PE%=80.68%, temp=29°, src=danjuan-wind
2026-04-20T10:19:42:   [中证红利低波] 蛋卷基金: PE=8.4035, PE百分位=77.92%, 估值=high
2026-04-20T10:19:42:   [中证红利低波] 完成: price=11379.28, PE=8.4035, PE%=77.92%, temp=N/A, src=danjuan-wind
2026-04-20T10:19:42:   [中证消费] 蛋卷基金: PE=19.9003, PE百分位=7.92%, 估值=low
2026-04-20T10:19:42:   [中证消费] 完成: price=14254.67, PE=19.9003, PE%=7.92%, temp=0°, src=danjuan-wind
2026-04-20T10:19:42:   [科创50] 蛋卷基金: PE=159.6906, PE百分位=92.33%, 估值=high
2026-04-20T10:19:42:   [科创50] 完成: price=1440.99, PE=159.6906, PE%=92.33%, temp=N/A, src=danjuan-wind
2026-04-20T10:19:42:   [恒生科技] 开始获取数据...
2026-04-20T10:19:42:   [标普500] 开始获取数据...
2026-04-20T10:19:42:   [纳斯达克100] 开始获取数据...
2026-04-20T10:19:42:   [上证指数] 开始获取数据...
2026-04-20T10:19:42:   [恒生科技] 蛋卷基金: PE=23.1832, PE百分位=33.98%, 估值=high
2026-04-20T10:19:42:   [恒生科技] 完成: price=5054.45, PE=23.1832, PE%=33.98%, temp=11°, src=danjuan-wind
2026-04-20T10:19:42:   [标普500] 完成: price=7126.06, PE=null, PE%=null%, temp=N/A, src=none
2026-04-20T10:19:42:   [纳斯达克100] 完成: price=24468.48, PE=null, PE%=null%, temp=N/A, src=none
2026-04-20T10:19:42:   [上证指数] 完成: price=4072.17, PE=null, PE%=null%, temp=N/A, src=none
2026-04-20T10:19:42: [数据] ===== 全部完成，耗时 0.4s =====
2026-04-20T10:19:42: [缓存] indices 数据获取完成，耗时 0.4s
2026-04-20T10:19:44: [数据] ===== 开始获取所有指数数据 =====
2026-04-20T10:19:44:   [配置] 核心指数: 沪深300, 中证500, 中证红利, 中证红利低波, 中证消费, 科创50, 恒生科技, 标普500, 纳斯达克100
2026-04-20T10:19:44:   [配置] Dashboard额外: 上证指数
2026-04-20T10:19:44:   [行情] 东方财富批量接口获取 9 条
2026-04-20T10:19:44:   [行情] 东方财富缺失 1 个指数(HSTECH), 用腾讯补漏
2026-04-20T10:19:44:   [行情] 腾讯备用源获取 1 条
2026-04-20T10:19:44:   [行情] 腾讯补漏成功: HSTECH
2026-04-20T10:19:44:   [天天基金] 最近连续失败，暂时跳过重试
2026-04-20T10:19:45:   [沪深300] 开始获取数据...
2026-04-20T10:19:45:   [中证500] 开始获取数据...
2026-04-20T10:19:45:   [中证红利] 开始获取数据...
2026-04-20T10:19:45:   [中证红利低波] 开始获取数据...
2026-04-20T10:19:45:   [中证消费] 开始获取数据...
2026-04-20T10:19:45:   [科创50] 开始获取数据...
2026-04-20T10:19:45:   [沪深300] 蛋卷基金: PE=14.4034, PE百分位=89.36%, 估值=high
2026-04-20T10:19:45:   [沪深300] 完成: price=4748.45, PE=14.4034, PE%=89.36%, temp=60°, src=danjuan-wind
2026-04-20T10:19:45:   [中证500] 蛋卷基金: PE=36.4631, PE百分位=85.52%, 估值=high
2026-04-20T10:19:45:   [中证500] 完成: price=8284.47, PE=36.4631, PE%=85.52%, temp=74°, src=danjuan-wind
2026-04-20T10:19:45:   [中证红利] 蛋卷基金: PE=8.6124, PE百分位=80.68%, 估值=high
2026-04-20T10:19:45:   [中证红利] 完成: price=5696.47, PE=8.6124, PE%=80.68%, temp=29°, src=danjuan-wind
2026-04-20T10:19:45:   [中证红利低波] 蛋卷基金: PE=8.4035, PE百分位=77.92%, 估值=high
2026-04-20T10:19:45:   [中证红利低波] 完成: price=11379.28, PE=8.4035, PE%=77.92%, temp=N/A, src=danjuan-wind
2026-04-20T10:19:45:   [中证消费] 蛋卷基金: PE=19.9003, PE百分位=7.92%, 估值=low
2026-04-20T10:19:45:   [中证消费] 完成: price=14255.04, PE=19.9003, PE%=7.92%, temp=0°, src=danjuan-wind
2026-04-20T10:19:45:   [科创50] 蛋卷基金: PE=159.6906, PE百分位=92.33%, 估值=high
2026-04-20T10:19:45:   [科创50] 完成: price=1441.03, PE=159.6906, PE%=92.33%, temp=N/A, src=danjuan-wind
2026-04-20T10:19:45:   [恒生科技] 开始获取数据...
2026-04-20T10:19:45:   [标普500] 开始获取数据...
2026-04-20T10:19:45:   [纳斯达克100] 开始获取数据...
2026-04-20T10:19:45:   [上证指数] 开始获取数据...
2026-04-20T10:19:45:   [恒生科技] 蛋卷基金: PE=23.1832, PE百分位=33.98%, 估值=high
2026-04-20T10:19:45:   [恒生科技] 完成: price=5054.59, PE=23.1832, PE%=33.98%, temp=11°, src=danjuan-wind
2026-04-20T10:19:45:   [标普500] 完成: price=7126.06, PE=null, PE%=null%, temp=N/A, src=none
2026-04-20T10:19:45:   [纳斯达克100] 完成: price=24468.48, PE=null, PE%=null%, temp=N/A, src=none
2026-04-20T10:19:45:   [上证指数] 完成: price=4072.6, PE=null, PE%=null%, temp=N/A, src=none
2026-04-20T10:19:45: [数据] ===== 全部完成，耗时 0.4s =====
2026-04-20T10:19:45: [缓存] indices 数据获取完成，耗时 0.4s
2026-04-20T10:19:46: [数据] ===== 开始获取所有指数数据 =====
2026-04-20T10:19:46:   [配置] 核心指数: 沪深300, 中证500, 中证红利, 中证红利低波, 中证消费, 科创50, 恒生科技, 标普500, 纳斯达克100
2026-04-20T10:19:46:   [配置] Dashboard额外: 上证指数
2026-04-20T10:19:46:   [行情] 东方财富批量接口获取 9 条
2026-04-20T10:19:46:   [行情] 东方财富缺失 1 个指数(HSTECH), 用腾讯补漏
2026-04-20T10:19:46:   [行情] 腾讯备用源获取 1 条
2026-04-20T10:19:46:   [行情] 腾讯补漏成功: HSTECH
2026-04-20T10:19:46:   [天天基金] 最近连续失败，暂时跳过重试
2026-04-20T10:19:47:   [沪深300] 开始获取数据...
2026-04-20T10:19:47:   [中证500] 开始获取数据...
2026-04-20T10:19:47:   [中证红利] 开始获取数据...
2026-04-20T10:19:47:   [中证红利低波] 开始获取数据...
2026-04-20T10:19:47:   [中证消费] 开始获取数据...
2026-04-20T10:19:47:   [科创50] 开始获取数据...
2026-04-20T10:19:47:   [沪深300] 蛋卷基金: PE=14.4034, PE百分位=89.36%, 估值=high
2026-04-20T10:19:47:   [沪深300] 完成: price=4748.42, PE=14.4034, PE%=89.36%, temp=60°, src=danjuan-wind
2026-04-20T10:19:47:   [中证500] 蛋卷基金: PE=36.4631, PE百分位=85.52%, 估值=high
2026-04-20T10:19:47:   [中证500] 完成: price=8284.9, PE=36.4631, PE%=85.52%, temp=74°, src=danjuan-wind
2026-04-20T10:19:47:   [中证红利] 蛋卷基金: PE=8.6124, PE百分位=80.68%, 估值=high
2026-04-20T10:19:47:   [中证红利] 完成: price=5696.29, PE=8.6124, PE%=80.68%, temp=29°, src=danjuan-wind
2026-04-20T10:19:47:   [中证红利低波] 蛋卷基金: PE=8.4035, PE百分位=77.92%, 估值=high
2026-04-20T10:19:47:   [中证红利低波] 完成: price=11379.22, PE=8.4035, PE%=77.92%, temp=N/A, src=danjuan-wind
2026-04-20T10:19:47:   [中证消费] 蛋卷基金: PE=19.9003, PE百分位=7.92%, 估值=low
2026-04-20T10:19:47:   [中证消费] 完成: price=14255.59, PE=19.9003, PE%=7.92%, temp=0°, src=danjuan-wind
2026-04-20T10:19:47:   [科创50] 蛋卷基金: PE=159.6906, PE百分位=92.33%, 估值=high
2026-04-20T10:19:47:   [科创50] 完成: price=1441.25, PE=159.6906, PE%=92.33%, temp=N/A, src=danjuan-wind
2026-04-20T10:19:47:   [恒生科技] 开始获取数据...
2026-04-20T10:19:47:   [标普500] 开始获取数据...
2026-04-20T10:19:47:   [纳斯达克100] 开始获取数据...
2026-04-20T10:19:47:   [上证指数] 开始获取数据...
2026-04-20T10:19:47:   [恒生科技] 蛋卷基金: PE=23.1832, PE百分位=33.98%, 估值=high
2026-04-20T10:19:47:   [恒生科技] 完成: price=5054.49, PE=23.1832, PE%=33.98%, temp=11°, src=danjuan-wind
2026-04-20T10:19:47:   [标普500] 完成: price=7126.06, PE=null, PE%=null%, temp=N/A, src=none
2026-04-20T10:19:47:   [纳斯达克100] 完成: price=24468.48, PE=null, PE%=null%, temp=N/A, src=none
2026-04-20T10:19:47:   [上证指数] 完成: price=4072.36, PE=null, PE%=null%, temp=N/A, src=none
2026-04-20T10:19:47: [数据] ===== 全部完成，耗时 0.4s =====
2026-04-20T10:19:47: [缓存] indices 数据获取完成，耗时 0.4s
2026-04-20T10:19:49: [数据] ===== 开始获取所有指数数据 =====
2026-04-20T10:19:49:   [配置] 核心指数: 沪深300, 中证500, 中证红利, 中证红利低波, 中证消费, 科创50, 恒生科技, 标普500, 纳斯达克100
2026-04-20T10:19:49:   [配置] Dashboard额外: 上证指数
2026-04-20T10:19:49:   [行情] 东方财富批量接口获取 9 条
2026-04-20T10:19:49:   [行情] 东方财富缺失 1 个指数(HSTECH), 用腾讯补漏
2026-04-20T10:19:49:   [行情] 腾讯备用源获取 1 条
2026-04-20T10:19:49:   [行情] 腾讯补漏成功: HSTECH
2026-04-20T10:19:49:   [天天基金] 最近连续失败，暂时跳过重试
2026-04-20T10:19:50:   [沪深300] 开始获取数据...
2026-04-20T10:19:50:   [中证500] 开始获取数据...
2026-04-20T10:19:50:   [中证红利] 开始获取数据...
2026-04-20T10:19:50:   [中证红利低波] 开始获取数据...
2026-04-20T10:19:50:   [中证消费] 开始获取数据...
2026-04-20T10:19:50:   [科创50] 开始获取数据...
2026-04-20T10:19:50:   [沪深300] 蛋卷基金: PE=14.4034, PE百分位=89.36%, 估值=high
2026-04-20T10:19:50:   [沪深300] 完成: price=4748.15, PE=14.4034, PE%=89.36%, temp=60°, src=danjuan-wind
2026-04-20T10:19:50:   [中证500] 蛋卷基金: PE=36.4631, PE百分位=85.52%, 估值=high
2026-04-20T10:19:50:   [中证500] 完成: price=8285.19, PE=36.4631, PE%=85.52%, temp=74°, src=danjuan-wind
2026-04-20T10:19:50:   [中证红利] 蛋卷基金: PE=8.6124, PE百分位=80.68%, 估值=high
2026-04-20T10:19:50:   [中证红利] 完成: price=5696.29, PE=8.6124, PE%=80.68%, temp=29°, src=danjuan-wind
2026-04-20T10:19:50:   [中证红利低波] 蛋卷基金: PE=8.4035, PE百分位=77.92%, 估值=high
2026-04-20T10:19:50:   [中证红利低波] 完成: price=11379.22, PE=8.4035, PE%=77.92%, temp=N/A, src=danjuan-wind
2026-04-20T10:19:50:   [中证消费] 蛋卷基金: PE=19.9003, PE百分位=7.92%, 估值=low
2026-04-20T10:19:50:   [中证消费] 完成: price=14255.42, PE=19.9003, PE%=7.92%, temp=0°, src=danjuan-wind
2026-04-20T10:19:50:   [科创50] 蛋卷基金: PE=159.6906, PE百分位=92.33%, 估值=high
2026-04-20T10:19:50:   [科创50] 完成: price=1440.64, PE=159.6906, PE%=92.33%, temp=N/A, src=danjuan-wind
2026-04-20T10:19:50:   [恒生科技] 开始获取数据...
2026-04-20T10:19:50:   [标普500] 开始获取数据...
2026-04-20T10:19:50:   [纳斯达克100] 开始获取数据...
2026-04-20T10:19:50:   [上证指数] 开始获取数据...
2026-04-20T10:19:50:   [恒生科技] 蛋卷基金: PE=23.1832, PE百分位=33.98%, 估值=high
2026-04-20T10:19:50:   [恒生科技] 完成: price=5054.49, PE=23.1832, PE%=33.98%, temp=11°, src=danjuan-wind
2026-04-20T10:19:50:   [标普500] 完成: price=7126.06, PE=null, PE%=null%, temp=N/A, src=none
2026-04-20T10:19:50:   [纳斯达克100] 完成: price=24468.48, PE=null, PE%=null%, temp=N/A, src=none
2026-04-20T10:19:50:   [上证指数] 完成: price=4072.54, PE=null, PE%=null%, temp=N/A, src=none
2026-04-20T10:19:50: [数据] ===== 全部完成，耗时 0.4s =====
2026-04-20T10:19:50: [缓存] indices 数据获取完成，耗时 0.4s
2026-04-20T10:19:52: [数据] ===== 开始获取所有指数数据 =====
2026-04-20T10:19:52:   [配置] 核心指数: 沪深300, 中证500, 中证红利, 中证红利低波, 中证消费, 科创50, 恒生科技, 标普500, 纳斯达克100
2026-04-20T10:19:52:   [配置] Dashboard额外: 上证指数
2026-04-20T10:19:52:   [行情] 东方财富批量接口获取 9 条
2026-04-20T10:19:52:   [行情] 东方财富缺失 1 个指数(HSTECH), 用腾讯补漏
2026-04-20T10:19:52:   [行情] 腾讯备用源获取 1 条
2026-04-20T10:19:52:   [行情] 腾讯补漏成功: HSTECH
2026-04-20T10:19:52:   [天天基金] 最近连续失败，暂时跳过重试
2026-04-20T10:19:53:   [沪深300] 开始获取数据...
2026-04-20T10:19:53:   [中证500] 开始获取数据...
2026-04-20T10:19:53:   [中证红利] 开始获取数据...
2026-04-20T10:19:53:   [中证红利低波] 开始获取数据...
2026-04-20T10:19:53:   [中证消费] 开始获取数据...
2026-04-20T10:19:53:   [科创50] 开始获取数据...
2026-04-20T10:19:53:   [沪深300] 蛋卷基金: PE=14.4034, PE百分位=89.36%, 估值=high
2026-04-20T10:19:53:   [沪深300] 完成: price=4748.43, PE=14.4034, PE%=89.36%, temp=60°, src=danjuan-wind
2026-04-20T10:19:53:   [中证500] 蛋卷基金: PE=36.4631, PE百分位=85.52%, 估值=high
2026-04-20T10:19:53:   [中证500] 完成: price=8286.06, PE=36.4631, PE%=85.52%, temp=74°, src=danjuan-wind
2026-04-20T10:19:53:   [中证红利] 蛋卷基金: PE=8.6124, PE百分位=80.68%, 估值=high
2026-04-20T10:19:53:   [中证红利] 完成: price=5696.45, PE=8.6124, PE%=80.68%, temp=29°, src=danjuan-wind
2026-04-20T10:19:53:   [中证红利低波] 蛋卷基金: PE=8.4035, PE百分位=77.92%, 估值=high
2026-04-20T10:19:53:   [中证红利低波] 完成: price=11378.96, PE=8.4035, PE%=77.92%, temp=N/A, src=danjuan-wind
2026-04-20T10:19:53:   [中证消费] 蛋卷基金: PE=19.9003, PE百分位=7.92%, 估值=low
2026-04-20T10:19:53:   [中证消费] 完成: price=14255.93, PE=19.9003, PE%=7.92%, temp=0°, src=danjuan-wind
2026-04-20T10:19:53:   [科创50] 蛋卷基金: PE=159.6906, PE百分位=92.33%, 估值=high
2026-04-20T10:19:53:   [科创50] 完成: price=1440.77, PE=159.6906, PE%=92.33%, temp=N/A, src=danjuan-wind
2026-04-20T10:19:53:   [恒生科技] 开始获取数据...
2026-04-20T10:19:53:   [标普500] 开始获取数据...
2026-04-20T10:19:53:   [纳斯达克100] 开始获取数据...
2026-04-20T10:19:53:   [上证指数] 开始获取数据...
2026-04-20T10:19:53:   [恒生科技] 蛋卷基金: PE=23.1832, PE百分位=33.98%, 估值=high
2026-04-20T10:19:53:   [恒生科技] 完成: price=5055, PE=23.1832, PE%=33.98%, temp=11°, src=danjuan-wind
2026-04-20T10:19:53:   [标普500] 完成: price=7126.06, PE=null, PE%=null%, temp=N/A, src=none
2026-04-20T10:19:53:   [纳斯达克100] 完成: price=24468.48, PE=null, PE%=null%, temp=N/A, src=none
2026-04-20T10:19:53:   [上证指数] 完成: price=4072.97, PE=null, PE%=null%, temp=N/A, src=none
2026-04-20T10:19:53: [数据] ===== 全部完成，耗时 0.3s =====
2026-04-20T10:19:53: [缓存] indices 数据获取完成，耗时 0.3s
2026-04-20T10:19:55: [数据] ===== 开始获取所有指数数据 =====
2026-04-20T10:19:55:   [配置] 核心指数: 沪深300, 中证500, 中证红利, 中证红利低波, 中证消费, 科创50, 恒生科技, 标普500, 纳斯达克100
2026-04-20T10:19:55:   [配置] Dashboard额外: 上证指数
2026-04-20T10:19:55:   [行情] 东方财富批量接口获取 9 条
2026-04-20T10:19:55:   [行情] 东方财富缺失 1 个指数(HSTECH), 用腾讯补漏
2026-04-20T10:19:55:   [行情] 腾讯备用源获取 1 条
2026-04-20T10:19:55:   [行情] 腾讯补漏成功: HSTECH
2026-04-20T10:19:55:   [天天基金] 最近连续失败，暂时跳过重试
2026-04-20T10:19:56:   [沪深300] 开始获取数据...
2026-04-20T10:19:56:   [中证500] 开始获取数据...
2026-04-20T10:19:56:   [中证红利] 开始获取数据...
2026-04-20T10:19:56:   [中证红利低波] 开始获取数据...
2026-04-20T10:19:56:   [中证消费] 开始获取数据...
2026-04-20T10:19:56:   [科创50] 开始获取数据...
2026-04-20T10:19:56:   [沪深300] 蛋卷基金: PE=14.4034, PE百分位=89.36%, 估值=high
2026-04-20T10:19:56:   [沪深300] 完成: price=4748.53, PE=14.4034, PE%=89.36%, temp=60°, src=danjuan-wind
2026-04-20T10:19:56:   [中证500] 蛋卷基金: PE=36.4631, PE百分位=85.52%, 估值=high
2026-04-20T10:19:56:   [中证500] 完成: price=8286.3, PE=36.4631, PE%=85.52%, temp=74°, src=danjuan-wind
2026-04-20T10:19:56:   [中证红利] 蛋卷基金: PE=8.6124, PE百分位=80.68%, 估值=high
2026-04-20T10:19:56:   [中证红利] 完成: price=5696.63, PE=8.6124, PE%=80.68%, temp=29°, src=danjuan-wind
2026-04-20T10:19:56:   [中证红利低波] 蛋卷基金: PE=8.4035, PE百分位=77.92%, 估值=high
2026-04-20T10:19:56:   [中证红利低波] 完成: price=11379.82, PE=8.4035, PE%=77.92%, temp=N/A, src=danjuan-wind
2026-04-20T10:19:56:   [中证消费] 蛋卷基金: PE=19.9003, PE百分位=7.92%, 估值=low
2026-04-20T10:19:56:   [中证消费] 完成: price=14255.83, PE=19.9003, PE%=7.92%, temp=0°, src=danjuan-wind
2026-04-20T10:19:56:   [科创50] 蛋卷基金: PE=159.6906, PE百分位=92.33%, 估值=high
2026-04-20T10:19:56:   [科创50] 完成: price=1440.82, PE=159.6906, PE%=92.33%, temp=N/A, src=danjuan-wind
2026-04-20T10:19:56:   [恒生科技] 开始获取数据...
2026-04-20T10:19:56:   [标普500] 开始获取数据...
2026-04-20T10:19:56:   [纳斯达克100] 开始获取数据...
2026-04-20T10:19:56:   [上证指数] 开始获取数据...
2026-04-20T10:19:56:   [恒生科技] 蛋卷基金: PE=23.1832, PE百分位=33.98%, 估值=high
2026-04-20T10:19:56:   [恒生科技] 完成: price=5055.08, PE=23.1832, PE%=33.98%, temp=11°, src=danjuan-wind
2026-04-20T10:19:56:   [标普500] 完成: price=7126.06, PE=null, PE%=null%, temp=N/A, src=none
2026-04-20T10:19:56:   [纳斯达克100] 完成: price=24468.48, PE=null, PE%=null%, temp=N/A, src=none
2026-04-20T10:19:56:   [上证指数] 完成: price=4073.16, PE=null, PE%=null%, temp=N/A, src=none
2026-04-20T10:19:56: [数据] ===== 全部完成，耗时 0.4s =====
2026-04-20T10:19:56: [缓存] indices 数据获取完成，耗时 0.4s
2026-04-20T10:19:58: [数据] ===== 开始获取所有指数数据 =====
2026-04-20T10:19:58:   [配置] 核心指数: 沪深300, 中证500, 中证红利, 中证红利低波, 中证消费, 科创50, 恒生科技, 标普500, 纳斯达克100
2026-04-20T10:19:58:   [配置] Dashboard额外: 上证指数
2026-04-20T10:19:58:   [行情] 东方财富批量接口获取 9 条
2026-04-20T10:19:58:   [行情] 东方财富缺失 1 个指数(HSTECH), 用腾讯补漏
2026-04-20T10:19:58:   [行情] 腾讯备用源获取 1 条
2026-04-20T10:19:58:   [行情] 腾讯补漏成功: HSTECH
2026-04-20T10:19:58:   [天天基金] 最近连续失败，暂时跳过重试
2026-04-20T10:19:59:   [沪深300] 开始获取数据...
2026-04-20T10:19:59:   [中证500] 开始获取数据...
2026-04-20T10:19:59:   [中证红利] 开始获取数据...
2026-04-20T10:19:59:   [中证红利低波] 开始获取数据...
2026-04-20T10:19:59:   [中证消费] 开始获取数据...
2026-04-20T10:19:59:   [科创50] 开始获取数据...
2026-04-20T10:19:59:   [沪深300] 蛋卷基金: PE=14.4034, PE百分位=89.36%, 估值=high
2026-04-20T10:19:59:   [沪深300] 完成: price=4748.69, PE=14.4034, PE%=89.36%, temp=60°, src=danjuan-wind
2026-04-20T10:19:59:   [中证500] 蛋卷基金: PE=36.4631, PE百分位=85.52%, 估值=high
2026-04-20T10:19:59:   [中证500] 完成: price=8286.57, PE=36.4631, PE%=85.52%, temp=74°, src=danjuan-wind
2026-04-20T10:19:59:   [中证红利] 蛋卷基金: PE=8.6124, PE百分位=80.68%, 估值=high
2026-04-20T10:19:59:   [中证红利] 完成: price=5696.63, PE=8.6124, PE%=80.68%, temp=29°, src=danjuan-wind
2026-04-20T10:19:59:   [中证红利低波] 蛋卷基金: PE=8.4035, PE百分位=77.92%, 估值=high
2026-04-20T10:19:59:   [中证红利低波] 完成: price=11379.82, PE=8.4035, PE%=77.92%, temp=N/A, src=danjuan-wind
2026-04-20T10:19:59:   [中证消费] 蛋卷基金: PE=19.9003, PE百分位=7.92%, 估值=low
2026-04-20T10:19:59:   [中证消费] 完成: price=14257.31, PE=19.9003, PE%=7.92%, temp=0°, src=danjuan-wind
2026-04-20T10:19:59:   [科创50] 蛋卷基金: PE=159.6906, PE百分位=92.33%, 估值=high
2026-04-20T10:19:59:   [科创50] 完成: price=1440.69, PE=159.6906, PE%=92.33%, temp=N/A, src=danjuan-wind
2026-04-20T10:19:59:   [恒生科技] 开始获取数据...
2026-04-20T10:19:59:   [标普500] 开始获取数据...
2026-04-20T10:19:59:   [纳斯达克100] 开始获取数据...
2026-04-20T10:19:59:   [上证指数] 开始获取数据...
2026-04-20T10:19:59:   [恒生科技] 蛋卷基金: PE=23.1832, PE百分位=33.98%, 估值=high
2026-04-20T10:19:59:   [恒生科技] 完成: price=5055.33, PE=23.1832, PE%=33.98%, temp=11°, src=danjuan-wind
2026-04-20T10:19:59:   [标普500] 完成: price=7126.06, PE=null, PE%=null%, temp=N/A, src=none
2026-04-20T10:19:59:   [纳斯达克100] 完成: price=24468.48, PE=null, PE%=null%, temp=N/A, src=none
2026-04-20T10:19:59:   [上证指数] 完成: price=4073.2, PE=null, PE%=null%, temp=N/A, src=none
2026-04-20T10:19:59: [数据] ===== 全部完成，耗时 0.4s =====
2026-04-20T10:19:59: [缓存] indices 数据获取完成，耗时 0.4s
2026-04-20T10:20:02: [数据] ===== 开始获取所有指数数据 =====
2026-04-20T10:20:02:   [配置] 核心指数: 沪深300, 中证500, 中证红利, 中证红利低波, 中证消费, 科创50, 恒生科技, 标普500, 纳斯达克100
2026-04-20T10:20:02:   [配置] Dashboard额外: 上证指数
2026-04-20T10:20:02:   [行情] 东方财富批量接口获取 9 条
2026-04-20T10:20:02:   [行情] 东方财富缺失 1 个指数(HSTECH), 用腾讯补漏
2026-04-20T10:20:02:   [行情] 腾讯备用源获取 1 条
2026-04-20T10:20:02:   [行情] 腾讯补漏成功: HSTECH
2026-04-20T10:20:02:   [天天基金] 最近连续失败，暂时跳过重试
2026-04-20T10:20:03:   [沪深300] 开始获取数据...
2026-04-20T10:20:03:   [中证500] 开始获取数据...
2026-04-20T10:20:03:   [中证红利] 开始获取数据...
2026-04-20T10:20:03:   [中证红利低波] 开始获取数据...
2026-04-20T10:20:03:   [中证消费] 开始获取数据...
2026-04-20T10:20:03:   [科创50] 开始获取数据...
2026-04-20T10:20:03:   [沪深300] 蛋卷基金: PE=14.4034, PE百分位=89.36%, 估值=high
2026-04-20T10:20:03:   [沪深300] 完成: price=4748.37, PE=14.4034, PE%=89.36%, temp=60°, src=danjuan-wind
2026-04-20T10:20:03:   [中证500] 蛋卷基金: PE=36.4631, PE百分位=85.52%, 估值=high
2026-04-20T10:20:03:   [中证500] 完成: price=8285.8, PE=36.4631, PE%=85.52%, temp=74°, src=danjuan-wind
2026-04-20T10:20:03:   [中证红利] 蛋卷基金: PE=8.6124, PE百分位=80.68%, 估值=high
2026-04-20T10:20:03:   [中证红利] 完成: price=5697.54, PE=8.6124, PE%=80.68%, temp=29°, src=danjuan-wind
2026-04-20T10:20:03:   [中证红利低波] 蛋卷基金: PE=8.4035, PE百分位=77.92%, 估值=high
2026-04-20T10:20:03:   [中证红利低波] 完成: price=11379.59, PE=8.4035, PE%=77.92%, temp=N/A, src=danjuan-wind
2026-04-20T10:20:03:   [中证消费] 蛋卷基金: PE=19.9003, PE百分位=7.92%, 估值=low
2026-04-20T10:20:03:   [中证消费] 完成: price=14257.35, PE=19.9003, PE%=7.92%, temp=0°, src=danjuan-wind
2026-04-20T10:20:03:   [科创50] 蛋卷基金: PE=159.6906, PE百分位=92.33%, 估值=high
2026-04-20T10:20:03:   [科创50] 完成: price=1440.28, PE=159.6906, PE%=92.33%, temp=N/A, src=danjuan-wind
2026-04-20T10:20:03:   [恒生科技] 开始获取数据...
2026-04-20T10:20:03:   [标普500] 开始获取数据...
2026-04-20T10:20:03:   [纳斯达克100] 开始获取数据...
2026-04-20T10:20:03:   [上证指数] 开始获取数据...
2026-04-20T10:20:03:   [恒生科技] 蛋卷基金: PE=23.1832, PE百分位=33.98%, 估值=high
2026-04-20T10:20:03:   [恒生科技] 完成: price=5054.4, PE=23.1832, PE%=33.98%, temp=11°, src=danjuan-wind
2026-04-20T10:20:03:   [标普500] 完成: price=7126.06, PE=null, PE%=null%, temp=N/A, src=none
2026-04-20T10:20:03:   [纳斯达克100] 完成: price=24468.48, PE=null, PE%=null%, temp=N/A, src=none
2026-04-20T10:20:03:   [上证指数] 完成: price=4073.1, PE=null, PE%=null%, temp=N/A, src=none
2026-04-20T10:20:03: [数据] ===== 全部完成，耗时 1.2s =====
2026-04-20T10:20:03: [缓存] indices 数据获取完成，耗时 1.2s
2026-04-20T10:20:06: [数据] ===== 开始获取所有指数数据 =====
2026-04-20T10:20:06:   [配置] 核心指数: 沪深300, 中证500, 中证红利, 中证红利低波, 中证消费, 科创50, 恒生科技, 标普500, 纳斯达克100
2026-04-20T10:20:06:   [配置] Dashboard额外: 上证指数
2026-04-20T10:20:06:   [行情] 东方财富批量接口获取 9 条
2026-04-20T10:20:06:   [行情] 东方财富缺失 1 个指数(HSTECH), 用腾讯补漏
2026-04-20T10:20:06:   [行情] 腾讯备用源获取 1 条
2026-04-20T10:20:06:   [行情] 腾讯补漏成功: HSTECH
2026-04-20T10:20:06:   [天天基金] 最近连续失败，暂时跳过重试
2026-04-20T10:20:07:   [沪深300] 开始获取数据...
2026-04-20T10:20:07:   [中证500] 开始获取数据...
2026-04-20T10:20:07:   [中证红利] 开始获取数据...
2026-04-20T10:20:07:   [中证红利低波] 开始获取数据...
2026-04-20T10:20:07:   [中证消费] 开始获取数据...
2026-04-20T10:20:07:   [科创50] 开始获取数据...
2026-04-20T10:20:07:   [沪深300] 蛋卷基金: PE=14.4034, PE百分位=89.36%, 估值=high
2026-04-20T10:20:07:   [沪深300] 完成: price=4748.81, PE=14.4034, PE%=89.36%, temp=60°, src=danjuan-wind
2026-04-20T10:20:07:   [中证500] 蛋卷基金: PE=36.4631, PE百分位=85.52%, 估值=high
2026-04-20T10:20:07:   [中证500] 完成: price=8285.18, PE=36.4631, PE%=85.52%, temp=74°, src=danjuan-wind
2026-04-20T10:20:07:   [中证红利] 蛋卷基金: PE=8.6124, PE百分位=80.68%, 估值=high
2026-04-20T10:20:07:   [中证红利] 完成: price=5697.55, PE=8.6124, PE%=80.68%, temp=29°, src=danjuan-wind
2026-04-20T10:20:07:   [中证红利低波] 蛋卷基金: PE=8.4035, PE百分位=77.92%, 估值=high
2026-04-20T10:20:07:   [中证红利低波] 完成: price=11379.61, PE=8.4035, PE%=77.92%, temp=N/A, src=danjuan-wind
2026-04-20T10:20:07:   [中证消费] 蛋卷基金: PE=19.9003, PE百分位=7.92%, 估值=low
2026-04-20T10:20:07:   [中证消费] 完成: price=14257.68, PE=19.9003, PE%=7.92%, temp=0°, src=danjuan-wind
2026-04-20T10:20:07:   [科创50] 蛋卷基金: PE=159.6906, PE百分位=92.33%, 估值=high
2026-04-20T10:20:07:   [科创50] 完成: price=1440.3, PE=159.6906, PE%=92.33%, temp=N/A, src=danjuan-wind
2026-04-20T10:20:07:   [恒生科技] 开始获取数据...
2026-04-20T10:20:07:   [标普500] 开始获取数据...
2026-04-20T10:20:07:   [纳斯达克100] 开始获取数据...
2026-04-20T10:20:07:   [上证指数] 开始获取数据...
2026-04-20T10:20:07:   [恒生科技] 蛋卷基金: PE=23.1832, PE百分位=33.98%, 估值=high
2026-04-20T10:20:07:   [恒生科技] 完成: price=5056.03, PE=23.1832, PE%=33.98%, temp=11°, src=danjuan-wind
2026-04-20T10:20:07:   [标普500] 完成: price=7126.06, PE=null, PE%=null%, temp=N/A, src=none
2026-04-20T10:20:07:   [纳斯达克100] 完成: price=24468.48, PE=null, PE%=null%, temp=N/A, src=none
2026-04-20T10:20:07:   [上证指数] 完成: price=4073.09, PE=null, PE%=null%, temp=N/A, src=none
2026-04-20T10:20:07: [数据] ===== 全部完成，耗时 0.6s =====
2026-04-20T10:20:07: [缓存] indices 数据获取完成，耗时 0.6s
2026-04-20T10:20:10: [数据] ===== 开始获取所有指数数据 =====
2026-04-20T10:20:10:   [配置] 核心指数: 沪深300, 中证500, 中证红利, 中证红利低波, 中证消费, 科创50, 恒生科技, 标普500, 纳斯达克100
2026-04-20T10:20:10:   [配置] Dashboard额外: 上证指数
2026-04-20T10:20:10:   [行情] 东方财富批量接口获取 9 条
2026-04-20T10:20:10:   [行情] 东方财富缺失 1 个指数(HSTECH), 用腾讯补漏
2026-04-20T10:20:10:   [行情] 腾讯备用源获取 1 条
2026-04-20T10:20:10:   [行情] 腾讯补漏成功: HSTECH
2026-04-20T10:20:10:   [天天基金] 最近连续失败，暂时跳过重试
2026-04-20T10:20:11:   [沪深300] 开始获取数据...
2026-04-20T10:20:11:   [中证500] 开始获取数据...
2026-04-20T10:20:11:   [中证红利] 开始获取数据...
2026-04-20T10:20:11:   [中证红利低波] 开始获取数据...
2026-04-20T10:20:11:   [中证消费] 开始获取数据...
2026-04-20T10:20:11:   [科创50] 开始获取数据...
2026-04-20T10:20:11:   [沪深300] 蛋卷基金: PE=14.4034, PE百分位=89.36%, 估值=high
2026-04-20T10:20:11:   [沪深300] 完成: price=4748.6, PE=14.4034, PE%=89.36%, temp=60°, src=danjuan-wind
2026-04-20T10:20:11:   [中证500] 蛋卷基金: PE=36.4631, PE百分位=85.52%, 估值=high
2026-04-20T10:20:11:   [中证500] 完成: price=8285.37, PE=36.4631, PE%=85.52%, temp=74°, src=danjuan-wind
2026-04-20T10:20:11:   [中证红利] 蛋卷基金: PE=8.6124, PE百分位=80.68%, 估值=high
2026-04-20T10:20:11:   [中证红利] 完成: price=5697.55, PE=8.6124, PE%=80.68%, temp=29°, src=danjuan-wind
2026-04-20T10:20:11:   [中证红利低波] 蛋卷基金: PE=8.4035, PE百分位=77.92%, 估值=high
2026-04-20T10:20:11:   [中证红利低波] 完成: price=11379.61, PE=8.4035, PE%=77.92%, temp=N/A, src=danjuan-wind
2026-04-20T10:20:11:   [中证消费] 蛋卷基金: PE=19.9003, PE百分位=7.92%, 估值=low
2026-04-20T10:20:11:   [中证消费] 完成: price=14257.77, PE=19.9003, PE%=7.92%, temp=0°, src=danjuan-wind
2026-04-20T10:20:11:   [科创50] 蛋卷基金: PE=159.6906, PE百分位=92.33%, 估值=high
2026-04-20T10:20:11:   [科创50] 完成: price=1440.35, PE=159.6906, PE%=92.33%, temp=N/A, src=danjuan-wind
2026-04-20T10:20:11:   [恒生科技] 开始获取数据...
2026-04-20T10:20:11:   [标普500] 开始获取数据...
2026-04-20T10:20:11:   [纳斯达克100] 开始获取数据...
2026-04-20T10:20:11:   [上证指数] 开始获取数据...
2026-04-20T10:20:11:   [恒生科技] 蛋卷基金: PE=23.1832, PE百分位=33.98%, 估值=high
2026-04-20T10:20:11:   [恒生科技] 完成: price=5056.77, PE=23.1832, PE%=33.98%, temp=11°, src=danjuan-wind
2026-04-20T10:20:11:   [标普500] 完成: price=7126.06, PE=null, PE%=null%, temp=N/A, src=none
2026-04-20T10:20:11:   [纳斯达克100] 完成: price=24468.48, PE=null, PE%=null%, temp=N/A, src=none
2026-04-20T10:20:11:   [上证指数] 完成: price=4072.92, PE=null, PE%=null%, temp=N/A, src=none
2026-04-20T10:20:11: [数据] ===== 全部完成，耗时 0.7s =====
2026-04-20T10:20:11: [缓存] indices 数据获取完成，耗时 0.7s
2026-04-20T10:20:11:   [行情] 东方财富批量接口获取 8 条
2026-04-20T10:20:11:   [行情] 东方财富缺失 1 个指数(HSTECH), 用腾讯补漏
2026-04-20T10:20:11:   [行情] 腾讯备用源获取 1 条
2026-04-20T10:20:11:   [行情] 腾讯补漏成功: HSTECH
2026-04-20T10:20:11: [缓存] index-quotes 数据获取完成，耗时 0.0s
2026-04-20T10:20:13: [数据] ===== 开始获取所有指数数据 =====
2026-04-20T10:20:13:   [配置] 核心指数: 沪深300, 中证500, 中证红利, 中证红利低波, 中证消费, 科创50, 恒生科技, 标普500, 纳斯达克100
2026-04-20T10:20:13:   [配置] Dashboard额外: 上证指数
2026-04-20T10:20:14:   [行情] 东方财富批量接口获取 9 条
2026-04-20T10:20:14:   [行情] 东方财富缺失 1 个指数(HSTECH), 用腾讯补漏
2026-04-20T10:20:14:   [行情] 腾讯备用源获取 1 条
2026-04-20T10:20:14:   [行情] 腾讯补漏成功: HSTECH
2026-04-20T10:20:14:   [天天基金] 最近连续失败，暂时跳过重试
2026-04-20T10:20:14:   [沪深300] 开始获取数据...
2026-04-20T10:20:14:   [中证500] 开始获取数据...
2026-04-20T10:20:14:   [中证红利] 开始获取数据...
2026-04-20T10:20:14:   [中证红利低波] 开始获取数据...
2026-04-20T10:20:14:   [中证消费] 开始获取数据...
2026-04-20T10:20:14:   [科创50] 开始获取数据...
2026-04-20T10:20:14:   [沪深300] 蛋卷基金: PE=14.4034, PE百分位=89.36%, 估值=high
2026-04-20T10:20:14:   [沪深300] 完成: price=4748.46, PE=14.4034, PE%=89.36%, temp=60°, src=danjuan-wind
2026-04-20T10:20:14:   [中证500] 蛋卷基金: PE=36.4631, PE百分位=85.52%, 估值=high
2026-04-20T10:20:14:   [中证500] 完成: price=8285.17, PE=36.4631, PE%=85.52%, temp=74°, src=danjuan-wind
2026-04-20T10:20:14:   [中证红利] 蛋卷基金: PE=8.6124, PE百分位=80.68%, 估值=high
2026-04-20T10:20:14:   [中证红利] 完成: price=5697.05, PE=8.6124, PE%=80.68%, temp=29°, src=danjuan-wind
2026-04-20T10:20:14:   [中证红利低波] 蛋卷基金: PE=8.4035, PE百分位=77.92%, 估值=high
2026-04-20T10:20:14:   [中证红利低波] 完成: price=11380.11, PE=8.4035, PE%=77.92%, temp=N/A, src=danjuan-wind
2026-04-20T10:20:14:   [中证消费] 蛋卷基金: PE=19.9003, PE百分位=7.92%, 估值=low
2026-04-20T10:20:14:   [中证消费] 完成: price=14256.91, PE=19.9003, PE%=7.92%, temp=0°, src=danjuan-wind
2026-04-20T10:20:14:   [科创50] 蛋卷基金: PE=159.6906, PE百分位=92.33%, 估值=high
2026-04-20T10:20:14:   [科创50] 完成: price=1440.43, PE=159.6906, PE%=92.33%, temp=N/A, src=danjuan-wind
2026-04-20T10:20:14:   [恒生科技] 开始获取数据...
2026-04-20T10:20:14:   [标普500] 开始获取数据...
2026-04-20T10:20:14:   [纳斯达克100] 开始获取数据...
2026-04-20T10:20:14:   [上证指数] 开始获取数据...
2026-04-20T10:20:14:   [恒生科技] 蛋卷基金: PE=23.1832, PE百分位=33.98%, 估值=high
2026-04-20T10:20:14:   [恒生科技] 完成: price=5056.68, PE=23.1832, PE%=33.98%, temp=11°, src=danjuan-wind
2026-04-20T10:20:14:   [标普500] 完成: price=7126.06, PE=null, PE%=null%, temp=N/A, src=none
2026-04-20T10:20:14:   [纳斯达克100] 完成: price=24468.48, PE=null, PE%=null%, temp=N/A, src=none
2026-04-20T10:20:14:   [上证指数] 完成: price=4073.01, PE=null, PE%=null%, temp=N/A, src=none
2026-04-20T10:20:14: [数据] ===== 全部完成，耗时 0.9s =====
2026-04-20T10:20:14: [缓存] indices 数据获取完成，耗时 0.9s
2026-04-20T10:20:16: [数据] ===== 开始获取所有指数数据 =====
2026-04-20T10:20:16:   [配置] 核心指数: 沪深300, 中证500, 中证红利, 中证红利低波, 中证消费, 科创50, 恒生科技, 标普500, 纳斯达克100
2026-04-20T10:20:16:   [配置] Dashboard额外: 上证指数
2026-04-20T10:20:16:   [行情] 东方财富批量接口获取 9 条
2026-04-20T10:20:16:   [行情] 东方财富缺失 1 个指数(HSTECH), 用腾讯补漏
2026-04-20T10:20:16:   [行情] 腾讯备用源获取 1 条
2026-04-20T10:20:16:   [行情] 腾讯补漏成功: HSTECH
2026-04-20T10:20:16:   [天天基金] 最近连续失败，暂时跳过重试
2026-04-20T10:20:17:   [沪深300] 开始获取数据...
2026-04-20T10:20:17:   [中证500] 开始获取数据...
2026-04-20T10:20:17:   [中证红利] 开始获取数据...
2026-04-20T10:20:17:   [中证红利低波] 开始获取数据...
2026-04-20T10:20:17:   [中证消费] 开始获取数据...
2026-04-20T10:20:17:   [科创50] 开始获取数据...
2026-04-20T10:20:17:   [沪深300] 蛋卷基金: PE=14.4034, PE百分位=89.36%, 估值=high
2026-04-20T10:20:17:   [沪深300] 完成: price=4748.76, PE=14.4034, PE%=89.36%, temp=60°, src=danjuan-wind
2026-04-20T10:20:17:   [中证500] 蛋卷基金: PE=36.4631, PE百分位=85.52%, 估值=high
2026-04-20T10:20:17:   [中证500] 完成: price=8286.19, PE=36.4631, PE%=85.52%, temp=74°, src=danjuan-wind
2026-04-20T10:20:17:   [中证红利] 蛋卷基金: PE=8.6124, PE百分位=80.68%, 估值=high
2026-04-20T10:20:17:   [中证红利] 完成: price=5696.44, PE=8.6124, PE%=80.68%, temp=29°, src=danjuan-wind
2026-04-20T10:20:17:   [中证红利低波] 蛋卷基金: PE=8.4035, PE百分位=77.92%, 估值=high
2026-04-20T10:20:17:   [中证红利低波] 完成: price=11377.85, PE=8.4035, PE%=77.92%, temp=N/A, src=danjuan-wind
2026-04-20T10:20:17:   [中证消费] 蛋卷基金: PE=19.9003, PE百分位=7.92%, 估值=low
2026-04-20T10:20:17:   [中证消费] 完成: price=14257.75, PE=19.9003, PE%=7.92%, temp=0°, src=danjuan-wind
2026-04-20T10:20:17:   [科创50] 蛋卷基金: PE=159.6906, PE百分位=92.33%, 估值=high
2026-04-20T10:20:17:   [科创50] 完成: price=1440.52, PE=159.6906, PE%=92.33%, temp=N/A, src=danjuan-wind
2026-04-20T10:20:17:   [恒生科技] 开始获取数据...
2026-04-20T10:20:17:   [标普500] 开始获取数据...
2026-04-20T10:20:17:   [纳斯达克100] 开始获取数据...
2026-04-20T10:20:17:   [上证指数] 开始获取数据...
2026-04-20T10:20:17:   [恒生科技] 蛋卷基金: PE=23.1832, PE百分位=33.98%, 估值=high
2026-04-20T10:20:17:   [恒生科技] 完成: price=5056.68, PE=23.1832, PE%=33.98%, temp=11°, src=danjuan-wind
2026-04-20T10:20:17:   [标普500] 完成: price=7126.06, PE=null, PE%=null%, temp=N/A, src=none
2026-04-20T10:20:17:   [纳斯达克100] 完成: price=24468.48, PE=null, PE%=null%, temp=N/A, src=none
2026-04-20T10:20:17:   [上证指数] 完成: price=4073.44, PE=null, PE%=null%, temp=N/A, src=none
2026-04-20T10:20:17: [数据] ===== 全部完成，耗时 0.9s =====
2026-04-20T10:20:17: [缓存] indices 数据获取完成，耗时 0.9s
2026-04-20T10:20:19: [数据] ===== 开始获取所有指数数据 =====
2026-04-20T10:20:19:   [配置] 核心指数: 沪深300, 中证500, 中证红利, 中证红利低波, 中证消费, 科创50, 恒生科技, 标普500, 纳斯达克100
2026-04-20T10:20:19:   [配置] Dashboard额外: 上证指数
2026-04-20T10:20:19:   [行情] 东方财富批量接口获取 9 条
2026-04-20T10:20:19:   [行情] 东方财富缺失 1 个指数(HSTECH), 用腾讯补漏
2026-04-20T10:20:19:   [行情] 腾讯备用源获取 1 条
2026-04-20T10:20:19:   [行情] 腾讯补漏成功: HSTECH
2026-04-20T10:20:19:   [天天基金] 最近连续失败，暂时跳过重试
2026-04-20T10:20:20:   [沪深300] 开始获取数据...
2026-04-20T10:20:20:   [中证500] 开始获取数据...
2026-04-20T10:20:20:   [中证红利] 开始获取数据...
2026-04-20T10:20:20:   [中证红利低波] 开始获取数据...
2026-04-20T10:20:20:   [中证消费] 开始获取数据...
2026-04-20T10:20:20:   [科创50] 开始获取数据...
2026-04-20T10:20:20:   [沪深300] 蛋卷基金: PE=14.4034, PE百分位=89.36%, 估值=high
2026-04-20T10:20:20:   [沪深300] 完成: price=4749.06, PE=14.4034, PE%=89.36%, temp=60°, src=danjuan-wind
2026-04-20T10:20:20:   [中证500] 蛋卷基金: PE=36.4631, PE百分位=85.52%, 估值=high
2026-04-20T10:20:20:   [中证500] 完成: price=8286.64, PE=36.4631, PE%=85.52%, temp=74°, src=danjuan-wind
2026-04-20T10:20:20:   [中证红利] 蛋卷基金: PE=8.6124, PE百分位=80.68%, 估值=high
2026-04-20T10:20:20:   [中证红利] 完成: price=5696.44, PE=8.6124, PE%=80.68%, temp=29°, src=danjuan-wind
2026-04-20T10:20:20:   [中证红利低波] 蛋卷基金: PE=8.4035, PE百分位=77.92%, 估值=high
2026-04-20T10:20:20:   [中证红利低波] 完成: price=11377.85, PE=8.4035, PE%=77.92%, temp=N/A, src=danjuan-wind
2026-04-20T10:20:20:   [中证消费] 蛋卷基金: PE=19.9003, PE百分位=7.92%, 估值=low
2026-04-20T10:20:20:   [中证消费] 完成: price=14256.94, PE=19.9003, PE%=7.92%, temp=0°, src=danjuan-wind
2026-04-20T10:20:20:   [科创50] 蛋卷基金: PE=159.6906, PE百分位=92.33%, 估值=high
2026-04-20T10:20:20:   [科创50] 完成: price=1440.56, PE=159.6906, PE%=92.33%, temp=N/A, src=danjuan-wind
2026-04-20T10:20:20:   [恒生科技] 开始获取数据...
2026-04-20T10:20:20:   [标普500] 开始获取数据...
2026-04-20T10:20:20:   [纳斯达克100] 开始获取数据...
2026-04-20T10:20:20:   [上证指数] 开始获取数据...
2026-04-20T10:20:20:   [恒生科技] 蛋卷基金: PE=23.1832, PE百分位=33.98%, 估值=high
2026-04-20T10:20:20:   [恒生科技] 完成: price=5056.99, PE=23.1832, PE%=33.98%, temp=11°, src=danjuan-wind
2026-04-20T10:20:20:   [标普500] 完成: price=7126.06, PE=null, PE%=null%, temp=N/A, src=none
2026-04-20T10:20:20:   [纳斯达克100] 完成: price=24468.48, PE=null, PE%=null%, temp=N/A, src=none
2026-04-20T10:20:20:   [上证指数] 完成: price=4073.33, PE=null, PE%=null%, temp=N/A, src=none
2026-04-20T10:20:20: [数据] ===== 全部完成，耗时 0.4s =====
2026-04-20T10:20:20: [缓存] indices 数据获取完成，耗时 0.4s
2026-04-20T10:20:21: [数据] ===== 开始获取所有指数数据 =====
2026-04-20T10:20:21:   [配置] 核心指数: 沪深300, 中证500, 中证红利, 中证红利低波, 中证消费, 科创50, 恒生科技, 标普500, 纳斯达克100
2026-04-20T10:20:21:   [配置] Dashboard额外: 上证指数
2026-04-20T10:20:21:   [行情] 东方财富批量接口获取 9 条
2026-04-20T10:20:21:   [行情] 东方财富缺失 1 个指数(HSTECH), 用腾讯补漏
2026-04-20T10:20:21:   [行情] 腾讯备用源获取 1 条
2026-04-20T10:20:21:   [行情] 腾讯补漏成功: HSTECH
2026-04-20T10:20:21:   [天天基金] 最近连续失败，暂时跳过重试
2026-04-20T10:20:23:   [沪深300] 开始获取数据...
2026-04-20T10:20:23:   [中证500] 开始获取数据...
2026-04-20T10:20:23:   [中证红利] 开始获取数据...
2026-04-20T10:20:23:   [中证红利低波] 开始获取数据...
2026-04-20T10:20:23:   [中证消费] 开始获取数据...
2026-04-20T10:20:23:   [科创50] 开始获取数据...
2026-04-20T10:20:23:   [沪深300] 蛋卷基金: PE=14.4034, PE百分位=89.36%, 估值=high
2026-04-20T10:20:23:   [沪深300] 完成: price=4749.41, PE=14.4034, PE%=89.36%, temp=60°, src=danjuan-wind
2026-04-20T10:20:23:   [中证500] 蛋卷基金: PE=36.4631, PE百分位=85.52%, 估值=high
2026-04-20T10:20:23:   [中证500] 完成: price=8286.64, PE=36.4631, PE%=85.52%, temp=74°, src=danjuan-wind
2026-04-20T10:20:23:   [中证红利] 蛋卷基金: PE=8.6124, PE百分位=80.68%, 估值=high
2026-04-20T10:20:23:   [中证红利] 完成: price=5696.53, PE=8.6124, PE%=80.68%, temp=29°, src=danjuan-wind
2026-04-20T10:20:23:   [中证红利低波] 蛋卷基金: PE=8.4035, PE百分位=77.92%, 估值=high
2026-04-20T10:20:23:   [中证红利低波] 完成: price=11377.7, PE=8.4035, PE%=77.92%, temp=N/A, src=danjuan-wind
2026-04-20T10:20:23:   [中证消费] 蛋卷基金: PE=19.9003, PE百分位=7.92%, 估值=low
2026-04-20T10:20:23:   [中证消费] 完成: price=14257.27, PE=19.9003, PE%=7.92%, temp=0°, src=danjuan-wind
2026-04-20T10:20:23:   [科创50] 蛋卷基金: PE=159.6906, PE百分位=92.33%, 估值=high
2026-04-20T10:20:23:   [科创50] 完成: price=1440.66, PE=159.6906, PE%=92.33%, temp=N/A, src=danjuan-wind
2026-04-20T10:20:23:   [恒生科技] 开始获取数据...
2026-04-20T10:20:23:   [标普500] 开始获取数据...
2026-04-20T10:20:23:   [纳斯达克100] 开始获取数据...
2026-04-20T10:20:23:   [上证指数] 开始获取数据...
2026-04-20T10:20:23:   [恒生科技] 蛋卷基金: PE=23.1832, PE百分位=33.98%, 估值=high
2026-04-20T10:20:23:   [恒生科技] 完成: price=5057.16, PE=23.1832, PE%=33.98%, temp=11°, src=danjuan-wind
2026-04-20T10:20:23:   [标普500] 完成: price=7126.06, PE=null, PE%=null%, temp=N/A, src=none
2026-04-20T10:20:23:   [纳斯达克100] 完成: price=24468.48, PE=null, PE%=null%, temp=N/A, src=none
2026-04-20T10:20:23:   [上证指数] 完成: price=4073.33, PE=null, PE%=null%, temp=N/A, src=none
2026-04-20T10:20:23: [数据] ===== 全部完成，耗时 1.4s =====
2026-04-20T10:20:23: [缓存] indices 数据获取完成，耗时 1.4s
2026-04-20T10:20:24: [数据] ===== 开始获取所有指数数据 =====
2026-04-20T10:20:24:   [配置] 核心指数: 沪深300, 中证500, 中证红利, 中证红利低波, 中证消费, 科创50, 恒生科技, 标普500, 纳斯达克100
2026-04-20T10:20:24:   [配置] Dashboard额外: 上证指数
2026-04-20T10:20:24:   [行情] 东方财富批量接口获取 9 条
2026-04-20T10:20:24:   [行情] 东方财富缺失 1 个指数(HSTECH), 用腾讯补漏
2026-04-20T10:20:24:   [行情] 腾讯备用源获取 1 条
2026-04-20T10:20:24:   [行情] 腾讯补漏成功: HSTECH
2026-04-20T10:20:24:   [天天基金] 最近连续失败，暂时跳过重试
2026-04-20T10:20:25:   [沪深300] 开始获取数据...
2026-04-20T10:20:25:   [中证500] 开始获取数据...
2026-04-20T10:20:25:   [中证红利] 开始获取数据...
2026-04-20T10:20:25:   [中证红利低波] 开始获取数据...
2026-04-20T10:20:25:   [中证消费] 开始获取数据...
2026-04-20T10:20:25:   [科创50] 开始获取数据...
2026-04-20T10:20:25:   [沪深300] 蛋卷基金: PE=14.4034, PE百分位=89.36%, 估值=high
2026-04-20T10:20:25:   [沪深300] 完成: price=4749.41, PE=14.4034, PE%=89.36%, temp=60°, src=danjuan-wind
2026-04-20T10:20:25:   [中证500] 蛋卷基金: PE=36.4631, PE百分位=85.52%, 估值=high
2026-04-20T10:20:25:   [中证500] 完成: price=8286.64, PE=36.4631, PE%=85.52%, temp=74°, src=danjuan-wind
2026-04-20T10:20:25:   [中证红利] 蛋卷基金: PE=8.6124, PE百分位=80.68%, 估值=high
2026-04-20T10:20:25:   [中证红利] 完成: price=5696.53, PE=8.6124, PE%=80.68%, temp=29°, src=danjuan-wind
2026-04-20T10:20:25:   [中证红利低波] 蛋卷基金: PE=8.4035, PE百分位=77.92%, 估值=high
2026-04-20T10:20:25:   [中证红利低波] 完成: price=11377.7, PE=8.4035, PE%=77.92%, temp=N/A, src=danjuan-wind
2026-04-20T10:20:25:   [中证消费] 蛋卷基金: PE=19.9003, PE百分位=7.92%, 估值=low
2026-04-20T10:20:25:   [中证消费] 完成: price=14257.27, PE=19.9003, PE%=7.92%, temp=0°, src=danjuan-wind
2026-04-20T10:20:25:   [科创50] 蛋卷基金: PE=159.6906, PE百分位=92.33%, 估值=high
2026-04-20T10:20:25:   [科创50] 完成: price=1440.66, PE=159.6906, PE%=92.33%, temp=N/A, src=danjuan-wind
2026-04-20T10:20:25:   [恒生科技] 开始获取数据...
2026-04-20T10:20:25:   [标普500] 开始获取数据...
2026-04-20T10:20:25:   [纳斯达克100] 开始获取数据...
2026-04-20T10:20:25:   [上证指数] 开始获取数据...
2026-04-20T10:20:25:   [恒生科技] 蛋卷基金: PE=23.1832, PE百分位=33.98%, 估值=high
2026-04-20T10:20:25:   [恒生科技] 完成: price=5057.16, PE=23.1832, PE%=33.98%, temp=11°, src=danjuan-wind
2026-04-20T10:20:25:   [标普500] 完成: price=7126.06, PE=null, PE%=null%, temp=N/A, src=none
2026-04-20T10:20:25:   [纳斯达克100] 完成: price=24468.48, PE=null, PE%=null%, temp=N/A, src=none
2026-04-20T10:20:25:   [上证指数] 完成: price=4073.33, PE=null, PE%=null%, temp=N/A, src=none
2026-04-20T10:20:25: [数据] ===== 全部完成，耗时 0.7s =====
2026-04-20T10:20:25: [缓存] indices 数据获取完成，耗时 0.7s
2026-04-20T10:20:28: [数据] ===== 开始获取所有指数数据 =====
2026-04-20T10:20:28:   [配置] 核心指数: 沪深300, 中证500, 中证红利, 中证红利低波, 中证消费, 科创50, 恒生科技, 标普500, 纳斯达克100
2026-04-20T10:20:28:   [配置] Dashboard额外: 上证指数
2026-04-20T10:20:28:   [行情] 东方财富批量接口获取 9 条
2026-04-20T10:20:28:   [行情] 东方财富缺失 1 个指数(HSTECH), 用腾讯补漏
2026-04-20T10:20:28:   [行情] 腾讯备用源获取 1 条
2026-04-20T10:20:28:   [行情] 腾讯补漏成功: HSTECH
2026-04-20T10:20:28:   [天天基金] 最近连续失败，暂时跳过重试
2026-04-20T10:20:31:   [沪深300] 开始获取数据...
2026-04-20T10:20:31:   [中证500] 开始获取数据...
2026-04-20T10:20:31:   [中证红利] 开始获取数据...
2026-04-20T10:20:31:   [中证红利低波] 开始获取数据...
2026-04-20T10:20:31:   [中证消费] 开始获取数据...
2026-04-20T10:20:31:   [科创50] 开始获取数据...
2026-04-20T10:20:31:   [沪深300] 蛋卷基金: PE=14.4034, PE百分位=89.36%, 估值=high
2026-04-20T10:20:31:   [沪深300] 完成: price=4749.64, PE=14.4034, PE%=89.36%, temp=60°, src=danjuan-wind
2026-04-20T10:20:31:   [中证500] 蛋卷基金: PE=36.4631, PE百分位=85.52%, 估值=high
2026-04-20T10:20:31:   [中证500] 完成: price=8287.66, PE=36.4631, PE%=85.52%, temp=74°, src=danjuan-wind
2026-04-20T10:20:31:   [中证红利] 蛋卷基金: PE=8.6124, PE百分位=80.68%, 估值=high
2026-04-20T10:20:31:   [中证红利] 完成: price=5697.02, PE=8.6124, PE%=80.68%, temp=29°, src=danjuan-wind
2026-04-20T10:20:31:   [中证红利低波] 蛋卷基金: PE=8.4035, PE百分位=77.92%, 估值=high
2026-04-20T10:20:31:   [中证红利低波] 完成: price=11379.61, PE=8.4035, PE%=77.92%, temp=N/A, src=danjuan-wind
2026-04-20T10:20:31:   [中证消费] 蛋卷基金: PE=19.9003, PE百分位=7.92%, 估值=low
2026-04-20T10:20:31:   [中证消费] 完成: price=14256.91, PE=19.9003, PE%=7.92%, temp=0°, src=danjuan-wind
2026-04-20T10:20:31:   [科创50] 蛋卷基金: PE=159.6906, PE百分位=92.33%, 估值=high
2026-04-20T10:20:31:   [科创50] 完成: price=1441.09, PE=159.6906, PE%=92.33%, temp=N/A, src=danjuan-wind
2026-04-20T10:20:31:   [恒生科技] 开始获取数据...
2026-04-20T10:20:31:   [标普500] 开始获取数据...
2026-04-20T10:20:31:   [纳斯达克100] 开始获取数据...
2026-04-20T10:20:31:   [上证指数] 开始获取数据...
2026-04-20T10:20:31:   [恒生科技] 蛋卷基金: PE=23.1832, PE百分位=33.98%, 估值=high
2026-04-20T10:20:31:   [恒生科技] 完成: price=5057.91, PE=23.1832, PE%=33.98%, temp=11°, src=danjuan-wind
2026-04-20T10:20:31:   [标普500] 完成: price=7126.06, PE=null, PE%=null%, temp=N/A, src=none
2026-04-20T10:20:31:   [纳斯达克100] 完成: price=24468.48, PE=null, PE%=null%, temp=N/A, src=none
2026-04-20T10:20:31:   [上证指数] 完成: price=4073.73, PE=null, PE%=null%, temp=N/A, src=none
2026-04-20T10:20:31: [数据] ===== 全部完成，耗时 2.4s =====
2026-04-20T10:20:31: [缓存] indices 数据获取完成，耗时 2.4s
2026-04-20T10:20:33: [数据] ===== 开始获取所有指数数据 =====
2026-04-20T10:20:33:   [配置] 核心指数: 沪深300, 中证500, 中证红利, 中证红利低波, 中证消费, 科创50, 恒生科技, 标普500, 纳斯达克100
2026-04-20T10:20:33:   [配置] Dashboard额外: 上证指数
2026-04-20T10:20:33:   [行情] 东方财富批量接口获取 9 条
2026-04-20T10:20:33:   [行情] 东方财富缺失 1 个指数(HSTECH), 用腾讯补漏
2026-04-20T10:20:33:   [行情] 腾讯备用源获取 1 条
2026-04-20T10:20:33:   [行情] 腾讯补漏成功: HSTECH
2026-04-20T10:20:33:   [天天基金] 最近连续失败，暂时跳过重试
2026-04-20T10:20:37:   [沪深300] 开始获取数据...
2026-04-20T10:20:37:   [中证500] 开始获取数据...
2026-04-20T10:20:37:   [中证红利] 开始获取数据...
2026-04-20T10:20:37:   [中证红利低波] 开始获取数据...
2026-04-20T10:20:37:   [中证消费] 开始获取数据...
2026-04-20T10:20:37:   [科创50] 开始获取数据...
2026-04-20T10:20:37:   [沪深300] 蛋卷基金: PE=14.4034, PE百分位=89.36%, 估值=high
2026-04-20T10:20:37:   [沪深300] 完成: price=4749.41, PE=14.4034, PE%=89.36%, temp=60°, src=danjuan-wind
2026-04-20T10:20:37:   [中证500] 蛋卷基金: PE=36.4631, PE百分位=85.52%, 估值=high
2026-04-20T10:20:37:   [中证500] 完成: price=8286.9, PE=36.4631, PE%=85.52%, temp=74°, src=danjuan-wind
2026-04-20T10:20:37:   [中证红利] 蛋卷基金: PE=8.6124, PE百分位=80.68%, 估值=high
2026-04-20T10:20:37:   [中证红利] 完成: price=5696.41, PE=8.6124, PE%=80.68%, temp=29°, src=danjuan-wind
2026-04-20T10:20:37:   [中证红利低波] 蛋卷基金: PE=8.4035, PE百分位=77.92%, 估值=high
2026-04-20T10:20:37:   [中证红利低波] 完成: price=11381.12, PE=8.4035, PE%=77.92%, temp=N/A, src=danjuan-wind
2026-04-20T10:20:37:   [中证消费] 蛋卷基金: PE=19.9003, PE百分位=7.92%, 估值=low
2026-04-20T10:20:37:   [中证消费] 完成: price=14254.79, PE=19.9003, PE%=7.92%, temp=0°, src=danjuan-wind
2026-04-20T10:20:37:   [科创50] 蛋卷基金: PE=159.6906, PE百分位=92.33%, 估值=high
2026-04-20T10:20:37:   [科创50] 完成: price=1440.76, PE=159.6906, PE%=92.33%, temp=N/A, src=danjuan-wind
2026-04-20T10:20:37:   [恒生科技] 开始获取数据...
2026-04-20T10:20:37:   [标普500] 开始获取数据...
2026-04-20T10:20:37:   [纳斯达克100] 开始获取数据...
2026-04-20T10:20:37:   [上证指数] 开始获取数据...
2026-04-20T10:20:37:   [恒生科技] 蛋卷基金: PE=23.1832, PE百分位=33.98%, 估值=high
2026-04-20T10:20:37:   [恒生科技] 完成: price=5059.39, PE=23.1832, PE%=33.98%, temp=11°, src=danjuan-wind
2026-04-20T10:20:37:   [标普500] 完成: price=7126.06, PE=null, PE%=null%, temp=N/A, src=none
2026-04-20T10:20:37:   [纳斯达克100] 完成: price=24468.48, PE=null, PE%=null%, temp=N/A, src=none
2026-04-20T10:20:37:   [上证指数] 完成: price=4073.33, PE=null, PE%=null%, temp=N/A, src=none
2026-04-20T10:20:37: [数据] ===== 全部完成，耗时 3.5s =====
2026-04-20T10:20:37: [缓存] indices 数据获取完成，耗时 3.5s
2026-04-20T10:20:39: [数据] ===== 开始获取所有指数数据 =====
2026-04-20T10:20:39:   [配置] 核心指数: 沪深300, 中证500, 中证红利, 中证红利低波, 中证消费, 科创50, 恒生科技, 标普500, 纳斯达克100
2026-04-20T10:20:39:   [配置] Dashboard额外: 上证指数
2026-04-20T10:20:40:   [行情] 东方财富批量接口获取 9 条
2026-04-20T10:20:40:   [行情] 东方财富缺失 1 个指数(HSTECH), 用腾讯补漏
2026-04-20T10:20:40:   [行情] 腾讯备用源获取 1 条
2026-04-20T10:20:40:   [行情] 腾讯补漏成功: HSTECH
2026-04-20T10:20:40:   [天天基金] 最近连续失败，暂时跳过重试
2026-04-20T10:20:41:   [沪深300] 开始获取数据...
2026-04-20T10:20:41:   [中证500] 开始获取数据...
2026-04-20T10:20:41:   [中证红利] 开始获取数据...
2026-04-20T10:20:41:   [中证红利低波] 开始获取数据...
2026-04-20T10:20:41:   [中证消费] 开始获取数据...
2026-04-20T10:20:41:   [科创50] 开始获取数据...
2026-04-20T10:20:41:   [沪深300] 蛋卷基金: PE=14.4034, PE百分位=89.36%, 估值=high
2026-04-20T10:20:41:   [沪深300] 完成: price=4749.01, PE=14.4034, PE%=89.36%, temp=60°, src=danjuan-wind
2026-04-20T10:20:41:   [中证500] 蛋卷基金: PE=36.4631, PE百分位=85.52%, 估值=high
2026-04-20T10:20:41:   [中证500] 完成: price=8286.2, PE=36.4631, PE%=85.52%, temp=74°, src=danjuan-wind
2026-04-20T10:20:41:   [中证红利] 蛋卷基金: PE=8.6124, PE百分位=80.68%, 估值=high
2026-04-20T10:20:41:   [中证红利] 完成: price=5696.35, PE=8.6124, PE%=80.68%, temp=29°, src=danjuan-wind
2026-04-20T10:20:41:   [中证红利低波] 蛋卷基金: PE=8.4035, PE百分位=77.92%, 估值=high
2026-04-20T10:20:41:   [中证红利低波] 完成: price=11380.96, PE=8.4035, PE%=77.92%, temp=N/A, src=danjuan-wind
2026-04-20T10:20:41:   [中证消费] 蛋卷基金: PE=19.9003, PE百分位=7.92%, 估值=low
2026-04-20T10:20:41:   [中证消费] 完成: price=14254.43, PE=19.9003, PE%=7.92%, temp=0°, src=danjuan-wind
2026-04-20T10:20:41:   [科创50] 蛋卷基金: PE=159.6906, PE百分位=92.33%, 估值=high
2026-04-20T10:20:41:   [科创50] 完成: price=1440.73, PE=159.6906, PE%=92.33%, temp=N/A, src=danjuan-wind
2026-04-20T10:20:41:   [恒生科技] 开始获取数据...
2026-04-20T10:20:41:   [标普500] 开始获取数据...
2026-04-20T10:20:41:   [纳斯达克100] 开始获取数据...
2026-04-20T10:20:41:   [上证指数] 开始获取数据...
2026-04-20T10:20:41:   [恒生科技] 蛋卷基金: PE=23.1832, PE百分位=33.98%, 估值=high
2026-04-20T10:20:41:   [恒生科技] 完成: price=5061.57, PE=23.1832, PE%=33.98%, temp=11°, src=danjuan-wind
2026-04-20T10:20:41:   [标普500] 完成: price=7126.06, PE=null, PE%=null%, temp=N/A, src=none
2026-04-20T10:20:41:   [纳斯达克100] 完成: price=24468.48, PE=null, PE%=null%, temp=N/A, src=none
2026-04-20T10:20:41:   [上证指数] 完成: price=4073.03, PE=null, PE%=null%, temp=N/A, src=none
2026-04-20T10:20:41: [数据] ===== 全部完成，耗时 1.8s =====
2026-04-20T10:20:41: [缓存] indices 数据获取完成，耗时 1.8s
2026-04-20T10:20:41:   [行情] 东方财富批量接口获取 8 条
2026-04-20T10:20:41:   [行情] 东方财富缺失 1 个指数(HSTECH), 用腾讯补漏
2026-04-20T10:20:41:   [行情] 腾讯备用源获取 1 条
2026-04-20T10:20:41:   [行情] 腾讯补漏成功: HSTECH
2026-04-20T10:20:41: [缓存] index-quotes 数据获取完成，耗时 0.0s
2026-04-20T10:20:44: [数据] ===== 开始获取所有指数数据 =====
2026-04-20T10:20:44:   [配置] 核心指数: 沪深300, 中证500, 中证红利, 中证红利低波, 中证消费, 科创50, 恒生科技, 标普500, 纳斯达克100
2026-04-20T10:20:44:   [配置] Dashboard额外: 上证指数
2026-04-20T10:20:44:   [行情] 东方财富批量接口获取 9 条
2026-04-20T10:20:44:   [行情] 东方财富缺失 1 个指数(HSTECH), 用腾讯补漏
2026-04-20T10:20:44:   [行情] 腾讯备用源获取 1 条
2026-04-20T10:20:44:   [行情] 腾讯补漏成功: HSTECH
2026-04-20T10:20:44:   [天天基金] 最近连续失败，暂时跳过重试
2026-04-20T10:20:46:   [沪深300] 开始获取数据...
2026-04-20T10:20:46:   [中证500] 开始获取数据...
2026-04-20T10:20:46:   [中证红利] 开始获取数据...
2026-04-20T10:20:46:   [中证红利低波] 开始获取数据...
2026-04-20T10:20:46:   [中证消费] 开始获取数据...
2026-04-20T10:20:46:   [科创50] 开始获取数据...
2026-04-20T10:20:46:   [沪深300] 蛋卷基金: PE=14.4034, PE百分位=89.36%, 估值=high
2026-04-20T10:20:46:   [沪深300] 完成: price=4748.55, PE=14.4034, PE%=89.36%, temp=60°, src=danjuan-wind
2026-04-20T10:20:46:   [中证500] 蛋卷基金: PE=36.4631, PE百分位=85.52%, 估值=high
2026-04-20T10:20:46:   [中证500] 完成: price=8285.48, PE=36.4631, PE%=85.52%, temp=74°, src=danjuan-wind
2026-04-20T10:20:46:   [中证红利] 蛋卷基金: PE=8.6124, PE百分位=80.68%, 估值=high
2026-04-20T10:20:46:   [中证红利] 完成: price=5696.28, PE=8.6124, PE%=80.68%, temp=29°, src=danjuan-wind
2026-04-20T10:20:46:   [中证红利低波] 蛋卷基金: PE=8.4035, PE百分位=77.92%, 估值=high
2026-04-20T10:20:46:   [中证红利低波] 完成: price=11379.8, PE=8.4035, PE%=77.92%, temp=N/A, src=danjuan-wind
2026-04-20T10:20:46:   [中证消费] 蛋卷基金: PE=19.9003, PE百分位=7.92%, 估值=low
2026-04-20T10:20:46:   [中证消费] 完成: price=14254.76, PE=19.9003, PE%=7.92%, temp=0°, src=danjuan-wind
2026-04-20T10:20:46:   [科创50] 蛋卷基金: PE=159.6906, PE百分位=92.33%, 估值=high
2026-04-20T10:20:46:   [科创50] 完成: price=1440.74, PE=159.6906, PE%=92.33%, temp=N/A, src=danjuan-wind
2026-04-20T10:20:46:   [恒生科技] 开始获取数据...
2026-04-20T10:20:46:   [标普500] 开始获取数据...
2026-04-20T10:20:46:   [纳斯达克100] 开始获取数据...
2026-04-20T10:20:46:   [上证指数] 开始获取数据...
2026-04-20T10:20:46:   [恒生科技] 蛋卷基金: PE=23.1832, PE百分位=33.98%, 估值=high
2026-04-20T10:20:46:   [恒生科技] 完成: price=5061.93, PE=23.1832, PE%=33.98%, temp=11°, src=danjuan-wind
2026-04-20T10:20:46:   [标普500] 完成: price=7126.06, PE=null, PE%=null%, temp=N/A, src=none
2026-04-20T10:20:46:   [纳斯达克100] 完成: price=24468.48, PE=null, PE%=null%, temp=N/A, src=none
2026-04-20T10:20:46:   [上证指数] 完成: price=4072.8, PE=null, PE%=null%, temp=N/A, src=none
2026-04-20T10:20:46: [数据] ===== 全部完成，耗时 1.3s =====
2026-04-20T10:20:46: [缓存] indices 数据获取完成，耗时 1.3s
2026-04-20T10:20:49: [数据] ===== 开始获取所有指数数据 =====
2026-04-20T10:20:49:   [配置] 核心指数: 沪深300, 中证500, 中证红利, 中证红利低波, 中证消费, 科创50, 恒生科技, 标普500, 纳斯达克100
2026-04-20T10:20:49:   [配置] Dashboard额外: 上证指数
2026-04-20T10:20:49:   [行情] 东方财富批量接口获取 9 条
2026-04-20T10:20:49:   [行情] 东方财富缺失 1 个指数(HSTECH), 用腾讯补漏
2026-04-20T10:20:49:   [行情] 腾讯备用源获取 1 条
2026-04-20T10:20:49:   [行情] 腾讯补漏成功: HSTECH
2026-04-20T10:20:49:   [天天基金] 最近连续失败，暂时跳过重试
2026-04-20T10:20:50:   [沪深300] 开始获取数据...
2026-04-20T10:20:50:   [中证500] 开始获取数据...
2026-04-20T10:20:50:   [中证红利] 开始获取数据...
2026-04-20T10:20:50:   [中证红利低波] 开始获取数据...
2026-04-20T10:20:50:   [中证消费] 开始获取数据...
2026-04-20T10:20:50:   [科创50] 开始获取数据...
2026-04-20T10:20:50:   [沪深300] 蛋卷基金: PE=14.4034, PE百分位=89.36%, 估值=high
2026-04-20T10:20:50:   [沪深300] 完成: price=4748.22, PE=14.4034, PE%=89.36%, temp=60°, src=danjuan-wind
2026-04-20T10:20:50:   [中证500] 蛋卷基金: PE=36.4631, PE百分位=85.52%, 估值=high
2026-04-20T10:20:50:   [中证500] 完成: price=8285.1, PE=36.4631, PE%=85.52%, temp=74°, src=danjuan-wind
2026-04-20T10:20:50:   [中证红利] 蛋卷基金: PE=8.6124, PE百分位=80.68%, 估值=high
2026-04-20T10:20:50:   [中证红利] 完成: price=5696.16, PE=8.6124, PE%=80.68%, temp=29°, src=danjuan-wind
2026-04-20T10:20:50:   [中证红利低波] 蛋卷基金: PE=8.4035, PE百分位=77.92%, 估值=high
2026-04-20T10:20:50:   [中证红利低波] 完成: price=11380.04, PE=8.4035, PE%=77.92%, temp=N/A, src=danjuan-wind
2026-04-20T10:20:50:   [中证消费] 蛋卷基金: PE=19.9003, PE百分位=7.92%, 估值=low
2026-04-20T10:20:50:   [中证消费] 完成: price=14254.73, PE=19.9003, PE%=7.92%, temp=0°, src=danjuan-wind
2026-04-20T10:20:50:   [科创50] 蛋卷基金: PE=159.6906, PE百分位=92.33%, 估值=high
2026-04-20T10:20:50:   [科创50] 完成: price=1440.3, PE=159.6906, PE%=92.33%, temp=N/A, src=danjuan-wind
2026-04-20T10:20:50:   [恒生科技] 开始获取数据...
2026-04-20T10:20:50:   [标普500] 开始获取数据...
2026-04-20T10:20:50:   [纳斯达克100] 开始获取数据...
2026-04-20T10:20:50:   [上证指数] 开始获取数据...
2026-04-20T10:20:50:   [恒生科技] 蛋卷基金: PE=23.1832, PE百分位=33.98%, 估值=high
2026-04-20T10:20:50:   [恒生科技] 完成: price=5063.92, PE=23.1832, PE%=33.98%, temp=11°, src=danjuan-wind
2026-04-20T10:20:50:   [标普500] 完成: price=7126.06, PE=null, PE%=null%, temp=N/A, src=none
2026-04-20T10:20:50:   [纳斯达克100] 完成: price=24468.48, PE=null, PE%=null%, temp=N/A, src=none
2026-04-20T10:20:50:   [上证指数] 完成: price=4072.59, PE=null, PE%=null%, temp=N/A, src=none
2026-04-20T10:20:50: [数据] ===== 全部完成，耗时 0.5s =====
2026-04-20T10:20:50: [缓存] indices 数据获取完成，耗时 0.5s
2026-04-20T10:20:53: [数据] ===== 开始获取所有指数数据 =====
2026-04-20T10:20:53:   [配置] 核心指数: 沪深300, 中证500, 中证红利, 中证红利低波, 中证消费, 科创50, 恒生科技, 标普500, 纳斯达克100
2026-04-20T10:20:53:   [配置] Dashboard额外: 上证指数
2026-04-20T10:20:53:   [行情] 东方财富批量接口获取 9 条
2026-04-20T10:20:53:   [行情] 东方财富缺失 1 个指数(HSTECH), 用腾讯补漏
2026-04-20T10:20:53:   [行情] 腾讯备用源获取 1 条
2026-04-20T10:20:53:   [行情] 腾讯补漏成功: HSTECH
2026-04-20T10:20:53:   [天天基金] 最近连续失败，暂时跳过重试
2026-04-20T10:20:54:   [沪深300] 开始获取数据...
2026-04-20T10:20:54:   [中证500] 开始获取数据...
2026-04-20T10:20:54:   [中证红利] 开始获取数据...
2026-04-20T10:20:54:   [中证红利低波] 开始获取数据...
2026-04-20T10:20:54:   [中证消费] 开始获取数据...
2026-04-20T10:20:54:   [科创50] 开始获取数据...
2026-04-20T10:20:54:   [沪深300] 蛋卷基金: PE=14.4034, PE百分位=89.36%, 估值=high
2026-04-20T10:20:54:   [沪深300] 完成: price=4747.92, PE=14.4034, PE%=89.36%, temp=60°, src=danjuan-wind
2026-04-20T10:20:54:   [中证500] 蛋卷基金: PE=36.4631, PE百分位=85.52%, 估值=high
2026-04-20T10:20:54:   [中证500] 完成: price=8284.82, PE=36.4631, PE%=85.52%, temp=74°, src=danjuan-wind
2026-04-20T10:20:54:   [中证红利] 蛋卷基金: PE=8.6124, PE百分位=80.68%, 估值=high
2026-04-20T10:20:54:   [中证红利] 完成: price=5696.17, PE=8.6124, PE%=80.68%, temp=29°, src=danjuan-wind
2026-04-20T10:20:54:   [中证红利低波] 蛋卷基金: PE=8.4035, PE百分位=77.92%, 估值=high
2026-04-20T10:20:54:   [中证红利低波] 完成: price=11379.53, PE=8.4035, PE%=77.92%, temp=N/A, src=danjuan-wind
2026-04-20T10:20:54:   [中证消费] 蛋卷基金: PE=19.9003, PE百分位=7.92%, 估值=low
2026-04-20T10:20:54:   [中证消费] 完成: price=14254.82, PE=19.9003, PE%=7.92%, temp=0°, src=danjuan-wind
2026-04-20T10:20:54:   [科创50] 蛋卷基金: PE=159.6906, PE百分位=92.33%, 估值=high
2026-04-20T10:20:54:   [科创50] 完成: price=1440.27, PE=159.6906, PE%=92.33%, temp=N/A, src=danjuan-wind
2026-04-20T10:20:54:   [恒生科技] 开始获取数据...
2026-04-20T10:20:54:   [标普500] 开始获取数据...
2026-04-20T10:20:54:   [纳斯达克100] 开始获取数据...
2026-04-20T10:20:54:   [上证指数] 开始获取数据...
2026-04-20T10:20:54:   [恒生科技] 蛋卷基金: PE=23.1832, PE百分位=33.98%, 估值=high
2026-04-20T10:20:54:   [恒生科技] 完成: price=5063.25, PE=23.1832, PE%=33.98%, temp=11°, src=danjuan-wind
2026-04-20T10:20:54:   [标普500] 完成: price=7126.06, PE=null, PE%=null%, temp=N/A, src=none
2026-04-20T10:20:54:   [纳斯达克100] 完成: price=24468.48, PE=null, PE%=null%, temp=N/A, src=none
2026-04-20T10:20:54:   [上证指数] 完成: price=4072.39, PE=null, PE%=null%, temp=N/A, src=none
2026-04-20T10:20:54: [数据] ===== 全部完成，耗时 0.4s =====
2026-04-20T10:20:54: [缓存] indices 数据获取完成，耗时 0.4s
2026-04-20T10:20:56: [数据] ===== 开始获取所有指数数据 =====
2026-04-20T10:20:56:   [配置] 核心指数: 沪深300, 中证500, 中证红利, 中证红利低波, 中证消费, 科创50, 恒生科技, 标普500, 纳斯达克100
2026-04-20T10:20:56:   [配置] Dashboard额外: 上证指数
2026-04-20T10:20:56:   [行情] 东方财富批量接口获取 9 条
2026-04-20T10:20:56:   [行情] 东方财富缺失 1 个指数(HSTECH), 用腾讯补漏
2026-04-20T10:20:56:   [行情] 腾讯备用源获取 1 条
2026-04-20T10:20:56:   [行情] 腾讯补漏成功: HSTECH
2026-04-20T10:20:56:   [天天基金] 最近连续失败，暂时跳过重试
2026-04-20T10:20:57:   [沪深300] 开始获取数据...
2026-04-20T10:20:57:   [中证500] 开始获取数据...
2026-04-20T10:20:57:   [中证红利] 开始获取数据...
2026-04-20T10:20:57:   [中证红利低波] 开始获取数据...
2026-04-20T10:20:57:   [中证消费] 开始获取数据...
2026-04-20T10:20:57:   [科创50] 开始获取数据...
2026-04-20T10:20:57:   [沪深300] 蛋卷基金: PE=14.4034, PE百分位=89.36%, 估值=high
2026-04-20T10:20:57:   [沪深300] 完成: price=4748.33, PE=14.4034, PE%=89.36%, temp=60°, src=danjuan-wind
2026-04-20T10:20:57:   [中证500] 蛋卷基金: PE=36.4631, PE百分位=85.52%, 估值=high
2026-04-20T10:20:57:   [中证500] 完成: price=8285.03, PE=36.4631, PE%=85.52%, temp=74°, src=danjuan-wind
2026-04-20T10:20:57:   [中证红利] 蛋卷基金: PE=8.6124, PE百分位=80.68%, 估值=high
2026-04-20T10:20:57:   [中证红利] 完成: price=5696.02, PE=8.6124, PE%=80.68%, temp=29°, src=danjuan-wind
2026-04-20T10:20:57:   [中证红利低波] 蛋卷基金: PE=8.4035, PE百分位=77.92%, 估值=high
2026-04-20T10:20:57:   [中证红利低波] 完成: price=11380.51, PE=8.4035, PE%=77.92%, temp=N/A, src=danjuan-wind
2026-04-20T10:20:57:   [中证消费] 蛋卷基金: PE=19.9003, PE百分位=7.92%, 估值=low
2026-04-20T10:20:57:   [中证消费] 完成: price=14255.41, PE=19.9003, PE%=7.92%, temp=0°, src=danjuan-wind
2026-04-20T10:20:57:   [科创50] 蛋卷基金: PE=159.6906, PE百分位=92.33%, 估值=high
2026-04-20T10:20:57:   [科创50] 完成: price=1440.23, PE=159.6906, PE%=92.33%, temp=N/A, src=danjuan-wind
2026-04-20T10:20:58:   [恒生科技] 开始获取数据...
2026-04-20T10:20:58:   [标普500] 开始获取数据...
2026-04-20T10:20:58:   [纳斯达克100] 开始获取数据...
2026-04-20T10:20:58:   [上证指数] 开始获取数据...
2026-04-20T10:20:58:   [恒生科技] 蛋卷基金: PE=23.1832, PE百分位=33.98%, 估值=high
2026-04-20T10:20:58:   [恒生科技] 完成: price=5063.98, PE=23.1832, PE%=33.98%, temp=11°, src=danjuan-wind
2026-04-20T10:20:58:   [标普500] 完成: price=7126.06, PE=null, PE%=null%, temp=N/A, src=none
2026-04-20T10:20:58:   [纳斯达克100] 完成: price=24468.48, PE=null, PE%=null%, temp=N/A, src=none
2026-04-20T10:20:58:   [上证指数] 完成: price=4072.49, PE=null, PE%=null%, temp=N/A, src=none
2026-04-20T10:20:58: [数据] ===== 全部完成，耗时 1.2s =====
2026-04-20T10:20:58: [缓存] indices 数据获取完成，耗时 1.2s
2026-04-20T10:21:01: [数据] ===== 开始获取所有指数数据 =====
2026-04-20T10:21:01:   [配置] 核心指数: 沪深300, 中证500, 中证红利, 中证红利低波, 中证消费, 科创50, 恒生科技, 标普500, 纳斯达克100
2026-04-20T10:21:01:   [配置] Dashboard额外: 上证指数
2026-04-20T10:21:01:   [行情] 东方财富批量接口获取 9 条
2026-04-20T10:21:01:   [行情] 东方财富缺失 1 个指数(HSTECH), 用腾讯补漏
2026-04-20T10:21:01:   [行情] 腾讯备用源获取 1 条
2026-04-20T10:21:01:   [行情] 腾讯补漏成功: HSTECH
2026-04-20T10:21:01:   [天天基金] 最近连续失败，暂时跳过重试
2026-04-20T10:21:02:   [沪深300] 开始获取数据...
2026-04-20T10:21:02:   [中证500] 开始获取数据...
2026-04-20T10:21:02:   [中证红利] 开始获取数据...
2026-04-20T10:21:02:   [中证红利低波] 开始获取数据...
2026-04-20T10:21:02:   [中证消费] 开始获取数据...
2026-04-20T10:21:02:   [科创50] 开始获取数据...
2026-04-20T10:21:02:   [沪深300] 蛋卷基金: PE=14.4034, PE百分位=89.36%, 估值=high
2026-04-20T10:21:02:   [沪深300] 完成: price=4748.2, PE=14.4034, PE%=89.36%, temp=60°, src=danjuan-wind
2026-04-20T10:21:02:   [中证500] 蛋卷基金: PE=36.4631, PE百分位=85.52%, 估值=high
2026-04-20T10:21:02:   [中证500] 完成: price=8285.59, PE=36.4631, PE%=85.52%, temp=74°, src=danjuan-wind
2026-04-20T10:21:02:   [中证红利] 蛋卷基金: PE=8.6124, PE百分位=80.68%, 估值=high
2026-04-20T10:21:02:   [中证红利] 完成: price=5696.86, PE=8.6124, PE%=80.68%, temp=29°, src=danjuan-wind
2026-04-20T10:21:02:   [中证红利低波] 蛋卷基金: PE=8.4035, PE百分位=77.92%, 估值=high
2026-04-20T10:21:02:   [中证红利低波] 完成: price=11380.97, PE=8.4035, PE%=77.92%, temp=N/A, src=danjuan-wind
2026-04-20T10:21:02:   [中证消费] 蛋卷基金: PE=19.9003, PE百分位=7.92%, 估值=low
2026-04-20T10:21:02:   [中证消费] 完成: price=14254.2, PE=19.9003, PE%=7.92%, temp=0°, src=danjuan-wind
2026-04-20T10:21:02:   [科创50] 蛋卷基金: PE=159.6906, PE百分位=92.33%, 估值=high
2026-04-20T10:21:02:   [科创50] 完成: price=1440.26, PE=159.6906, PE%=92.33%, temp=N/A, src=danjuan-wind
2026-04-20T10:21:02:   [恒生科技] 开始获取数据...
2026-04-20T10:21:02:   [标普500] 开始获取数据...
2026-04-20T10:21:02:   [纳斯达克100] 开始获取数据...
2026-04-20T10:21:02:   [上证指数] 开始获取数据...
2026-04-20T10:21:02:   [恒生科技] 蛋卷基金: PE=23.1832, PE百分位=33.98%, 估值=high
2026-04-20T10:21:02:   [恒生科技] 完成: price=5065.71, PE=23.1832, PE%=33.98%, temp=11°, src=danjuan-wind
2026-04-20T10:21:02:   [标普500] 完成: price=7126.06, PE=null, PE%=null%, temp=N/A, src=none
2026-04-20T10:21:02:   [纳斯达克100] 完成: price=24468.48, PE=null, PE%=null%, temp=N/A, src=none
2026-04-20T10:21:02:   [上证指数] 完成: price=4072.36, PE=null, PE%=null%, temp=N/A, src=none
2026-04-20T10:21:02: [数据] ===== 全部完成，耗时 0.7s =====
2026-04-20T10:21:02: [缓存] indices 数据获取完成，耗时 0.7s
2026-04-20T10:21:04: [数据] ===== 开始获取所有指数数据 =====
2026-04-20T10:21:04:   [配置] 核心指数: 沪深300, 中证500, 中证红利, 中证红利低波, 中证消费, 科创50, 恒生科技, 标普500, 纳斯达克100
2026-04-20T10:21:04:   [配置] Dashboard额外: 上证指数
2026-04-20T10:21:04:   [行情] 东方财富批量接口获取 9 条
2026-04-20T10:21:04:   [行情] 东方财富缺失 1 个指数(HSTECH), 用腾讯补漏
2026-04-20T10:21:04:   [行情] 腾讯备用源获取 1 条
2026-04-20T10:21:04:   [行情] 腾讯补漏成功: HSTECH
2026-04-20T10:21:04:   [天天基金] 最近连续失败，暂时跳过重试
2026-04-20T10:21:05:   [沪深300] 开始获取数据...
2026-04-20T10:21:05:   [中证500] 开始获取数据...
2026-04-20T10:21:05:   [中证红利] 开始获取数据...
2026-04-20T10:21:05:   [中证红利低波] 开始获取数据...
2026-04-20T10:21:05:   [中证消费] 开始获取数据...
2026-04-20T10:21:05:   [科创50] 开始获取数据...
2026-04-20T10:21:05:   [沪深300] 蛋卷基金: PE=14.4034, PE百分位=89.36%, 估值=high
2026-04-20T10:21:05:   [沪深300] 完成: price=4748.25, PE=14.4034, PE%=89.36%, temp=60°, src=danjuan-wind
2026-04-20T10:21:05:   [中证500] 蛋卷基金: PE=36.4631, PE百分位=85.52%, 估值=high
2026-04-20T10:21:05:   [中证500] 完成: price=8284.7, PE=36.4631, PE%=85.52%, temp=74°, src=danjuan-wind
2026-04-20T10:21:05:   [中证红利] 蛋卷基金: PE=8.6124, PE百分位=80.68%, 估值=high
2026-04-20T10:21:05:   [中证红利] 完成: price=5696.86, PE=8.6124, PE%=80.68%, temp=29°, src=danjuan-wind
2026-04-20T10:21:05:   [中证红利低波] 蛋卷基金: PE=8.4035, PE百分位=77.92%, 估值=high
2026-04-20T10:21:05:   [中证红利低波] 完成: price=11380.97, PE=8.4035, PE%=77.92%, temp=N/A, src=danjuan-wind
2026-04-20T10:21:05:   [中证消费] 蛋卷基金: PE=19.9003, PE百分位=7.92%, 估值=low
2026-04-20T10:21:05:   [中证消费] 完成: price=14253.15, PE=19.9003, PE%=7.92%, temp=0°, src=danjuan-wind
2026-04-20T10:21:05:   [科创50] 蛋卷基金: PE=159.6906, PE百分位=92.33%, 估值=high
2026-04-20T10:21:05:   [科创50] 完成: price=1439.83, PE=159.6906, PE%=92.33%, temp=N/A, src=danjuan-wind
2026-04-20T10:21:06:   [恒生科技] 开始获取数据...
2026-04-20T10:21:06:   [标普500] 开始获取数据...
2026-04-20T10:21:06:   [纳斯达克100] 开始获取数据...
2026-04-20T10:21:06:   [上证指数] 开始获取数据...
2026-04-20T10:21:06:   [恒生科技] 蛋卷基金: PE=23.1832, PE百分位=33.98%, 估值=high
2026-04-20T10:21:06:   [恒生科技] 完成: price=5065.71, PE=23.1832, PE%=33.98%, temp=11°, src=danjuan-wind
2026-04-20T10:21:06:   [标普500] 完成: price=7126.06, PE=null, PE%=null%, temp=N/A, src=none
2026-04-20T10:21:06:   [纳斯达克100] 完成: price=24468.48, PE=null, PE%=null%, temp=N/A, src=none
2026-04-20T10:21:06:   [上证指数] 完成: price=4072.45, PE=null, PE%=null%, temp=N/A, src=none
2026-04-20T10:21:06: [数据] ===== 全部完成，耗时 1.2s =====
2026-04-20T10:21:06: [缓存] indices 数据获取完成，耗时 1.2s
2026-04-20T10:21:09: [数据] ===== 开始获取所有指数数据 =====
2026-04-20T10:21:09:   [配置] 核心指数: 沪深300, 中证500, 中证红利, 中证红利低波, 中证消费, 科创50, 恒生科技, 标普500, 纳斯达克100
2026-04-20T10:21:09:   [配置] Dashboard额外: 上证指数
2026-04-20T10:21:09:   [行情] 东方财富批量接口获取 9 条
2026-04-20T10:21:09:   [行情] 东方财富缺失 1 个指数(HSTECH), 用腾讯补漏
2026-04-20T10:21:09:   [行情] 腾讯备用源获取 1 条
2026-04-20T10:21:09:   [行情] 腾讯补漏成功: HSTECH
2026-04-20T10:21:10:   [沪深300] 开始获取数据...
2026-04-20T10:21:10:   [中证500] 开始获取数据...
2026-04-20T10:21:10:   [中证红利] 开始获取数据...
2026-04-20T10:21:10:   [中证红利低波] 开始获取数据...
2026-04-20T10:21:10:   [中证消费] 开始获取数据...
2026-04-20T10:21:10:   [科创50] 开始获取数据...
2026-04-20T10:21:10:   [沪深300] 蛋卷基金: PE=14.4034, PE百分位=89.36%, 估值=high
2026-04-20T10:21:10:   [沪深300] 完成: price=4748.09, PE=14.4034, PE%=89.36%, temp=60°, src=danjuan-wind
2026-04-20T10:21:10:   [中证500] 蛋卷基金: PE=36.4631, PE百分位=85.52%, 估值=high
2026-04-20T10:21:10:   [中证500] 完成: price=8284.59, PE=36.4631, PE%=85.52%, temp=74°, src=danjuan-wind
2026-04-20T10:21:10:   [中证红利] 蛋卷基金: PE=8.6124, PE百分位=80.68%, 估值=high
2026-04-20T10:21:10:   [中证红利] 完成: price=5696.82, PE=8.6124, PE%=80.68%, temp=29°, src=danjuan-wind
2026-04-20T10:21:10:   [中证红利低波] 蛋卷基金: PE=8.4035, PE百分位=77.92%, 估值=high
2026-04-20T10:21:10:   [中证红利低波] 完成: price=11381.58, PE=8.4035, PE%=77.92%, temp=N/A, src=danjuan-wind
2026-04-20T10:21:10:   [中证消费] 蛋卷基金: PE=19.9003, PE百分位=7.92%, 估值=low
2026-04-20T10:21:10:   [中证消费] 完成: price=14255.51, PE=19.9003, PE%=7.92%, temp=0°, src=danjuan-wind
2026-04-20T10:21:10:   [科创50] 蛋卷基金: PE=159.6906, PE百分位=92.33%, 估值=high
2026-04-20T10:21:10:   [科创50] 完成: price=1439.58, PE=159.6906, PE%=92.33%, temp=N/A, src=danjuan-wind
2026-04-20T10:21:10:   [恒生科技] 开始获取数据...
2026-04-20T10:21:10:   [标普500] 开始获取数据...
2026-04-20T10:21:10:   [纳斯达克100] 开始获取数据...
2026-04-20T10:21:10:   [上证指数] 开始获取数据...
2026-04-20T10:21:10:   [恒生科技] 蛋卷基金: PE=23.1832, PE百分位=33.98%, 估值=high
2026-04-20T10:21:10:   [恒生科技] 完成: price=5066.77, PE=23.1832, PE%=33.98%, temp=11°, src=danjuan-wind
2026-04-20T10:21:10:   [标普500] 完成: price=7126.06, PE=null, PE%=null%, temp=N/A, src=none
2026-04-20T10:21:10:   [纳斯达克100] 完成: price=24468.48, PE=null, PE%=null%, temp=N/A, src=none
2026-04-20T10:21:10:   [上证指数] 完成: price=4072.29, PE=null, PE%=null%, temp=N/A, src=none
2026-04-20T10:21:10: [数据] ===== 全部完成，耗时 0.6s =====
2026-04-20T10:21:10: [缓存] indices 数据获取完成，耗时 0.6s
2026-04-20T10:21:12: [数据] ===== 开始获取所有指数数据 =====
2026-04-20T10:21:12:   [配置] 核心指数: 沪深300, 中证500, 中证红利, 中证红利低波, 中证消费, 科创50, 恒生科技, 标普500, 纳斯达克100
2026-04-20T10:21:12:   [配置] Dashboard额外: 上证指数
2026-04-20T10:21:12:   [行情] 东方财富批量接口获取 9 条
2026-04-20T10:21:12:   [行情] 东方财富缺失 1 个指数(HSTECH), 用腾讯补漏
2026-04-20T10:21:12:   [行情] 腾讯备用源获取 1 条
2026-04-20T10:21:12:   [行情] 腾讯补漏成功: HSTECH
2026-04-20T10:21:12:   [天天基金] 最近连续失败，暂时跳过重试
2026-04-20T10:21:13:   [沪深300] 开始获取数据...
2026-04-20T10:21:13:   [中证500] 开始获取数据...
2026-04-20T10:21:13:   [中证红利] 开始获取数据...
2026-04-20T10:21:13:   [中证红利低波] 开始获取数据...
2026-04-20T10:21:13:   [中证消费] 开始获取数据...
2026-04-20T10:21:13:   [科创50] 开始获取数据...
2026-04-20T10:21:13:   [沪深300] 蛋卷基金: PE=14.4034, PE百分位=89.36%, 估值=high
2026-04-20T10:21:13:   [沪深300] 完成: price=4748.13, PE=14.4034, PE%=89.36%, temp=60°, src=danjuan-wind
2026-04-20T10:21:13:   [中证500] 蛋卷基金: PE=36.4631, PE百分位=85.52%, 估值=high
2026-04-20T10:21:13:   [中证500] 完成: price=8283.74, PE=36.4631, PE%=85.52%, temp=74°, src=danjuan-wind
2026-04-20T10:21:13:   [中证红利] 蛋卷基金: PE=8.6124, PE百分位=80.68%, 估值=high
2026-04-20T10:21:13:   [中证红利] 完成: price=5696.62, PE=8.6124, PE%=80.68%, temp=29°, src=danjuan-wind
2026-04-20T10:21:13:   [中证红利低波] 蛋卷基金: PE=8.4035, PE百分位=77.92%, 估值=high
2026-04-20T10:21:13:   [中证红利低波] 完成: price=11380.2, PE=8.4035, PE%=77.92%, temp=N/A, src=danjuan-wind
2026-04-20T10:21:13:   [中证消费] 蛋卷基金: PE=19.9003, PE百分位=7.92%, 估值=low
2026-04-20T10:21:13:   [中证消费] 完成: price=14254.64, PE=19.9003, PE%=7.92%, temp=0°, src=danjuan-wind
2026-04-20T10:21:13:   [科创50] 蛋卷基金: PE=159.6906, PE百分位=92.33%, 估值=high
2026-04-20T10:21:13:   [科创50] 完成: price=1439.45, PE=159.6906, PE%=92.33%, temp=N/A, src=danjuan-wind
2026-04-20T10:21:14:   [恒生科技] 开始获取数据...
2026-04-20T10:21:14:   [标普500] 开始获取数据...
2026-04-20T10:21:14:   [纳斯达克100] 开始获取数据...
2026-04-20T10:21:14:   [上证指数] 开始获取数据...
2026-04-20T10:21:14:   [恒生科技] 蛋卷基金: PE=23.1832, PE百分位=33.98%, 估值=high
2026-04-20T10:21:14:   [恒生科技] 完成: price=5068.21, PE=23.1832, PE%=33.98%, temp=11°, src=danjuan-wind
2026-04-20T10:21:14:   [标普500] 完成: price=7126.06, PE=null, PE%=null%, temp=N/A, src=none
2026-04-20T10:21:14:   [纳斯达克100] 完成: price=24468.48, PE=null, PE%=null%, temp=N/A, src=none
2026-04-20T10:21:14:   [上证指数] 完成: price=4072.58, PE=null, PE%=null%, temp=N/A, src=none
2026-04-20T10:21:14: [数据] ===== 全部完成，耗时 1.2s =====
2026-04-20T10:21:14: [缓存] indices 数据获取完成，耗时 1.2s
2026-04-20T10:21:14:   [行情] 东方财富批量接口获取 8 条
2026-04-20T10:21:14:   [行情] 东方财富缺失 1 个指数(HSTECH), 用腾讯补漏
2026-04-20T10:21:14:   [行情] 腾讯备用源获取 1 条
2026-04-20T10:21:14:   [行情] 腾讯补漏成功: HSTECH
2026-04-20T10:21:14: [缓存] index-quotes 数据获取完成，耗时 0.0s
2026-04-20T10:21:16: [数据] ===== 开始获取所有指数数据 =====
2026-04-20T10:21:16:   [配置] 核心指数: 沪深300, 中证500, 中证红利, 中证红利低波, 中证消费, 科创50, 恒生科技, 标普500, 纳斯达克100
2026-04-20T10:21:16:   [配置] Dashboard额外: 上证指数
2026-04-20T10:21:16:   [行情] 东方财富批量接口获取 9 条
2026-04-20T10:21:16:   [行情] 东方财富缺失 1 个指数(HSTECH), 用腾讯补漏
2026-04-20T10:21:16:   [行情] 腾讯备用源获取 1 条
2026-04-20T10:21:16:   [行情] 腾讯补漏成功: HSTECH
2026-04-20T10:21:16:   [天天基金] 最近连续失败，暂时跳过重试
2026-04-20T10:21:17:   [沪深300] 开始获取数据...
2026-04-20T10:21:17:   [中证500] 开始获取数据...
2026-04-20T10:21:17:   [中证红利] 开始获取数据...
2026-04-20T10:21:17:   [中证红利低波] 开始获取数据...
2026-04-20T10:21:17:   [中证消费] 开始获取数据...
2026-04-20T10:21:17:   [科创50] 开始获取数据...
2026-04-20T10:21:17:   [沪深300] 蛋卷基金: PE=14.4034, PE百分位=89.36%, 估值=high
2026-04-20T10:21:17:   [沪深300] 完成: price=4748.22, PE=14.4034, PE%=89.36%, temp=60°, src=danjuan-wind
2026-04-20T10:21:17:   [中证500] 蛋卷基金: PE=36.4631, PE百分位=85.52%, 估值=high
2026-04-20T10:21:17:   [中证500] 完成: price=8284.4, PE=36.4631, PE%=85.52%, temp=74°, src=danjuan-wind
2026-04-20T10:21:17:   [中证红利] 蛋卷基金: PE=8.6124, PE百分位=80.68%, 估值=high
2026-04-20T10:21:17:   [中证红利] 完成: price=5697.02, PE=8.6124, PE%=80.68%, temp=29°, src=danjuan-wind
2026-04-20T10:21:17:   [中证红利低波] 蛋卷基金: PE=8.4035, PE百分位=77.92%, 估值=high
2026-04-20T10:21:17:   [中证红利低波] 完成: price=11379.32, PE=8.4035, PE%=77.92%, temp=N/A, src=danjuan-wind
2026-04-20T10:21:17:   [中证消费] 蛋卷基金: PE=19.9003, PE百分位=7.92%, 估值=low
2026-04-20T10:21:17:   [中证消费] 完成: price=14255.32, PE=19.9003, PE%=7.92%, temp=0°, src=danjuan-wind
2026-04-20T10:21:17:   [科创50] 蛋卷基金: PE=159.6906, PE百分位=92.33%, 估值=high
2026-04-20T10:21:17:   [科创50] 完成: price=1439.44, PE=159.6906, PE%=92.33%, temp=N/A, src=danjuan-wind
2026-04-20T10:21:17:   [恒生科技] 开始获取数据...
2026-04-20T10:21:17:   [标普500] 开始获取数据...
2026-04-20T10:21:17:   [纳斯达克100] 开始获取数据...
2026-04-20T10:21:17:   [上证指数] 开始获取数据...
2026-04-20T10:21:17:   [恒生科技] 蛋卷基金: PE=23.1832, PE百分位=33.98%, 估值=high
2026-04-20T10:21:17:   [恒生科技] 完成: price=5067.09, PE=23.1832, PE%=33.98%, temp=11°, src=danjuan-wind
2026-04-20T10:21:17:   [标普500] 完成: price=7126.06, PE=null, PE%=null%, temp=N/A, src=none
2026-04-20T10:21:17:   [纳斯达克100] 完成: price=24468.48, PE=null, PE%=null%, temp=N/A, src=none
2026-04-20T10:21:17:   [上证指数] 完成: price=4072.41, PE=null, PE%=null%, temp=N/A, src=none
2026-04-20T10:21:17: [数据] ===== 全部完成，耗时 0.5s =====
2026-04-20T10:21:17: [缓存] indices 数据获取完成，耗时 0.5s
2026-04-20T10:21:19: [数据] ===== 开始获取所有指数数据 =====
2026-04-20T10:21:19:   [配置] 核心指数: 沪深300, 中证500, 中证红利, 中证红利低波, 中证消费, 科创50, 恒生科技, 标普500, 纳斯达克100
2026-04-20T10:21:19:   [配置] Dashboard额外: 上证指数
2026-04-20T10:21:19:   [行情] 东方财富批量接口获取 9 条
2026-04-20T10:21:19:   [行情] 东方财富缺失 1 个指数(HSTECH), 用腾讯补漏
2026-04-20T10:21:19:   [行情] 腾讯备用源获取 1 条
2026-04-20T10:21:19:   [行情] 腾讯补漏成功: HSTECH
2026-04-20T10:21:19:   [天天基金] 最近连续失败，暂时跳过重试
2026-04-20T10:21:22:   [沪深300] 开始获取数据...
2026-04-20T10:21:22:   [中证500] 开始获取数据...
2026-04-20T10:21:22:   [中证红利] 开始获取数据...
2026-04-20T10:21:22:   [中证红利低波] 开始获取数据...
2026-04-20T10:21:22:   [中证消费] 开始获取数据...
2026-04-20T10:21:22:   [科创50] 开始获取数据...
2026-04-20T10:21:22:   [沪深300] 蛋卷基金: PE=14.4034, PE百分位=89.36%, 估值=high
2026-04-20T10:21:22:   [沪深300] 完成: price=4748.12, PE=14.4034, PE%=89.36%, temp=60°, src=danjuan-wind
2026-04-20T10:21:22:   [中证500] 蛋卷基金: PE=36.4631, PE百分位=85.52%, 估值=high
2026-04-20T10:21:22:   [中证500] 完成: price=8284.98, PE=36.4631, PE%=85.52%, temp=74°, src=danjuan-wind
2026-04-20T10:21:22:   [中证红利] 蛋卷基金: PE=8.6124, PE百分位=80.68%, 估值=high
2026-04-20T10:21:22:   [中证红利] 完成: price=5697.02, PE=8.6124, PE%=80.68%, temp=29°, src=danjuan-wind
2026-04-20T10:21:22:   [中证红利低波] 蛋卷基金: PE=8.4035, PE百分位=77.92%, 估值=high
2026-04-20T10:21:22:   [中证红利低波] 完成: price=11379.32, PE=8.4035, PE%=77.92%, temp=N/A, src=danjuan-wind
2026-04-20T10:21:22:   [中证消费] 蛋卷基金: PE=19.9003, PE百分位=7.92%, 估值=low
2026-04-20T10:21:22:   [中证消费] 完成: price=14255.57, PE=19.9003, PE%=7.92%, temp=0°, src=danjuan-wind
2026-04-20T10:21:22:   [科创50] 蛋卷基金: PE=159.6906, PE百分位=92.33%, 估值=high
2026-04-20T10:21:22:   [科创50] 完成: price=1439.18, PE=159.6906, PE%=92.33%, temp=N/A, src=danjuan-wind
2026-04-20T10:21:22:   [恒生科技] 开始获取数据...
2026-04-20T10:21:22:   [标普500] 开始获取数据...
2026-04-20T10:21:22:   [纳斯达克100] 开始获取数据...
2026-04-20T10:21:22:   [上证指数] 开始获取数据...
2026-04-20T10:21:22:   [恒生科技] 蛋卷基金: PE=23.1832, PE百分位=33.98%, 估值=high
2026-04-20T10:21:22:   [恒生科技] 完成: price=5069.25, PE=23.1832, PE%=33.98%, temp=11°, src=danjuan-wind
2026-04-20T10:21:22:   [标普500] 完成: price=7126.06, PE=null, PE%=null%, temp=N/A, src=none
2026-04-20T10:21:22:   [纳斯达克100] 完成: price=24468.48, PE=null, PE%=null%, temp=N/A, src=none
2026-04-20T10:21:22:   [上证指数] 完成: price=4072.4, PE=null, PE%=null%, temp=N/A, src=none
2026-04-20T10:21:22: [数据] ===== 全部完成，耗时 2.3s =====
2026-04-20T10:21:22: [缓存] indices 数据获取完成，耗时 2.3s
2026-04-20T10:21:24: [数据] ===== 开始获取所有指数数据 =====
2026-04-20T10:21:24:   [配置] 核心指数: 沪深300, 中证500, 中证红利, 中证红利低波, 中证消费, 科创50, 恒生科技, 标普500, 纳斯达克100
2026-04-20T10:21:24:   [配置] Dashboard额外: 上证指数
2026-04-20T10:21:24:   [行情] 东方财富批量接口获取 9 条
2026-04-20T10:21:24:   [行情] 东方财富缺失 1 个指数(HSTECH), 用腾讯补漏
2026-04-20T10:21:24:   [行情] 腾讯备用源获取 1 条
2026-04-20T10:21:24:   [行情] 腾讯补漏成功: HSTECH
2026-04-20T10:21:24:   [天天基金] 最近连续失败，暂时跳过重试
2026-04-20T10:21:25:   [沪深300] 开始获取数据...
2026-04-20T10:21:25:   [中证500] 开始获取数据...
2026-04-20T10:21:25:   [中证红利] 开始获取数据...
2026-04-20T10:21:25:   [中证红利低波] 开始获取数据...
2026-04-20T10:21:25:   [中证消费] 开始获取数据...
2026-04-20T10:21:25:   [科创50] 开始获取数据...
2026-04-20T10:21:25:   [沪深300] 蛋卷基金: PE=14.4034, PE百分位=89.36%, 估值=high
2026-04-20T10:21:25:   [沪深300] 完成: price=4747.98, PE=14.4034, PE%=89.36%, temp=60°, src=danjuan-wind
2026-04-20T10:21:25:   [中证500] 蛋卷基金: PE=36.4631, PE百分位=85.52%, 估值=high
2026-04-20T10:21:25:   [中证500] 完成: price=8283.93, PE=36.4631, PE%=85.52%, temp=74°, src=danjuan-wind
2026-04-20T10:21:25:   [中证红利] 蛋卷基金: PE=8.6124, PE百分位=80.68%, 估值=high
2026-04-20T10:21:25:   [中证红利] 完成: price=5696.98, PE=8.6124, PE%=80.68%, temp=29°, src=danjuan-wind
2026-04-20T10:21:25:   [中证红利低波] 蛋卷基金: PE=8.4035, PE百分位=77.92%, 估值=high
2026-04-20T10:21:25:   [中证红利低波] 完成: price=11379.14, PE=8.4035, PE%=77.92%, temp=N/A, src=danjuan-wind
2026-04-20T10:21:25:   [中证消费] 蛋卷基金: PE=19.9003, PE百分位=7.92%, 估值=low
2026-04-20T10:21:25:   [中证消费] 完成: price=14254.76, PE=19.9003, PE%=7.92%, temp=0°, src=danjuan-wind
2026-04-20T10:21:25:   [科创50] 蛋卷基金: PE=159.6906, PE百分位=92.33%, 估值=high
2026-04-20T10:21:25:   [科创50] 完成: price=1439.17, PE=159.6906, PE%=92.33%, temp=N/A, src=danjuan-wind
2026-04-20T10:21:25:   [恒生科技] 开始获取数据...
2026-04-20T10:21:25:   [标普500] 开始获取数据...
2026-04-20T10:21:25:   [纳斯达克100] 开始获取数据...
2026-04-20T10:21:25:   [上证指数] 开始获取数据...
2026-04-20T10:21:25:   [恒生科技] 蛋卷基金: PE=23.1832, PE百分位=33.98%, 估值=high
2026-04-20T10:21:25:   [恒生科技] 完成: price=5069.4, PE=23.1832, PE%=33.98%, temp=11°, src=danjuan-wind
2026-04-20T10:21:25:   [标普500] 完成: price=7126.06, PE=null, PE%=null%, temp=N/A, src=none
2026-04-20T10:21:25:   [纳斯达克100] 完成: price=24468.48, PE=null, PE%=null%, temp=N/A, src=none
2026-04-20T10:21:25:   [上证指数] 完成: price=4072.2, PE=null, PE%=null%, temp=N/A, src=none
2026-04-20T10:21:25: [数据] ===== 全部完成，耗时 0.7s =====
2026-04-20T10:21:25: [缓存] indices 数据获取完成，耗时 0.7s
2026-04-20T10:21:28: [数据] ===== 开始获取所有指数数据 =====
2026-04-20T10:21:28:   [配置] 核心指数: 沪深300, 中证500, 中证红利, 中证红利低波, 中证消费, 科创50, 恒生科技, 标普500, 纳斯达克100
2026-04-20T10:21:28:   [配置] Dashboard额外: 上证指数
2026-04-20T10:21:28:   [行情] 东方财富批量接口获取 9 条
2026-04-20T10:21:28:   [行情] 东方财富缺失 1 个指数(HSTECH), 用腾讯补漏
2026-04-20T10:21:28:   [行情] 腾讯备用源获取 1 条
2026-04-20T10:21:28:   [行情] 腾讯补漏成功: HSTECH
2026-04-20T10:21:28:   [天天基金] 最近连续失败，暂时跳过重试
2026-04-20T10:21:29:   [沪深300] 开始获取数据...
2026-04-20T10:21:29:   [中证500] 开始获取数据...
2026-04-20T10:21:29:   [中证红利] 开始获取数据...
2026-04-20T10:21:29:   [中证红利低波] 开始获取数据...
2026-04-20T10:21:29:   [中证消费] 开始获取数据...
2026-04-20T10:21:29:   [科创50] 开始获取数据...
2026-04-20T10:21:29:   [沪深300] 蛋卷基金: PE=14.4034, PE百分位=89.36%, 估值=high
2026-04-20T10:21:29:   [沪深300] 完成: price=4748.27, PE=14.4034, PE%=89.36%, temp=60°, src=danjuan-wind
2026-04-20T10:21:29:   [中证500] 蛋卷基金: PE=36.4631, PE百分位=85.52%, 估值=high
2026-04-20T10:21:29:   [中证500] 完成: price=8284.27, PE=36.4631, PE%=85.52%, temp=74°, src=danjuan-wind
2026-04-20T10:21:29:   [中证红利] 蛋卷基金: PE=8.6124, PE百分位=80.68%, 估值=high
2026-04-20T10:21:29:   [中证红利] 完成: price=5697.48, PE=8.6124, PE%=80.68%, temp=29°, src=danjuan-wind
2026-04-20T10:21:29:   [中证红利低波] 蛋卷基金: PE=8.4035, PE百分位=77.92%, 估值=high
2026-04-20T10:21:29:   [中证红利低波] 完成: price=11380.46, PE=8.4035, PE%=77.92%, temp=N/A, src=danjuan-wind
2026-04-20T10:21:29:   [中证消费] 蛋卷基金: PE=19.9003, PE百分位=7.92%, 估值=low
2026-04-20T10:21:29:   [中证消费] 完成: price=14255.45, PE=19.9003, PE%=7.92%, temp=0°, src=danjuan-wind
2026-04-20T10:21:29:   [科创50] 蛋卷基金: PE=159.6906, PE百分位=92.33%, 估值=high
2026-04-20T10:21:29:   [科创50] 完成: price=1439.32, PE=159.6906, PE%=92.33%, temp=N/A, src=danjuan-wind
2026-04-20T10:21:29:   [恒生科技] 开始获取数据...
2026-04-20T10:21:29:   [标普500] 开始获取数据...
2026-04-20T10:21:29:   [纳斯达克100] 开始获取数据...
2026-04-20T10:21:29:   [上证指数] 开始获取数据...
2026-04-20T10:21:29:   [恒生科技] 蛋卷基金: PE=23.1832, PE百分位=33.98%, 估值=high
2026-04-20T10:21:29:   [恒生科技] 完成: price=5069.17, PE=23.1832, PE%=33.98%, temp=11°, src=danjuan-wind
2026-04-20T10:21:29:   [标普500] 完成: price=7126.06, PE=null, PE%=null%, temp=N/A, src=none
2026-04-20T10:21:29:   [纳斯达克100] 完成: price=24468.48, PE=null, PE%=null%, temp=N/A, src=none
2026-04-20T10:21:29:   [上证指数] 完成: price=4072.41, PE=null, PE%=null%, temp=N/A, src=none
2026-04-20T10:21:29: [数据] ===== 全部完成，耗时 1.0s =====
2026-04-20T10:21:29: [缓存] indices 数据获取完成，耗时 1.0s
2026-04-20T10:21:31: [数据] ===== 开始获取所有指数数据 =====
2026-04-20T10:21:31:   [配置] 核心指数: 沪深300, 中证500, 中证红利, 中证红利低波, 中证消费, 科创50, 恒生科技, 标普500, 纳斯达克100
2026-04-20T10:21:31:   [配置] Dashboard额外: 上证指数
2026-04-20T10:21:31:   [行情] 东方财富批量接口获取 9 条
2026-04-20T10:21:31:   [行情] 东方财富缺失 1 个指数(HSTECH), 用腾讯补漏
2026-04-20T10:21:31:   [行情] 腾讯备用源获取 1 条
2026-04-20T10:21:31:   [行情] 腾讯补漏成功: HSTECH
2026-04-20T10:21:31:   [天天基金] 最近连续失败，暂时跳过重试
2026-04-20T10:21:32:   [沪深300] 开始获取数据...
2026-04-20T10:21:32:   [中证500] 开始获取数据...
2026-04-20T10:21:32:   [中证红利] 开始获取数据...
2026-04-20T10:21:32:   [中证红利低波] 开始获取数据...
2026-04-20T10:21:32:   [中证消费] 开始获取数据...
2026-04-20T10:21:32:   [科创50] 开始获取数据...
2026-04-20T10:21:32:   [沪深300] 蛋卷基金: PE=14.4034, PE百分位=89.36%, 估值=high
2026-04-20T10:21:32:   [沪深300] 完成: price=4748.6, PE=14.4034, PE%=89.36%, temp=60°, src=danjuan-wind
2026-04-20T10:21:32:   [中证500] 蛋卷基金: PE=36.4631, PE百分位=85.52%, 估值=high
2026-04-20T10:21:32:   [中证500] 完成: price=8284.79, PE=36.4631, PE%=85.52%, temp=74°, src=danjuan-wind
2026-04-20T10:21:32:   [中证红利] 蛋卷基金: PE=8.6124, PE百分位=80.68%, 估值=high
2026-04-20T10:21:32:   [中证红利] 完成: price=5697.88, PE=8.6124, PE%=80.68%, temp=29°, src=danjuan-wind
2026-04-20T10:21:32:   [中证红利低波] 蛋卷基金: PE=8.4035, PE百分位=77.92%, 估值=high
2026-04-20T10:21:32:   [中证红利低波] 完成: price=11383.16, PE=8.4035, PE%=77.92%, temp=N/A, src=danjuan-wind
2026-04-20T10:21:32:   [中证消费] 蛋卷基金: PE=19.9003, PE百分位=7.92%, 估值=low
2026-04-20T10:21:32:   [中证消费] 完成: price=14256.54, PE=19.9003, PE%=7.92%, temp=0°, src=danjuan-wind
2026-04-20T10:21:32:   [科创50] 蛋卷基金: PE=159.6906, PE百分位=92.33%, 估值=high
2026-04-20T10:21:32:   [科创50] 完成: price=1439.39, PE=159.6906, PE%=92.33%, temp=N/A, src=danjuan-wind
2026-04-20T10:21:32:   [恒生科技] 开始获取数据...
2026-04-20T10:21:32:   [标普500] 开始获取数据...
2026-04-20T10:21:32:   [纳斯达克100] 开始获取数据...
2026-04-20T10:21:32:   [上证指数] 开始获取数据...
2026-04-20T10:21:32:   [恒生科技] 蛋卷基金: PE=23.1832, PE百分位=33.98%, 估值=high
2026-04-20T10:21:32:   [恒生科技] 完成: price=5068.71, PE=23.1832, PE%=33.98%, temp=11°, src=danjuan-wind
2026-04-20T10:21:32:   [标普500] 完成: price=7126.06, PE=null, PE%=null%, temp=N/A, src=none
2026-04-20T10:21:32:   [纳斯达克100] 完成: price=24468.48, PE=null, PE%=null%, temp=N/A, src=none
2026-04-20T10:21:32:   [上证指数] 完成: price=4072.58, PE=null, PE%=null%, temp=N/A, src=none
2026-04-20T10:21:32: [数据] ===== 全部完成，耗时 0.9s =====
2026-04-20T10:21:32: [缓存] indices 数据获取完成，耗时 0.9s
2026-04-20T10:21:35: [数据] ===== 开始获取所有指数数据 =====
2026-04-20T10:21:35:   [配置] 核心指数: 沪深300, 中证500, 中证红利, 中证红利低波, 中证消费, 科创50, 恒生科技, 标普500, 纳斯达克100
2026-04-20T10:21:35:   [配置] Dashboard额外: 上证指数
2026-04-20T10:21:35:   [行情] 东方财富批量接口获取 9 条
2026-04-20T10:21:35:   [行情] 东方财富缺失 1 个指数(HSTECH), 用腾讯补漏
2026-04-20T10:21:35:   [行情] 腾讯备用源获取 1 条
2026-04-20T10:21:35:   [行情] 腾讯补漏成功: HSTECH
2026-04-20T10:21:35:   [天天基金] 最近连续失败，暂时跳过重试
2026-04-20T10:21:36:   [沪深300] 开始获取数据...
2026-04-20T10:21:36:   [中证500] 开始获取数据...
2026-04-20T10:21:36:   [中证红利] 开始获取数据...
2026-04-20T10:21:36:   [中证红利低波] 开始获取数据...
2026-04-20T10:21:36:   [中证消费] 开始获取数据...
2026-04-20T10:21:36:   [科创50] 开始获取数据...
2026-04-20T10:21:36:   [沪深300] 蛋卷基金: PE=14.4034, PE百分位=89.36%, 估值=high
2026-04-20T10:21:36:   [沪深300] 完成: price=4748.64, PE=14.4034, PE%=89.36%, temp=60°, src=danjuan-wind
2026-04-20T10:21:36:   [中证500] 蛋卷基金: PE=36.4631, PE百分位=85.52%, 估值=high
2026-04-20T10:21:36:   [中证500] 完成: price=8284.97, PE=36.4631, PE%=85.52%, temp=74°, src=danjuan-wind
2026-04-20T10:21:36:   [中证红利] 蛋卷基金: PE=8.6124, PE百分位=80.68%, 估值=high
2026-04-20T10:21:36:   [中证红利] 完成: price=5697.88, PE=8.6124, PE%=80.68%, temp=29°, src=danjuan-wind
2026-04-20T10:21:36:   [中证红利低波] 蛋卷基金: PE=8.4035, PE百分位=77.92%, 估值=high
2026-04-20T10:21:36:   [中证红利低波] 完成: price=11383.16, PE=8.4035, PE%=77.92%, temp=N/A, src=danjuan-wind
2026-04-20T10:21:36:   [中证消费] 蛋卷基金: PE=19.9003, PE百分位=7.92%, 估值=low
2026-04-20T10:21:36:   [中证消费] 完成: price=14256.65, PE=19.9003, PE%=7.92%, temp=0°, src=danjuan-wind
2026-04-20T10:21:36:   [科创50] 蛋卷基金: PE=159.6906, PE百分位=92.33%, 估值=high
2026-04-20T10:21:36:   [科创50] 完成: price=1439.68, PE=159.6906, PE%=92.33%, temp=N/A, src=danjuan-wind
2026-04-20T10:21:36:   [恒生科技] 开始获取数据...
2026-04-20T10:21:36:   [标普500] 开始获取数据...
2026-04-20T10:21:36:   [纳斯达克100] 开始获取数据...
2026-04-20T10:21:36:   [上证指数] 开始获取数据...
2026-04-20T10:21:36:   [恒生科技] 蛋卷基金: PE=23.1832, PE百分位=33.98%, 估值=high
2026-04-20T10:21:36:   [恒生科技] 完成: price=5067.86, PE=23.1832, PE%=33.98%, temp=11°, src=danjuan-wind
2026-04-20T10:21:36:   [标普500] 完成: price=7126.06, PE=null, PE%=null%, temp=N/A, src=none
2026-04-20T10:21:36:   [纳斯达克100] 完成: price=24468.48, PE=null, PE%=null%, temp=N/A, src=none
2026-04-20T10:21:36:   [上证指数] 完成: price=4072.64, PE=null, PE%=null%, temp=N/A, src=none
2026-04-20T10:21:36: [数据] ===== 全部完成，耗时 0.6s =====
2026-04-20T10:21:36: [缓存] indices 数据获取完成，耗时 0.6s
2026-04-20T10:21:39: [数据] ===== 开始获取所有指数数据 =====
2026-04-20T10:21:39:   [配置] 核心指数: 沪深300, 中证500, 中证红利, 中证红利低波, 中证消费, 科创50, 恒生科技, 标普500, 纳斯达克100
2026-04-20T10:21:39:   [配置] Dashboard额外: 上证指数
2026-04-20T10:21:39:   [行情] 东方财富批量接口获取 9 条
2026-04-20T10:21:39:   [行情] 东方财富缺失 1 个指数(HSTECH), 用腾讯补漏
2026-04-20T10:21:39:   [行情] 腾讯备用源获取 1 条
2026-04-20T10:21:39:   [行情] 腾讯补漏成功: HSTECH
2026-04-20T10:21:39:   [天天基金] 最近连续失败，暂时跳过重试
2026-04-20T10:21:40:   [沪深300] 开始获取数据...
2026-04-20T10:21:40:   [中证500] 开始获取数据...
2026-04-20T10:21:40:   [中证红利] 开始获取数据...
2026-04-20T10:21:40:   [中证红利低波] 开始获取数据...
2026-04-20T10:21:40:   [中证消费] 开始获取数据...
2026-04-20T10:21:40:   [科创50] 开始获取数据...
2026-04-20T10:21:40:   [沪深300] 蛋卷基金: PE=14.4034, PE百分位=89.36%, 估值=high
2026-04-20T10:21:40:   [沪深300] 完成: price=4748.71, PE=14.4034, PE%=89.36%, temp=60°, src=danjuan-wind
2026-04-20T10:21:40:   [中证500] 蛋卷基金: PE=36.4631, PE百分位=85.52%, 估值=high
2026-04-20T10:21:40:   [中证500] 完成: price=8284.84, PE=36.4631, PE%=85.52%, temp=74°, src=danjuan-wind
2026-04-20T10:21:40:   [中证红利] 蛋卷基金: PE=8.6124, PE百分位=80.68%, 估值=high
2026-04-20T10:21:40:   [中证红利] 完成: price=5697.86, PE=8.6124, PE%=80.68%, temp=29°, src=danjuan-wind
2026-04-20T10:21:40:   [中证红利低波] 蛋卷基金: PE=8.4035, PE百分位=77.92%, 估值=high
2026-04-20T10:21:40:   [中证红利低波] 完成: price=11383.12, PE=8.4035, PE%=77.92%, temp=N/A, src=danjuan-wind
2026-04-20T10:21:40:   [中证消费] 蛋卷基金: PE=19.9003, PE百分位=7.92%, 估值=low
2026-04-20T10:21:40:   [中证消费] 完成: price=14256.87, PE=19.9003, PE%=7.92%, temp=0°, src=danjuan-wind
2026-04-20T10:21:40:   [科创50] 蛋卷基金: PE=159.6906, PE百分位=92.33%, 估值=high
2026-04-20T10:21:40:   [科创50] 完成: price=1439.73, PE=159.6906, PE%=92.33%, temp=N/A, src=danjuan-wind
2026-04-20T10:21:40:   [恒生科技] 开始获取数据...
2026-04-20T10:21:40:   [标普500] 开始获取数据...
2026-04-20T10:21:40:   [纳斯达克100] 开始获取数据...
2026-04-20T10:21:40:   [上证指数] 开始获取数据...
2026-04-20T10:21:40:   [恒生科技] 蛋卷基金: PE=23.1832, PE百分位=33.98%, 估值=high
2026-04-20T10:21:40:   [恒生科技] 完成: price=5067.81, PE=23.1832, PE%=33.98%, temp=11°, src=danjuan-wind
2026-04-20T10:21:40:   [标普500] 完成: price=7126.06, PE=null, PE%=null%, temp=N/A, src=none
2026-04-20T10:21:40:   [纳斯达克100] 完成: price=24468.48, PE=null, PE%=null%, temp=N/A, src=none
2026-04-20T10:21:40:   [上证指数] 完成: price=4072.69, PE=null, PE%=null%, temp=N/A, src=none
2026-04-20T10:21:40: [数据] ===== 全部完成，耗时 1.9s =====
2026-04-20T10:21:40: [缓存] indices 数据获取完成，耗时 1.9s
2026-04-20T10:21:42: [数据] ===== 开始获取所有指数数据 =====
2026-04-20T10:21:42:   [配置] 核心指数: 沪深300, 中证500, 中证红利, 中证红利低波, 中证消费, 科创50, 恒生科技, 标普500, 纳斯达克100
2026-04-20T10:21:42:   [配置] Dashboard额外: 上证指数
2026-04-20T10:21:42:   [行情] 东方财富批量接口获取 9 条
2026-04-20T10:21:42:   [行情] 东方财富缺失 1 个指数(HSTECH), 用腾讯补漏
2026-04-20T10:21:42:   [行情] 腾讯备用源获取 1 条
2026-04-20T10:21:42:   [行情] 腾讯补漏成功: HSTECH
2026-04-20T10:21:42:   [天天基金] 最近连续失败，暂时跳过重试
2026-04-20T10:21:43:   [沪深300] 开始获取数据...
2026-04-20T10:21:43:   [中证500] 开始获取数据...
2026-04-20T10:21:43:   [中证红利] 开始获取数据...
2026-04-20T10:21:43:   [中证红利低波] 开始获取数据...
2026-04-20T10:21:43:   [中证消费] 开始获取数据...
2026-04-20T10:21:43:   [科创50] 开始获取数据...
2026-04-20T10:21:43:   [沪深300] 蛋卷基金: PE=14.4034, PE百分位=89.36%, 估值=high
2026-04-20T10:21:43:   [沪深300] 完成: price=4748.82, PE=14.4034, PE%=89.36%, temp=60°, src=danjuan-wind
2026-04-20T10:21:43:   [中证500] 蛋卷基金: PE=36.4631, PE百分位=85.52%, 估值=high
2026-04-20T10:21:43:   [中证500] 完成: price=8285.22, PE=36.4631, PE%=85.52%, temp=74°, src=danjuan-wind
2026-04-20T10:21:43:   [中证红利] 蛋卷基金: PE=8.6124, PE百分位=80.68%, 估值=high
2026-04-20T10:21:43:   [中证红利] 完成: price=5697.35, PE=8.6124, PE%=80.68%, temp=29°, src=danjuan-wind
2026-04-20T10:21:43:   [中证红利低波] 蛋卷基金: PE=8.4035, PE百分位=77.92%, 估值=high
2026-04-20T10:21:43:   [中证红利低波] 完成: price=11380.68, PE=8.4035, PE%=77.92%, temp=N/A, src=danjuan-wind
2026-04-20T10:21:43:   [中证消费] 蛋卷基金: PE=19.9003, PE百分位=7.92%, 估值=low
2026-04-20T10:21:43:   [中证消费] 完成: price=14256.77, PE=19.9003, PE%=7.92%, temp=0°, src=danjuan-wind
2026-04-20T10:21:43:   [科创50] 蛋卷基金: PE=159.6906, PE百分位=92.33%, 估值=high
2026-04-20T10:21:43:   [科创50] 完成: price=1439.61, PE=159.6906, PE%=92.33%, temp=N/A, src=danjuan-wind
2026-04-20T10:21:43:   [恒生科技] 开始获取数据...
2026-04-20T10:21:43:   [标普500] 开始获取数据...
2026-04-20T10:21:43:   [纳斯达克100] 开始获取数据...
2026-04-20T10:21:43:   [上证指数] 开始获取数据...
2026-04-20T10:21:43:   [恒生科技] 蛋卷基金: PE=23.1832, PE百分位=33.98%, 估值=high
2026-04-20T10:21:43:   [恒生科技] 完成: price=5067.93, PE=23.1832, PE%=33.98%, temp=11°, src=danjuan-wind
2026-04-20T10:21:43:   [标普500] 完成: price=7126.06, PE=null, PE%=null%, temp=N/A, src=none
2026-04-20T10:21:43:   [纳斯达克100] 完成: price=24468.48, PE=null, PE%=null%, temp=N/A, src=none
2026-04-20T10:21:43:   [上证指数] 完成: price=4072.57, PE=null, PE%=null%, temp=N/A, src=none
2026-04-20T10:21:43: [数据] ===== 全部完成，耗时 1.2s =====
2026-04-20T10:21:43: [缓存] indices 数据获取完成，耗时 1.2s
2026-04-20T10:21:45: [数据] ===== 开始获取所有指数数据 =====
2026-04-20T10:21:45:   [配置] 核心指数: 沪深300, 中证500, 中证红利, 中证红利低波, 中证消费, 科创50, 恒生科技, 标普500, 纳斯达克100
2026-04-20T10:21:45:   [配置] Dashboard额外: 上证指数
2026-04-20T10:21:45:   [行情] 东方财富批量接口获取 9 条
2026-04-20T10:21:45:   [行情] 东方财富缺失 1 个指数(HSTECH), 用腾讯补漏
2026-04-20T10:21:45:   [行情] 腾讯备用源获取 1 条
2026-04-20T10:21:45:   [行情] 腾讯补漏成功: HSTECH
2026-04-20T10:21:45:   [天天基金] 最近连续失败，暂时跳过重试
2026-04-20T10:21:46:   [沪深300] 开始获取数据...
2026-04-20T10:21:46:   [中证500] 开始获取数据...
2026-04-20T10:21:46:   [中证红利] 开始获取数据...
2026-04-20T10:21:46:   [中证红利低波] 开始获取数据...
2026-04-20T10:21:46:   [中证消费] 开始获取数据...
2026-04-20T10:21:46:   [科创50] 开始获取数据...
2026-04-20T10:21:46:   [沪深300] 蛋卷基金: PE=14.4034, PE百分位=89.36%, 估值=high
2026-04-20T10:21:46:   [沪深300] 完成: price=4748.48, PE=14.4034, PE%=89.36%, temp=60°, src=danjuan-wind
2026-04-20T10:21:46:   [中证500] 蛋卷基金: PE=36.4631, PE百分位=85.52%, 估值=high
2026-04-20T10:21:46:   [中证500] 完成: price=8284.5, PE=36.4631, PE%=85.52%, temp=74°, src=danjuan-wind
2026-04-20T10:21:46:   [中证红利] 蛋卷基金: PE=8.6124, PE百分位=80.68%, 估值=high
2026-04-20T10:21:46:   [中证红利] 完成: price=5697.35, PE=8.6124, PE%=80.68%, temp=29°, src=danjuan-wind
2026-04-20T10:21:46:   [中证红利低波] 蛋卷基金: PE=8.4035, PE百分位=77.92%, 估值=high
2026-04-20T10:21:46:   [中证红利低波] 完成: price=11380.68, PE=8.4035, PE%=77.92%, temp=N/A, src=danjuan-wind
2026-04-20T10:21:46:   [中证消费] 蛋卷基金: PE=19.9003, PE百分位=7.92%, 估值=low
2026-04-20T10:21:46:   [中证消费] 完成: price=14258.27, PE=19.9003, PE%=7.92%, temp=0°, src=danjuan-wind
2026-04-20T10:21:46:   [科创50] 蛋卷基金: PE=159.6906, PE百分位=92.33%, 估值=high
2026-04-20T10:21:46:   [科创50] 完成: price=1439.43, PE=159.6906, PE%=92.33%, temp=N/A, src=danjuan-wind
2026-04-20T10:21:46:   [恒生科技] 开始获取数据...
2026-04-20T10:21:46:   [标普500] 开始获取数据...
2026-04-20T10:21:46:   [纳斯达克100] 开始获取数据...
2026-04-20T10:21:46:   [上证指数] 开始获取数据...
2026-04-20T10:21:46:   [恒生科技] 蛋卷基金: PE=23.1832, PE百分位=33.98%, 估值=high
2026-04-20T10:21:46:   [恒生科技] 完成: price=5068.31, PE=23.1832, PE%=33.98%, temp=11°, src=danjuan-wind
2026-04-20T10:21:46:   [标普500] 完成: price=7126.06, PE=null, PE%=null%, temp=N/A, src=none
2026-04-20T10:21:46:   [纳斯达克100] 完成: price=24468.48, PE=null, PE%=null%, temp=N/A, src=none
2026-04-20T10:21:46:   [上证指数] 完成: price=4072.63, PE=null, PE%=null%, temp=N/A, src=none
2026-04-20T10:21:46: [数据] ===== 全部完成，耗时 1.6s =====
2026-04-20T10:21:46: [缓存] indices 数据获取完成，耗时 1.6s
2026-04-20T10:21:46:   [行情] 东方财富批量接口获取 8 条
2026-04-20T10:21:46:   [行情] 东方财富缺失 1 个指数(HSTECH), 用腾讯补漏
2026-04-20T10:21:46:   [行情] 腾讯备用源获取 1 条
2026-04-20T10:21:46:   [行情] 腾讯补漏成功: HSTECH
2026-04-20T10:21:46: [缓存] index-quotes 数据获取完成，耗时 0.0s
2026-04-20T10:21:48: [数据] ===== 开始获取所有指数数据 =====
2026-04-20T10:21:48:   [配置] 核心指数: 沪深300, 中证500, 中证红利, 中证红利低波, 中证消费, 科创50, 恒生科技, 标普500, 纳斯达克100
2026-04-20T10:21:48:   [配置] Dashboard额外: 上证指数
2026-04-20T10:21:48:   [行情] 东方财富批量接口获取 9 条
2026-04-20T10:21:48:   [行情] 东方财富缺失 1 个指数(HSTECH), 用腾讯补漏
2026-04-20T10:21:48:   [行情] 腾讯备用源获取 1 条
2026-04-20T10:21:48:   [行情] 腾讯补漏成功: HSTECH
2026-04-20T10:21:48:   [天天基金] 最近连续失败，暂时跳过重试
2026-04-20T10:21:49:   [沪深300] 开始获取数据...
2026-04-20T10:21:49:   [中证500] 开始获取数据...
2026-04-20T10:21:49:   [中证红利] 开始获取数据...
2026-04-20T10:21:49:   [中证红利低波] 开始获取数据...
2026-04-20T10:21:49:   [中证消费] 开始获取数据...
2026-04-20T10:21:49:   [科创50] 开始获取数据...
2026-04-20T10:21:49:   [沪深300] 蛋卷基金: PE=14.4034, PE百分位=89.36%, 估值=high
2026-04-20T10:21:49:   [沪深300] 完成: price=4748.26, PE=14.4034, PE%=89.36%, temp=60°, src=danjuan-wind
2026-04-20T10:21:49:   [中证500] 蛋卷基金: PE=36.4631, PE百分位=85.52%, 估值=high
2026-04-20T10:21:49:   [中证500] 完成: price=8284.6, PE=36.4631, PE%=85.52%, temp=74°, src=danjuan-wind
2026-04-20T10:21:49:   [中证红利] 蛋卷基金: PE=8.6124, PE百分位=80.68%, 估值=high
2026-04-20T10:21:49:   [中证红利] 完成: price=5697.97, PE=8.6124, PE%=80.68%, temp=29°, src=danjuan-wind
2026-04-20T10:21:49:   [中证红利低波] 蛋卷基金: PE=8.4035, PE百分位=77.92%, 估值=high
2026-04-20T10:21:49:   [中证红利低波] 完成: price=11383.51, PE=8.4035, PE%=77.92%, temp=N/A, src=danjuan-wind
2026-04-20T10:21:49:   [中证消费] 蛋卷基金: PE=19.9003, PE百分位=7.92%, 估值=low
2026-04-20T10:21:49:   [中证消费] 完成: price=14257.63, PE=19.9003, PE%=7.92%, temp=0°, src=danjuan-wind
2026-04-20T10:21:49:   [科创50] 蛋卷基金: PE=159.6906, PE百分位=92.33%, 估值=high
2026-04-20T10:21:49:   [科创50] 完成: price=1439.3, PE=159.6906, PE%=92.33%, temp=N/A, src=danjuan-wind
2026-04-20T10:21:49:   [恒生科技] 开始获取数据...
2026-04-20T10:21:49:   [标普500] 开始获取数据...
2026-04-20T10:21:49:   [纳斯达克100] 开始获取数据...
2026-04-20T10:21:49:   [上证指数] 开始获取数据...
2026-04-20T10:21:49:   [恒生科技] 蛋卷基金: PE=23.1832, PE百分位=33.98%, 估值=high
2026-04-20T10:21:49:   [恒生科技] 完成: price=5068.03, PE=23.1832, PE%=33.98%, temp=11°, src=danjuan-wind
2026-04-20T10:21:49:   [标普500] 完成: price=7126.06, PE=null, PE%=null%, temp=N/A, src=none
2026-04-20T10:21:49:   [纳斯达克100] 完成: price=24468.48, PE=null, PE%=null%, temp=N/A, src=none
2026-04-20T10:21:49:   [上证指数] 完成: price=4072.62, PE=null, PE%=null%, temp=N/A, src=none
2026-04-20T10:21:49: [数据] ===== 全部完成，耗时 0.5s =====
2026-04-20T10:21:49: [缓存] indices 数据获取完成，耗时 0.5s
2026-04-20T10:21:51: [数据] ===== 开始获取所有指数数据 =====
2026-04-20T10:21:51:   [配置] 核心指数: 沪深300, 中证500, 中证红利, 中证红利低波, 中证消费, 科创50, 恒生科技, 标普500, 纳斯达克100
2026-04-20T10:21:51:   [配置] Dashboard额外: 上证指数
2026-04-20T10:21:51:   [行情] 东方财富批量接口获取 9 条
2026-04-20T10:21:51:   [行情] 东方财富缺失 1 个指数(HSTECH), 用腾讯补漏
2026-04-20T10:21:51:   [行情] 腾讯备用源获取 1 条
2026-04-20T10:21:51:   [行情] 腾讯补漏成功: HSTECH
2026-04-20T10:21:51:   [天天基金] 最近连续失败，暂时跳过重试
2026-04-20T10:21:54:   [沪深300] 开始获取数据...
2026-04-20T10:21:54:   [中证500] 开始获取数据...
2026-04-20T10:21:54:   [中证红利] 开始获取数据...
2026-04-20T10:21:54:   [中证红利低波] 开始获取数据...
2026-04-20T10:21:54:   [中证消费] 开始获取数据...
2026-04-20T10:21:54:   [科创50] 开始获取数据...
2026-04-20T10:21:54:   [沪深300] 蛋卷基金: PE=14.4034, PE百分位=89.36%, 估值=high
2026-04-20T10:21:54:   [沪深300] 完成: price=4748.06, PE=14.4034, PE%=89.36%, temp=60°, src=danjuan-wind
2026-04-20T10:21:54:   [中证500] 蛋卷基金: PE=36.4631, PE百分位=85.52%, 估值=high
2026-04-20T10:21:54:   [中证500] 完成: price=8284.22, PE=36.4631, PE%=85.52%, temp=74°, src=danjuan-wind
2026-04-20T10:21:54:   [中证红利] 蛋卷基金: PE=8.6124, PE百分位=80.68%, 估值=high
2026-04-20T10:21:54:   [中证红利] 完成: price=5697.83, PE=8.6124, PE%=80.68%, temp=29°, src=danjuan-wind
2026-04-20T10:21:54:   [中证红利低波] 蛋卷基金: PE=8.4035, PE百分位=77.92%, 估值=high
2026-04-20T10:21:54:   [中证红利低波] 完成: price=11382.92, PE=8.4035, PE%=77.92%, temp=N/A, src=danjuan-wind
2026-04-20T10:21:54:   [中证消费] 蛋卷基金: PE=19.9003, PE百分位=7.92%, 估值=low
2026-04-20T10:21:54:   [中证消费] 完成: price=14259.09, PE=19.9003, PE%=7.92%, temp=0°, src=danjuan-wind
2026-04-20T10:21:54:   [科创50] 蛋卷基金: PE=159.6906, PE百分位=92.33%, 估值=high
2026-04-20T10:21:54:   [科创50] 完成: price=1439.16, PE=159.6906, PE%=92.33%, temp=N/A, src=danjuan-wind
2026-04-20T10:21:54:   [恒生科技] 开始获取数据...
2026-04-20T10:21:54:   [标普500] 开始获取数据...
2026-04-20T10:21:54:   [纳斯达克100] 开始获取数据...
2026-04-20T10:21:54:   [上证指数] 开始获取数据...
2026-04-20T10:21:54:   [恒生科技] 蛋卷基金: PE=23.1832, PE百分位=33.98%, 估值=high
2026-04-20T10:21:54:   [恒生科技] 完成: price=5067.29, PE=23.1832, PE%=33.98%, temp=11°, src=danjuan-wind
2026-04-20T10:21:54:   [标普500] 完成: price=7126.06, PE=null, PE%=null%, temp=N/A, src=none
2026-04-20T10:21:54:   [纳斯达克100] 完成: price=24468.48, PE=null, PE%=null%, temp=N/A, src=none
2026-04-20T10:21:54:   [上证指数] 完成: price=4072.11, PE=null, PE%=null%, temp=N/A, src=none
2026-04-20T10:21:54: [数据] ===== 全部完成，耗时 2.8s =====
2026-04-20T10:21:54: [缓存] indices 数据获取完成，耗时 2.8s
2026-04-20T10:21:55: [数据] ===== 开始获取所有指数数据 =====
2026-04-20T10:21:55:   [配置] 核心指数: 沪深300, 中证500, 中证红利, 中证红利低波, 中证消费, 科创50, 恒生科技, 标普500, 纳斯达克100
2026-04-20T10:21:55:   [配置] Dashboard额外: 上证指数
2026-04-20T10:21:55:   [行情] 东方财富批量接口获取 9 条
2026-04-20T10:21:55:   [行情] 东方财富缺失 1 个指数(HSTECH), 用腾讯补漏
2026-04-20T10:21:55:   [行情] 腾讯备用源获取 1 条
2026-04-20T10:21:55:   [行情] 腾讯补漏成功: HSTECH
2026-04-20T10:21:55:   [天天基金] 最近连续失败，暂时跳过重试
2026-04-20T10:21:56:   [沪深300] 开始获取数据...
2026-04-20T10:21:56:   [中证500] 开始获取数据...
2026-04-20T10:21:56:   [中证红利] 开始获取数据...
2026-04-20T10:21:56:   [中证红利低波] 开始获取数据...
2026-04-20T10:21:56:   [中证消费] 开始获取数据...
2026-04-20T10:21:56:   [科创50] 开始获取数据...
2026-04-20T10:21:56:   [沪深300] 蛋卷基金: PE=14.4034, PE百分位=89.36%, 估值=high
2026-04-20T10:21:56:   [沪深300] 完成: price=4748.06, PE=14.4034, PE%=89.36%, temp=60°, src=danjuan-wind
2026-04-20T10:21:56:   [中证500] 蛋卷基金: PE=36.4631, PE百分位=85.52%, 估值=high
2026-04-20T10:21:56:   [中证500] 完成: price=8283.96, PE=36.4631, PE%=85.52%, temp=74°, src=danjuan-wind
2026-04-20T10:21:56:   [中证红利] 蛋卷基金: PE=8.6124, PE百分位=80.68%, 估值=high
2026-04-20T10:21:56:   [中证红利] 完成: price=5697.83, PE=8.6124, PE%=80.68%, temp=29°, src=danjuan-wind
2026-04-20T10:21:56:   [中证红利低波] 蛋卷基金: PE=8.4035, PE百分位=77.92%, 估值=high
2026-04-20T10:21:56:   [中证红利低波] 完成: price=11382.92, PE=8.4035, PE%=77.92%, temp=N/A, src=danjuan-wind
2026-04-20T10:21:56:   [中证消费] 蛋卷基金: PE=19.9003, PE百分位=7.92%, 估值=low
2026-04-20T10:21:56:   [中证消费] 完成: price=14260.16, PE=19.9003, PE%=7.92%, temp=0°, src=danjuan-wind
2026-04-20T10:21:56:   [科创50] 蛋卷基金: PE=159.6906, PE百分位=92.33%, 估值=high
2026-04-20T10:21:56:   [科创50] 完成: price=1438.94, PE=159.6906, PE%=92.33%, temp=N/A, src=danjuan-wind
2026-04-20T10:21:56:   [恒生科技] 开始获取数据...
2026-04-20T10:21:56:   [标普500] 开始获取数据...
2026-04-20T10:21:56:   [纳斯达克100] 开始获取数据...
2026-04-20T10:21:56:   [上证指数] 开始获取数据...
2026-04-20T10:21:56:   [恒生科技] 蛋卷基金: PE=23.1832, PE百分位=33.98%, 估值=high
2026-04-20T10:21:56:   [恒生科技] 完成: price=5067.08, PE=23.1832, PE%=33.98%, temp=11°, src=danjuan-wind
2026-04-20T10:21:56:   [标普500] 完成: price=7126.06, PE=null, PE%=null%, temp=N/A, src=none
2026-04-20T10:21:56:   [纳斯达克100] 完成: price=24468.48, PE=null, PE%=null%, temp=N/A, src=none
2026-04-20T10:21:56:   [上证指数] 完成: price=4072.28, PE=null, PE%=null%, temp=N/A, src=none
2026-04-20T10:21:56: [数据] ===== 全部完成，耗时 0.7s =====
2026-04-20T10:21:56: [缓存] indices 数据获取完成，耗时 0.7s
2026-04-20T10:21:59: [数据] ===== 开始获取所有指数数据 =====
2026-04-20T10:21:59:   [配置] 核心指数: 沪深300, 中证500, 中证红利, 中证红利低波, 中证消费, 科创50, 恒生科技, 标普500, 纳斯达克100
2026-04-20T10:21:59:   [配置] Dashboard额外: 上证指数
2026-04-20T10:21:59:   [行情] 东方财富批量接口获取 9 条
2026-04-20T10:21:59:   [行情] 东方财富缺失 1 个指数(HSTECH), 用腾讯补漏
2026-04-20T10:21:59:   [行情] 腾讯备用源获取 1 条
2026-04-20T10:21:59:   [行情] 腾讯补漏成功: HSTECH
2026-04-20T10:21:59:   [天天基金] 最近连续失败，暂时跳过重试
2026-04-20T10:21:59:   [沪深300] 开始获取数据...
2026-04-20T10:21:59:   [中证500] 开始获取数据...
2026-04-20T10:21:59:   [中证红利] 开始获取数据...
2026-04-20T10:21:59:   [中证红利低波] 开始获取数据...
2026-04-20T10:21:59:   [中证消费] 开始获取数据...
2026-04-20T10:21:59:   [科创50] 开始获取数据...
2026-04-20T10:21:59:   [沪深300] 蛋卷基金: PE=14.4034, PE百分位=89.36%, 估值=high
2026-04-20T10:21:59:   [沪深300] 完成: price=4748.12, PE=14.4034, PE%=89.36%, temp=60°, src=danjuan-wind
2026-04-20T10:21:59:   [中证500] 蛋卷基金: PE=36.4631, PE百分位=85.52%, 估值=high
2026-04-20T10:21:59:   [中证500] 完成: price=8283.29, PE=36.4631, PE%=85.52%, temp=74°, src=danjuan-wind
2026-04-20T10:21:59:   [中证红利] 蛋卷基金: PE=8.6124, PE百分位=80.68%, 估值=high
2026-04-20T10:21:59:   [中证红利] 完成: price=5696.38, PE=8.6124, PE%=80.68%, temp=29°, src=danjuan-wind
2026-04-20T10:21:59:   [中证红利低波] 蛋卷基金: PE=8.4035, PE百分位=77.92%, 估值=high
2026-04-20T10:21:59:   [中证红利低波] 完成: price=11385.37, PE=8.4035, PE%=77.92%, temp=N/A, src=danjuan-wind
2026-04-20T10:21:59:   [中证消费] 蛋卷基金: PE=19.9003, PE百分位=7.92%, 估值=low
2026-04-20T10:21:59:   [中证消费] 完成: price=14259, PE=19.9003, PE%=7.92%, temp=0°, src=danjuan-wind
2026-04-20T10:21:59:   [科创50] 蛋卷基金: PE=159.6906, PE百分位=92.33%, 估值=high
2026-04-20T10:21:59:   [科创50] 完成: price=1438.91, PE=159.6906, PE%=92.33%, temp=N/A, src=danjuan-wind
2026-04-20T10:21:59:   [恒生科技] 开始获取数据...
2026-04-20T10:21:59:   [标普500] 开始获取数据...
2026-04-20T10:21:59:   [纳斯达克100] 开始获取数据...
2026-04-20T10:21:59:   [上证指数] 开始获取数据...
2026-04-20T10:21:59:   [恒生科技] 蛋卷基金: PE=23.1832, PE百分位=33.98%, 估值=high
2026-04-20T10:21:59:   [恒生科技] 完成: price=5066.65, PE=23.1832, PE%=33.98%, temp=11°, src=danjuan-wind
2026-04-20T10:21:59:   [标普500] 完成: price=7126.06, PE=null, PE%=null%, temp=N/A, src=none
2026-04-20T10:21:59:   [纳斯达克100] 完成: price=24468.48, PE=null, PE%=null%, temp=N/A, src=none
2026-04-20T10:21:59:   [上证指数] 完成: price=4072.11, PE=null, PE%=null%, temp=N/A, src=none
2026-04-20T10:21:59: [数据] ===== 全部完成，耗时 0.7s =====
2026-04-20T10:21:59: [缓存] indices 数据获取完成，耗时 0.7s
2026-04-20T10:22:02: [数据] ===== 开始获取所有指数数据 =====
2026-04-20T10:22:02:   [配置] 核心指数: 沪深300, 中证500, 中证红利, 中证红利低波, 中证消费, 科创50, 恒生科技, 标普500, 纳斯达克100
2026-04-20T10:22:02:   [配置] Dashboard额外: 上证指数
2026-04-20T10:22:02:   [行情] 东方财富批量接口获取 9 条
2026-04-20T10:22:02:   [行情] 东方财富缺失 1 个指数(HSTECH), 用腾讯补漏
2026-04-20T10:22:02:   [行情] 腾讯备用源获取 1 条
2026-04-20T10:22:02:   [行情] 腾讯补漏成功: HSTECH
2026-04-20T10:22:02:   [天天基金] 最近连续失败，暂时跳过重试
2026-04-20T10:22:04:   [沪深300] 开始获取数据...
2026-04-20T10:22:04:   [中证500] 开始获取数据...
2026-04-20T10:22:04:   [中证红利] 开始获取数据...
2026-04-20T10:22:04:   [中证红利低波] 开始获取数据...
2026-04-20T10:22:04:   [中证消费] 开始获取数据...
2026-04-20T10:22:04:   [科创50] 开始获取数据...
2026-04-20T10:22:04:   [沪深300] 蛋卷基金: PE=14.4034, PE百分位=89.36%, 估值=high
2026-04-20T10:22:04:   [沪深300] 完成: price=4747.76, PE=14.4034, PE%=89.36%, temp=60°, src=danjuan-wind
2026-04-20T10:22:04:   [中证500] 蛋卷基金: PE=36.4631, PE百分位=85.52%, 估值=high
2026-04-20T10:22:04:   [中证500] 完成: price=8283.34, PE=36.4631, PE%=85.52%, temp=74°, src=danjuan-wind
2026-04-20T10:22:04:   [中证红利] 蛋卷基金: PE=8.6124, PE百分位=80.68%, 估值=high
2026-04-20T10:22:04:   [中证红利] 完成: price=5695.83, PE=8.6124, PE%=80.68%, temp=29°, src=danjuan-wind
2026-04-20T10:22:04:   [中证红利低波] 蛋卷基金: PE=8.4035, PE百分位=77.92%, 估值=high
2026-04-20T10:22:04:   [中证红利低波] 完成: price=11380.34, PE=8.4035, PE%=77.92%, temp=N/A, src=danjuan-wind
2026-04-20T10:22:04:   [中证消费] 蛋卷基金: PE=19.9003, PE百分位=7.92%, 估值=low
2026-04-20T10:22:04:   [中证消费] 完成: price=14257.6, PE=19.9003, PE%=7.92%, temp=0°, src=danjuan-wind
2026-04-20T10:22:04:   [科创50] 蛋卷基金: PE=159.6906, PE百分位=92.33%, 估值=high
2026-04-20T10:22:04:   [科创50] 完成: price=1438.76, PE=159.6906, PE%=92.33%, temp=N/A, src=danjuan-wind
2026-04-20T10:22:04:   [恒生科技] 开始获取数据...
2026-04-20T10:22:04:   [标普500] 开始获取数据...
2026-04-20T10:22:04:   [纳斯达克100] 开始获取数据...
2026-04-20T10:22:04:   [上证指数] 开始获取数据...
2026-04-20T10:22:04:   [恒生科技] 蛋卷基金: PE=23.1832, PE百分位=33.98%, 估值=high
2026-04-20T10:22:04:   [恒生科技] 完成: price=5066.52, PE=23.1832, PE%=33.98%, temp=11°, src=danjuan-wind
2026-04-20T10:22:04:   [标普500] 完成: price=7126.06, PE=null, PE%=null%, temp=N/A, src=none
2026-04-20T10:22:04:   [纳斯达克100] 完成: price=24468.48, PE=null, PE%=null%, temp=N/A, src=none
2026-04-20T10:22:04:   [上证指数] 完成: price=4071.9, PE=null, PE%=null%, temp=N/A, src=none
2026-04-20T10:22:04: [数据] ===== 全部完成，耗时 1.8s =====
2026-04-20T10:22:04: [缓存] indices 数据获取完成，耗时 1.8s
2026-04-20T10:22:05: [数据] ===== 开始获取所有指数数据 =====
2026-04-20T10:22:05:   [配置] 核心指数: 沪深300, 中证500, 中证红利, 中证红利低波, 中证消费, 科创50, 恒生科技, 标普500, 纳斯达克100
2026-04-20T10:22:05:   [配置] Dashboard额外: 上证指数
2026-04-20T10:22:05:   [行情] 东方财富批量接口获取 9 条
2026-04-20T10:22:05:   [行情] 东方财富缺失 1 个指数(HSTECH), 用腾讯补漏
2026-04-20T10:22:05:   [行情] 腾讯备用源获取 1 条
2026-04-20T10:22:05:   [行情] 腾讯补漏成功: HSTECH
2026-04-20T10:22:05:   [天天基金] 最近连续失败，暂时跳过重试
2026-04-20T10:22:06:   [沪深300] 开始获取数据...
2026-04-20T10:22:06:   [中证500] 开始获取数据...
2026-04-20T10:22:06:   [中证红利] 开始获取数据...
2026-04-20T10:22:06:   [中证红利低波] 开始获取数据...
2026-04-20T10:22:06:   [中证消费] 开始获取数据...
2026-04-20T10:22:06:   [科创50] 开始获取数据...
2026-04-20T10:22:06:   [沪深300] 蛋卷基金: PE=14.4034, PE百分位=89.36%, 估值=high
2026-04-20T10:22:06:   [沪深300] 完成: price=4747.55, PE=14.4034, PE%=89.36%, temp=60°, src=danjuan-wind
2026-04-20T10:22:06:   [中证500] 蛋卷基金: PE=36.4631, PE百分位=85.52%, 估值=high
2026-04-20T10:22:06:   [中证500] 完成: price=8282.94, PE=36.4631, PE%=85.52%, temp=74°, src=danjuan-wind
2026-04-20T10:22:06:   [中证红利] 蛋卷基金: PE=8.6124, PE百分位=80.68%, 估值=high
2026-04-20T10:22:06:   [中证红利] 完成: price=5695.62, PE=8.6124, PE%=80.68%, temp=29°, src=danjuan-wind
2026-04-20T10:22:06:   [中证红利低波] 蛋卷基金: PE=8.4035, PE百分位=77.92%, 估值=high
2026-04-20T10:22:06:   [中证红利低波] 完成: price=11380.18, PE=8.4035, PE%=77.92%, temp=N/A, src=danjuan-wind
2026-04-20T10:22:06:   [中证消费] 蛋卷基金: PE=19.9003, PE百分位=7.92%, 估值=low
2026-04-20T10:22:06:   [中证消费] 完成: price=14259.47, PE=19.9003, PE%=7.92%, temp=0°, src=danjuan-wind
2026-04-20T10:22:06:   [科创50] 蛋卷基金: PE=159.6906, PE百分位=92.33%, 估值=high
2026-04-20T10:22:06:   [科创50] 完成: price=1438.99, PE=159.6906, PE%=92.33%, temp=N/A, src=danjuan-wind
2026-04-20T10:22:06:   [恒生科技] 开始获取数据...
2026-04-20T10:22:06:   [标普500] 开始获取数据...
2026-04-20T10:22:06:   [纳斯达克100] 开始获取数据...
2026-04-20T10:22:06:   [上证指数] 开始获取数据...
2026-04-20T10:22:06:   [恒生科技] 蛋卷基金: PE=23.1832, PE百分位=33.98%, 估值=high
2026-04-20T10:22:06:   [恒生科技] 完成: price=5065.82, PE=23.1832, PE%=33.98%, temp=11°, src=danjuan-wind
2026-04-20T10:22:06:   [标普500] 完成: price=7126.06, PE=null, PE%=null%, temp=N/A, src=none
2026-04-20T10:22:06:   [纳斯达克100] 完成: price=24468.48, PE=null, PE%=null%, temp=N/A, src=none
2026-04-20T10:22:06:   [上证指数] 完成: price=4071.8, PE=null, PE%=null%, temp=N/A, src=none
2026-04-20T10:22:06: [数据] ===== 全部完成，耗时 0.9s =====
2026-04-20T10:22:06: [缓存] indices 数据获取完成，耗时 0.9s
2026-04-20T10:22:08: [数据] ===== 开始获取所有指数数据 =====
2026-04-20T10:22:08:   [配置] 核心指数: 沪深300, 中证500, 中证红利, 中证红利低波, 中证消费, 科创50, 恒生科技, 标普500, 纳斯达克100
2026-04-20T10:22:08:   [配置] Dashboard额外: 上证指数
2026-04-20T10:22:08:   [行情] 东方财富批量接口获取 9 条
2026-04-20T10:22:08:   [行情] 东方财富缺失 1 个指数(HSTECH), 用腾讯补漏
2026-04-20T10:22:08:   [行情] 腾讯备用源获取 1 条
2026-04-20T10:22:08:   [行情] 腾讯补漏成功: HSTECH
2026-04-20T10:22:08:   [天天基金] 最近连续失败，暂时跳过重试
2026-04-20T10:22:09:   [沪深300] 开始获取数据...
2026-04-20T10:22:09:   [中证500] 开始获取数据...
2026-04-20T10:22:09:   [中证红利] 开始获取数据...
2026-04-20T10:22:09:   [中证红利低波] 开始获取数据...
2026-04-20T10:22:09:   [中证消费] 开始获取数据...
2026-04-20T10:22:09:   [科创50] 开始获取数据...
2026-04-20T10:22:09:   [沪深300] 蛋卷基金: PE=14.4034, PE百分位=89.36%, 估值=high
2026-04-20T10:22:09:   [沪深300] 完成: price=4747.87, PE=14.4034, PE%=89.36%, temp=60°, src=danjuan-wind
2026-04-20T10:22:09:   [中证500] 蛋卷基金: PE=36.4631, PE百分位=85.52%, 估值=high
2026-04-20T10:22:09:   [中证500] 完成: price=8283.14, PE=36.4631, PE%=85.52%, temp=74°, src=danjuan-wind
2026-04-20T10:22:09:   [中证红利] 蛋卷基金: PE=8.6124, PE百分位=80.68%, 估值=high
2026-04-20T10:22:09:   [中证红利] 完成: price=5695.62, PE=8.6124, PE%=80.68%, temp=29°, src=danjuan-wind
2026-04-20T10:22:09:   [中证红利低波] 蛋卷基金: PE=8.4035, PE百分位=77.92%, 估值=high
2026-04-20T10:22:09:   [中证红利低波] 完成: price=11380.18, PE=8.4035, PE%=77.92%, temp=N/A, src=danjuan-wind
2026-04-20T10:22:09:   [中证消费] 蛋卷基金: PE=19.9003, PE百分位=7.92%, 估值=low
2026-04-20T10:22:09:   [中证消费] 完成: price=14260.03, PE=19.9003, PE%=7.92%, temp=0°, src=danjuan-wind
2026-04-20T10:22:09:   [科创50] 蛋卷基金: PE=159.6906, PE百分位=92.33%, 估值=high
2026-04-20T10:22:09:   [科创50] 完成: price=1439.02, PE=159.6906, PE%=92.33%, temp=N/A, src=danjuan-wind
2026-04-20T10:22:10:   [恒生科技] 开始获取数据...
2026-04-20T10:22:10:   [标普500] 开始获取数据...
2026-04-20T10:22:10:   [纳斯达克100] 开始获取数据...
2026-04-20T10:22:10:   [上证指数] 开始获取数据...
2026-04-20T10:22:10:   [恒生科技] 蛋卷基金: PE=23.1832, PE百分位=33.98%, 估值=high
2026-04-20T10:22:10:   [恒生科技] 完成: price=5065.27, PE=23.1832, PE%=33.98%, temp=11°, src=danjuan-wind
2026-04-20T10:22:10:   [标普500] 完成: price=7126.06, PE=null, PE%=null%, temp=N/A, src=none
2026-04-20T10:22:10:   [纳斯达克100] 完成: price=24468.48, PE=null, PE%=null%, temp=N/A, src=none
2026-04-20T10:22:10:   [上证指数] 完成: price=4072.03, PE=null, PE%=null%, temp=N/A, src=none
2026-04-20T10:22:10: [数据] ===== 全部完成，耗时 1.4s =====
2026-04-20T10:22:10: [缓存] indices 数据获取完成，耗时 1.4s
2026-04-20T10:22:12: [数据] ===== 开始获取所有指数数据 =====
2026-04-20T10:22:12:   [配置] 核心指数: 沪深300, 中证500, 中证红利, 中证红利低波, 中证消费, 科创50, 恒生科技, 标普500, 纳斯达克100
2026-04-20T10:22:12:   [配置] Dashboard额外: 上证指数
2026-04-20T10:22:12:   [行情] 东方财富批量接口获取 9 条
2026-04-20T10:22:12:   [行情] 东方财富缺失 1 个指数(HSTECH), 用腾讯补漏
2026-04-20T10:22:12:   [行情] 腾讯备用源获取 1 条
2026-04-20T10:22:12:   [行情] 腾讯补漏成功: HSTECH
2026-04-20T10:22:12:   [蛋卷基金] 获取 63 个指数估值数据
2026-04-20T10:22:12:   [天天基金] 最近连续失败，暂时跳过重试
2026-04-20T10:22:15:   [沪深300] 开始获取数据...
2026-04-20T10:22:15:   [中证500] 开始获取数据...
2026-04-20T10:22:15:   [中证红利] 开始获取数据...
2026-04-20T10:22:15:   [中证红利低波] 开始获取数据...
2026-04-20T10:22:15:   [中证消费] 开始获取数据...
2026-04-20T10:22:15:   [科创50] 开始获取数据...
2026-04-20T10:22:15:   [沪深300] 蛋卷基金: PE=14.4034, PE百分位=89.36%, 估值=high
2026-04-20T10:22:15:   [沪深300] 完成: price=4747.94, PE=14.4034, PE%=89.36%, temp=60°, src=danjuan-wind
2026-04-20T10:22:15:   [中证500] 蛋卷基金: PE=36.4631, PE百分位=85.52%, 估值=high
2026-04-20T10:22:15:   [中证500] 完成: price=8282.51, PE=36.4631, PE%=85.52%, temp=74°, src=danjuan-wind
2026-04-20T10:22:15:   [中证红利] 蛋卷基金: PE=8.6124, PE百分位=80.68%, 估值=high
2026-04-20T10:22:15:   [中证红利] 完成: price=5695.01, PE=8.6124, PE%=80.68%, temp=29°, src=danjuan-wind
2026-04-20T10:22:15:   [中证红利低波] 蛋卷基金: PE=8.4035, PE百分位=77.92%, 估值=high
2026-04-20T10:22:15:   [中证红利低波] 完成: price=11380.12, PE=8.4035, PE%=77.92%, temp=N/A, src=danjuan-wind
2026-04-20T10:22:15:   [中证消费] 蛋卷基金: PE=19.9003, PE百分位=7.92%, 估值=low
2026-04-20T10:22:15:   [中证消费] 完成: price=14258.9, PE=19.9003, PE%=7.92%, temp=0°, src=danjuan-wind
2026-04-20T10:22:15:   [科创50] 蛋卷基金: PE=159.6906, PE百分位=92.33%, 估值=high
2026-04-20T10:22:15:   [科创50] 完成: price=1439.17, PE=159.6906, PE%=92.33%, temp=N/A, src=danjuan-wind
2026-04-20T10:22:15:   [恒生科技] 开始获取数据...
2026-04-20T10:22:15:   [标普500] 开始获取数据...
2026-04-20T10:22:15:   [纳斯达克100] 开始获取数据...
2026-04-20T10:22:15:   [上证指数] 开始获取数据...
2026-04-20T10:22:15:   [恒生科技] 蛋卷基金: PE=23.1832, PE百分位=33.98%, 估值=high
2026-04-20T10:22:15:   [恒生科技] 完成: price=5064.94, PE=23.1832, PE%=33.98%, temp=11°, src=danjuan-wind
2026-04-20T10:22:15:   [标普500] 完成: price=7126.06, PE=null, PE%=null%, temp=N/A, src=none
2026-04-20T10:22:15:   [纳斯达克100] 完成: price=24468.48, PE=null, PE%=null%, temp=N/A, src=none
2026-04-20T10:22:15:   [上证指数] 完成: price=4072.05, PE=null, PE%=null%, temp=N/A, src=none
2026-04-20T10:22:15: [数据] ===== 全部完成，耗时 2.5s =====
2026-04-20T10:22:15: [缓存] indices 数据获取完成，耗时 2.5s
2026-04-20T10:22:16: [数据] ===== 开始获取所有指数数据 =====
2026-04-20T10:22:16:   [配置] 核心指数: 沪深300, 中证500, 中证红利, 中证红利低波, 中证消费, 科创50, 恒生科技, 标普500, 纳斯达克100
2026-04-20T10:22:16:   [配置] Dashboard额外: 上证指数
2026-04-20T10:22:16:   [行情] 东方财富批量接口获取 9 条
2026-04-20T10:22:16:   [行情] 东方财富缺失 1 个指数(HSTECH), 用腾讯补漏
2026-04-20T10:22:16:   [行情] 腾讯备用源获取 1 条
2026-04-20T10:22:16:   [行情] 腾讯补漏成功: HSTECH
2026-04-20T10:22:16:   [天天基金] 最近连续失败，暂时跳过重试
2026-04-20T10:22:17:   [沪深300] 开始获取数据...
2026-04-20T10:22:17:   [中证500] 开始获取数据...
2026-04-20T10:22:17:   [中证红利] 开始获取数据...
2026-04-20T10:22:17:   [中证红利低波] 开始获取数据...
2026-04-20T10:22:17:   [中证消费] 开始获取数据...
2026-04-20T10:22:17:   [科创50] 开始获取数据...
2026-04-20T10:22:17:   [沪深300] 蛋卷基金: PE=14.4034, PE百分位=89.36%, 估值=high
2026-04-20T10:22:17:   [沪深300] 完成: price=4748.03, PE=14.4034, PE%=89.36%, temp=60°, src=danjuan-wind
2026-04-20T10:22:17:   [中证500] 蛋卷基金: PE=36.4631, PE百分位=85.52%, 估值=high
2026-04-20T10:22:17:   [中证500] 完成: price=8282.29, PE=36.4631, PE%=85.52%, temp=74°, src=danjuan-wind
2026-04-20T10:22:17:   [中证红利] 蛋卷基金: PE=8.6124, PE百分位=80.68%, 估值=high
2026-04-20T10:22:17:   [中证红利] 完成: price=5695.57, PE=8.6124, PE%=80.68%, temp=29°, src=danjuan-wind
2026-04-20T10:22:17:   [中证红利低波] 蛋卷基金: PE=8.4035, PE百分位=77.92%, 估值=high
2026-04-20T10:22:17:   [中证红利低波] 完成: price=11379.67, PE=8.4035, PE%=77.92%, temp=N/A, src=danjuan-wind
2026-04-20T10:22:17:   [中证消费] 蛋卷基金: PE=19.9003, PE百分位=7.92%, 估值=low
2026-04-20T10:22:17:   [中证消费] 完成: price=14258.08, PE=19.9003, PE%=7.92%, temp=0°, src=danjuan-wind
2026-04-20T10:22:17:   [科创50] 蛋卷基金: PE=159.6906, PE百分位=92.33%, 估值=high
2026-04-20T10:22:17:   [科创50] 完成: price=1439.43, PE=159.6906, PE%=92.33%, temp=N/A, src=danjuan-wind
2026-04-20T10:22:17:   [恒生科技] 开始获取数据...
2026-04-20T10:22:17:   [标普500] 开始获取数据...
2026-04-20T10:22:17:   [纳斯达克100] 开始获取数据...
2026-04-20T10:22:17:   [上证指数] 开始获取数据...
2026-04-20T10:22:17:   [恒生科技] 蛋卷基金: PE=23.1832, PE百分位=33.98%, 估值=high
2026-04-20T10:22:17:   [恒生科技] 完成: price=5064.94, PE=23.1832, PE%=33.98%, temp=11°, src=danjuan-wind
2026-04-20T10:22:17:   [标普500] 完成: price=7126.06, PE=null, PE%=null%, temp=N/A, src=none
2026-04-20T10:22:17:   [纳斯达克100] 完成: price=24468.48, PE=null, PE%=null%, temp=N/A, src=none
2026-04-20T10:22:17:   [上证指数] 完成: price=4072.29, PE=null, PE%=null%, temp=N/A, src=none
2026-04-20T10:22:17: [数据] ===== 全部完成，耗时 0.4s =====
2026-04-20T10:22:17: [缓存] indices 数据获取完成，耗时 0.4s
2026-04-20T10:22:17:   [行情] 东方财富批量接口获取 8 条
2026-04-20T10:22:17:   [行情] 东方财富缺失 1 个指数(HSTECH), 用腾讯补漏
2026-04-20T10:22:17:   [行情] 腾讯备用源获取 1 条
2026-04-20T10:22:17:   [行情] 腾讯补漏成功: HSTECH
2026-04-20T10:22:17: [缓存] index-quotes 数据获取完成，耗时 0.0s
2026-04-20T10:22:20: [数据] ===== 开始获取所有指数数据 =====
2026-04-20T10:22:20:   [配置] 核心指数: 沪深300, 中证500, 中证红利, 中证红利低波, 中证消费, 科创50, 恒生科技, 标普500, 纳斯达克100
2026-04-20T10:22:20:   [配置] Dashboard额外: 上证指数
2026-04-20T10:22:20:   [行情] 东方财富批量接口获取 9 条
2026-04-20T10:22:20:   [行情] 东方财富缺失 1 个指数(HSTECH), 用腾讯补漏
2026-04-20T10:22:20:   [行情] 腾讯备用源获取 1 条
2026-04-20T10:22:20:   [行情] 腾讯补漏成功: HSTECH
2026-04-20T10:22:20:   [天天基金] 最近连续失败，暂时跳过重试
2026-04-20T10:22:20:   [沪深300] 开始获取数据...
2026-04-20T10:22:20:   [中证500] 开始获取数据...
2026-04-20T10:22:20:   [中证红利] 开始获取数据...
2026-04-20T10:22:20:   [中证红利低波] 开始获取数据...
2026-04-20T10:22:20:   [中证消费] 开始获取数据...
2026-04-20T10:22:20:   [科创50] 开始获取数据...
2026-04-20T10:22:20:   [沪深300] 蛋卷基金: PE=14.4034, PE百分位=89.36%, 估值=high
2026-04-20T10:22:20:   [沪深300] 完成: price=4748.35, PE=14.4034, PE%=89.36%, temp=60°, src=danjuan-wind
2026-04-20T10:22:20:   [中证500] 蛋卷基金: PE=36.4631, PE百分位=85.52%, 估值=high
2026-04-20T10:22:20:   [中证500] 完成: price=8281.89, PE=36.4631, PE%=85.52%, temp=74°, src=danjuan-wind
2026-04-20T10:22:20:   [中证红利] 蛋卷基金: PE=8.6124, PE百分位=80.68%, 估值=high
2026-04-20T10:22:20:   [中证红利] 完成: price=5695.57, PE=8.6124, PE%=80.68%, temp=29°, src=danjuan-wind
2026-04-20T10:22:20:   [中证红利低波] 蛋卷基金: PE=8.4035, PE百分位=77.92%, 估值=high
2026-04-20T10:22:20:   [中证红利低波] 完成: price=11379.67, PE=8.4035, PE%=77.92%, temp=N/A, src=danjuan-wind
2026-04-20T10:22:20:   [中证消费] 蛋卷基金: PE=19.9003, PE百分位=7.92%, 估值=low
2026-04-20T10:22:20:   [中证消费] 完成: price=14258.54, PE=19.9003, PE%=7.92%, temp=0°, src=danjuan-wind
2026-04-20T10:22:20:   [科创50] 蛋卷基金: PE=159.6906, PE百分位=92.33%, 估值=high
2026-04-20T10:22:20:   [科创50] 完成: price=1439.48, PE=159.6906, PE%=92.33%, temp=N/A, src=danjuan-wind
2026-04-20T10:22:20:   [恒生科技] 开始获取数据...
2026-04-20T10:22:20:   [标普500] 开始获取数据...
2026-04-20T10:22:20:   [纳斯达克100] 开始获取数据...
2026-04-20T10:22:20:   [上证指数] 开始获取数据...
2026-04-20T10:22:20:   [恒生科技] 蛋卷基金: PE=23.1832, PE百分位=33.98%, 估值=high
2026-04-20T10:22:20:   [恒生科技] 完成: price=5065.03, PE=23.1832, PE%=33.98%, temp=11°, src=danjuan-wind
2026-04-20T10:22:20:   [标普500] 完成: price=7126.06, PE=null, PE%=null%, temp=N/A, src=none
2026-04-20T10:22:20:   [纳斯达克100] 完成: price=24468.48, PE=null, PE%=null%, temp=N/A, src=none
2026-04-20T10:22:20:   [上证指数] 完成: price=4072.68, PE=null, PE%=null%, temp=N/A, src=none
2026-04-20T10:22:20: [数据] ===== 全部完成，耗时 0.4s =====
2026-04-20T10:22:20: [缓存] indices 数据获取完成，耗时 0.4s
2026-04-20T10:22:23: [数据] ===== 开始获取所有指数数据 =====
2026-04-20T10:22:23:   [配置] 核心指数: 沪深300, 中证500, 中证红利, 中证红利低波, 中证消费, 科创50, 恒生科技, 标普500, 纳斯达克100
2026-04-20T10:22:23:   [配置] Dashboard额外: 上证指数
2026-04-20T10:22:23:   [行情] 东方财富批量接口获取 9 条
2026-04-20T10:22:23:   [行情] 东方财富缺失 1 个指数(HSTECH), 用腾讯补漏
2026-04-20T10:22:23:   [行情] 腾讯备用源获取 1 条
2026-04-20T10:22:23:   [行情] 腾讯补漏成功: HSTECH
2026-04-20T10:22:23:   [天天基金] 最近连续失败，暂时跳过重试
2026-04-20T10:22:23:   [沪深300] 开始获取数据...
2026-04-20T10:22:23:   [中证500] 开始获取数据...
2026-04-20T10:22:23:   [中证红利] 开始获取数据...
2026-04-20T10:22:23:   [中证红利低波] 开始获取数据...
2026-04-20T10:22:23:   [中证消费] 开始获取数据...
2026-04-20T10:22:23:   [科创50] 开始获取数据...
2026-04-20T10:22:23:   [沪深300] 蛋卷基金: PE=14.4034, PE百分位=89.36%, 估值=high
2026-04-20T10:22:23:   [沪深300] 完成: price=4747.94, PE=14.4034, PE%=89.36%, temp=60°, src=danjuan-wind
2026-04-20T10:22:23:   [中证500] 蛋卷基金: PE=36.4631, PE百分位=85.52%, 估值=high
2026-04-20T10:22:23:   [中证500] 完成: price=8281.93, PE=36.4631, PE%=85.52%, temp=74°, src=danjuan-wind
2026-04-20T10:22:23:   [中证红利] 蛋卷基金: PE=8.6124, PE百分位=80.68%, 估值=high
2026-04-20T10:22:23:   [中证红利] 完成: price=5695.63, PE=8.6124, PE%=80.68%, temp=29°, src=danjuan-wind
2026-04-20T10:22:23:   [中证红利低波] 蛋卷基金: PE=8.4035, PE百分位=77.92%, 估值=high
2026-04-20T10:22:23:   [中证红利低波] 完成: price=11381.15, PE=8.4035, PE%=77.92%, temp=N/A, src=danjuan-wind
2026-04-20T10:22:23:   [中证消费] 蛋卷基金: PE=19.9003, PE百分位=7.92%, 估值=low
2026-04-20T10:22:23:   [中证消费] 完成: price=14259.3, PE=19.9003, PE%=7.92%, temp=0°, src=danjuan-wind
2026-04-20T10:22:23:   [科创50] 蛋卷基金: PE=159.6906, PE百分位=92.33%, 估值=high
2026-04-20T10:22:23:   [科创50] 完成: price=1439.45, PE=159.6906, PE%=92.33%, temp=N/A, src=danjuan-wind
2026-04-20T10:22:23:   [恒生科技] 开始获取数据...
2026-04-20T10:22:23:   [标普500] 开始获取数据...
2026-04-20T10:22:23:   [纳斯达克100] 开始获取数据...
2026-04-20T10:22:23:   [上证指数] 开始获取数据...
2026-04-20T10:22:23:   [恒生科技] 蛋卷基金: PE=23.1832, PE百分位=33.98%, 估值=high
2026-04-20T10:22:23:   [恒生科技] 完成: price=5065.03, PE=23.1832, PE%=33.98%, temp=11°, src=danjuan-wind
2026-04-20T10:22:23:   [标普500] 完成: price=7126.06, PE=null, PE%=null%, temp=N/A, src=none
2026-04-20T10:22:23:   [纳斯达克100] 完成: price=24468.48, PE=null, PE%=null%, temp=N/A, src=none
2026-04-20T10:22:23:   [上证指数] 完成: price=4072.22, PE=null, PE%=null%, temp=N/A, src=none
2026-04-20T10:22:23: [数据] ===== 全部完成，耗时 0.5s =====
2026-04-20T10:22:23: [缓存] indices 数据获取完成，耗时 0.5s
2026-04-20T10:22:26: [数据] ===== 开始获取所有指数数据 =====
2026-04-20T10:22:26:   [配置] 核心指数: 沪深300, 中证500, 中证红利, 中证红利低波, 中证消费, 科创50, 恒生科技, 标普500, 纳斯达克100
2026-04-20T10:22:26:   [配置] Dashboard额外: 上证指数
2026-04-20T10:22:26:   [行情] 东方财富批量接口获取 9 条
2026-04-20T10:22:26:   [行情] 东方财富缺失 1 个指数(HSTECH), 用腾讯补漏
2026-04-20T10:22:26:   [行情] 腾讯备用源获取 1 条
2026-04-20T10:22:26:   [行情] 腾讯补漏成功: HSTECH
2026-04-20T10:22:26:   [天天基金] 最近连续失败，暂时跳过重试
2026-04-20T10:22:27:   [沪深300] 开始获取数据...
2026-04-20T10:22:27:   [中证500] 开始获取数据...
2026-04-20T10:22:27:   [中证红利] 开始获取数据...
2026-04-20T10:22:27:   [中证红利低波] 开始获取数据...
2026-04-20T10:22:27:   [中证消费] 开始获取数据...
2026-04-20T10:22:27:   [科创50] 开始获取数据...
2026-04-20T10:22:27:   [沪深300] 蛋卷基金: PE=14.4034, PE百分位=89.36%, 估值=high
2026-04-20T10:22:27:   [沪深300] 完成: price=4748.02, PE=14.4034, PE%=89.36%, temp=60°, src=danjuan-wind
2026-04-20T10:22:27:   [中证500] 蛋卷基金: PE=36.4631, PE百分位=85.52%, 估值=high
2026-04-20T10:22:27:   [中证500] 完成: price=8281.69, PE=36.4631, PE%=85.52%, temp=74°, src=danjuan-wind
2026-04-20T10:22:27:   [中证红利] 蛋卷基金: PE=8.6124, PE百分位=80.68%, 估值=high
2026-04-20T10:22:27:   [中证红利] 完成: price=5695.63, PE=8.6124, PE%=80.68%, temp=29°, src=danjuan-wind
2026-04-20T10:22:27:   [中证红利低波] 蛋卷基金: PE=8.4035, PE百分位=77.92%, 估值=high
2026-04-20T10:22:27:   [中证红利低波] 完成: price=11381.15, PE=8.4035, PE%=77.92%, temp=N/A, src=danjuan-wind
2026-04-20T10:22:27:   [中证消费] 蛋卷基金: PE=19.9003, PE百分位=7.92%, 估值=low
2026-04-20T10:22:27:   [中证消费] 完成: price=14258.84, PE=19.9003, PE%=7.92%, temp=0°, src=danjuan-wind
2026-04-20T10:22:27:   [科创50] 蛋卷基金: PE=159.6906, PE百分位=92.33%, 估值=high
2026-04-20T10:22:27:   [科创50] 完成: price=1439.52, PE=159.6906, PE%=92.33%, temp=N/A, src=danjuan-wind
2026-04-20T10:22:27:   [恒生科技] 开始获取数据...
2026-04-20T10:22:27:   [标普500] 开始获取数据...
2026-04-20T10:22:27:   [纳斯达克100] 开始获取数据...
2026-04-20T10:22:27:   [上证指数] 开始获取数据...
2026-04-20T10:22:27:   [恒生科技] 蛋卷基金: PE=23.1832, PE百分位=33.98%, 估值=high
2026-04-20T10:22:27:   [恒生科技] 完成: price=5065.03, PE=23.1832, PE%=33.98%, temp=11°, src=danjuan-wind
2026-04-20T10:22:27:   [标普500] 完成: price=7126.06, PE=null, PE%=null%, temp=N/A, src=none
2026-04-20T10:22:27:   [纳斯达克100] 完成: price=24468.48, PE=null, PE%=null%, temp=N/A, src=none
2026-04-20T10:22:27:   [上证指数] 完成: price=4072.36, PE=null, PE%=null%, temp=N/A, src=none
2026-04-20T10:22:27: [数据] ===== 全部完成，耗时 0.8s =====
2026-04-20T10:22:27: [缓存] indices 数据获取完成，耗时 0.8s
2026-04-20T10:22:29: [数据] ===== 开始获取所有指数数据 =====
2026-04-20T10:22:29:   [配置] 核心指数: 沪深300, 中证500, 中证红利, 中证红利低波, 中证消费, 科创50, 恒生科技, 标普500, 纳斯达克100
2026-04-20T10:22:29:   [配置] Dashboard额外: 上证指数
2026-04-20T10:22:29:   [行情] 东方财富批量接口获取 9 条
2026-04-20T10:22:29:   [行情] 东方财富缺失 1 个指数(HSTECH), 用腾讯补漏
2026-04-20T10:22:29:   [行情] 腾讯备用源获取 1 条
2026-04-20T10:22:29:   [行情] 腾讯补漏成功: HSTECH
2026-04-20T10:22:29:   [天天基金] 最近连续失败，暂时跳过重试
2026-04-20T10:22:29:   [沪深300] 开始获取数据...
2026-04-20T10:22:29:   [中证500] 开始获取数据...
2026-04-20T10:22:29:   [中证红利] 开始获取数据...
2026-04-20T10:22:29:   [中证红利低波] 开始获取数据...
2026-04-20T10:22:29:   [中证消费] 开始获取数据...
2026-04-20T10:22:29:   [科创50] 开始获取数据...
2026-04-20T10:22:29:   [沪深300] 蛋卷基金: PE=14.4034, PE百分位=89.36%, 估值=high
2026-04-20T10:22:29:   [沪深300] 完成: price=4748, PE=14.4034, PE%=89.36%, temp=60°, src=danjuan-wind
2026-04-20T10:22:29:   [中证500] 蛋卷基金: PE=36.4631, PE百分位=85.52%, 估值=high
2026-04-20T10:22:29:   [中证500] 完成: price=8281.84, PE=36.4631, PE%=85.52%, temp=74°, src=danjuan-wind
2026-04-20T10:22:29:   [中证红利] 蛋卷基金: PE=8.6124, PE百分位=80.68%, 估值=high
2026-04-20T10:22:29:   [中证红利] 完成: price=5695.59, PE=8.6124, PE%=80.68%, temp=29°, src=danjuan-wind
2026-04-20T10:22:29:   [中证红利低波] 蛋卷基金: PE=8.4035, PE百分位=77.92%, 估值=high
2026-04-20T10:22:29:   [中证红利低波] 完成: price=11382.55, PE=8.4035, PE%=77.92%, temp=N/A, src=danjuan-wind
2026-04-20T10:22:29:   [中证消费] 蛋卷基金: PE=19.9003, PE百分位=7.92%, 估值=low
2026-04-20T10:22:29:   [中证消费] 完成: price=14258.4, PE=19.9003, PE%=7.92%, temp=0°, src=danjuan-wind
2026-04-20T10:22:29:   [科创50] 蛋卷基金: PE=159.6906, PE百分位=92.33%, 估值=high
2026-04-20T10:22:29:   [科创50] 完成: price=1439.3, PE=159.6906, PE%=92.33%, temp=N/A, src=danjuan-wind
2026-04-20T10:22:29:   [恒生科技] 开始获取数据...
2026-04-20T10:22:29:   [标普500] 开始获取数据...
2026-04-20T10:22:29:   [纳斯达克100] 开始获取数据...
2026-04-20T10:22:29:   [上证指数] 开始获取数据...
2026-04-20T10:22:29:   [恒生科技] 蛋卷基金: PE=23.1832, PE百分位=33.98%, 估值=high
2026-04-20T10:22:29:   [恒生科技] 完成: price=5063.66, PE=23.1832, PE%=33.98%, temp=11°, src=danjuan-wind
2026-04-20T10:22:29:   [标普500] 完成: price=7126.06, PE=null, PE%=null%, temp=N/A, src=none
2026-04-20T10:22:29:   [纳斯达克100] 完成: price=24468.48, PE=null, PE%=null%, temp=N/A, src=none
2026-04-20T10:22:29:   [上证指数] 完成: price=4072.53, PE=null, PE%=null%, temp=N/A, src=none
2026-04-20T10:22:29: [数据] ===== 全部完成，耗时 0.7s =====
2026-04-20T10:22:29: [缓存] indices 数据获取完成，耗时 0.7s
2026-04-20T10:22:31: [数据] ===== 开始获取所有指数数据 =====
2026-04-20T10:22:31:   [配置] 核心指数: 沪深300, 中证500, 中证红利, 中证红利低波, 中证消费, 科创50, 恒生科技, 标普500, 纳斯达克100
2026-04-20T10:22:31:   [配置] Dashboard额外: 上证指数
2026-04-20T10:22:31:   [行情] 东方财富批量接口获取 9 条
2026-04-20T10:22:31:   [行情] 东方财富缺失 1 个指数(HSTECH), 用腾讯补漏
2026-04-20T10:22:31:   [行情] 腾讯备用源获取 1 条
2026-04-20T10:22:31:   [行情] 腾讯补漏成功: HSTECH
2026-04-20T10:22:31:   [天天基金] 最近连续失败，暂时跳过重试
2026-04-20T10:22:32:   [沪深300] 开始获取数据...
2026-04-20T10:22:32:   [中证500] 开始获取数据...
2026-04-20T10:22:32:   [中证红利] 开始获取数据...
2026-04-20T10:22:32:   [中证红利低波] 开始获取数据...
2026-04-20T10:22:32:   [中证消费] 开始获取数据...
2026-04-20T10:22:32:   [科创50] 开始获取数据...
2026-04-20T10:22:32:   [沪深300] 蛋卷基金: PE=14.4034, PE百分位=89.36%, 估值=high
2026-04-20T10:22:32:   [沪深300] 完成: price=4748.04, PE=14.4034, PE%=89.36%, temp=60°, src=danjuan-wind
2026-04-20T10:22:32:   [中证500] 蛋卷基金: PE=36.4631, PE百分位=85.52%, 估值=high
2026-04-20T10:22:32:   [中证500] 完成: price=8281.42, PE=36.4631, PE%=85.52%, temp=74°, src=danjuan-wind
2026-04-20T10:22:32:   [中证红利] 蛋卷基金: PE=8.6124, PE百分位=80.68%, 估值=high
2026-04-20T10:22:32:   [中证红利] 完成: price=5695.24, PE=8.6124, PE%=80.68%, temp=29°, src=danjuan-wind
2026-04-20T10:22:32:   [中证红利低波] 蛋卷基金: PE=8.4035, PE百分位=77.92%, 估值=high
2026-04-20T10:22:32:   [中证红利低波] 完成: price=11380.41, PE=8.4035, PE%=77.92%, temp=N/A, src=danjuan-wind
2026-04-20T10:22:32:   [中证消费] 蛋卷基金: PE=19.9003, PE百分位=7.92%, 估值=low
2026-04-20T10:22:32:   [中证消费] 完成: price=14258.35, PE=19.9003, PE%=7.92%, temp=0°, src=danjuan-wind
2026-04-20T10:22:32:   [科创50] 蛋卷基金: PE=159.6906, PE百分位=92.33%, 估值=high
2026-04-20T10:22:32:   [科创50] 完成: price=1439.47, PE=159.6906, PE%=92.33%, temp=N/A, src=danjuan-wind
2026-04-20T10:22:32:   [恒生科技] 开始获取数据...
2026-04-20T10:22:32:   [标普500] 开始获取数据...
2026-04-20T10:22:32:   [纳斯达克100] 开始获取数据...
2026-04-20T10:22:32:   [上证指数] 开始获取数据...
2026-04-20T10:22:32:   [恒生科技] 蛋卷基金: PE=23.1832, PE百分位=33.98%, 估值=high
2026-04-20T10:22:32:   [恒生科技] 完成: price=5063.53, PE=23.1832, PE%=33.98%, temp=11°, src=danjuan-wind
2026-04-20T10:22:32:   [标普500] 完成: price=7126.06, PE=null, PE%=null%, temp=N/A, src=none
2026-04-20T10:22:32:   [纳斯达克100] 完成: price=24468.48, PE=null, PE%=null%, temp=N/A, src=none
2026-04-20T10:22:32:   [上证指数] 完成: price=4072.28, PE=null, PE%=null%, temp=N/A, src=none
2026-04-20T10:22:32: [数据] ===== 全部完成，耗时 0.4s =====
2026-04-20T10:22:32: [缓存] indices 数据获取完成，耗时 0.4s
2026-04-20T10:22:35: [数据] ===== 开始获取所有指数数据 =====
2026-04-20T10:22:35:   [配置] 核心指数: 沪深300, 中证500, 中证红利, 中证红利低波, 中证消费, 科创50, 恒生科技, 标普500, 纳斯达克100
2026-04-20T10:22:35:   [配置] Dashboard额外: 上证指数
2026-04-20T10:22:35:   [行情] 东方财富批量接口获取 9 条
2026-04-20T10:22:35:   [行情] 东方财富缺失 1 个指数(HSTECH), 用腾讯补漏
2026-04-20T10:22:35:   [行情] 腾讯备用源获取 1 条
2026-04-20T10:22:35:   [行情] 腾讯补漏成功: HSTECH
2026-04-20T10:22:35:   [天天基金] 最近连续失败，暂时跳过重试
2026-04-20T10:22:35:   [沪深300] 开始获取数据...
2026-04-20T10:22:35:   [中证500] 开始获取数据...
2026-04-20T10:22:35:   [中证红利] 开始获取数据...
2026-04-20T10:22:35:   [中证红利低波] 开始获取数据...
2026-04-20T10:22:35:   [中证消费] 开始获取数据...
2026-04-20T10:22:35:   [科创50] 开始获取数据...
2026-04-20T10:22:35:   [沪深300] 蛋卷基金: PE=14.4034, PE百分位=89.36%, 估值=high
2026-04-20T10:22:35:   [沪深300] 完成: price=4747.75, PE=14.4034, PE%=89.36%, temp=60°, src=danjuan-wind
2026-04-20T10:22:35:   [中证500] 蛋卷基金: PE=36.4631, PE百分位=85.52%, 估值=high
2026-04-20T10:22:35:   [中证500] 完成: price=8281.25, PE=36.4631, PE%=85.52%, temp=74°, src=danjuan-wind
2026-04-20T10:22:35:   [中证红利] 蛋卷基金: PE=8.6124, PE百分位=80.68%, 估值=high
2026-04-20T10:22:35:   [中证红利] 完成: price=5695.24, PE=8.6124, PE%=80.68%, temp=29°, src=danjuan-wind
2026-04-20T10:22:35:   [中证红利低波] 蛋卷基金: PE=8.4035, PE百分位=77.92%, 估值=high
2026-04-20T10:22:35:   [中证红利低波] 完成: price=11380.41, PE=8.4035, PE%=77.92%, temp=N/A, src=danjuan-wind
2026-04-20T10:22:35:   [中证消费] 蛋卷基金: PE=19.9003, PE百分位=7.92%, 估值=low
2026-04-20T10:22:35:   [中证消费] 完成: price=14257.58, PE=19.9003, PE%=7.92%, temp=0°, src=danjuan-wind
2026-04-20T10:22:35:   [科创50] 蛋卷基金: PE=159.6906, PE百分位=92.33%, 估值=high
2026-04-20T10:22:35:   [科创50] 完成: price=1439.3, PE=159.6906, PE%=92.33%, temp=N/A, src=danjuan-wind
2026-04-20T10:22:35:   [恒生科技] 开始获取数据...
2026-04-20T10:22:35:   [标普500] 开始获取数据...
2026-04-20T10:22:35:   [纳斯达克100] 开始获取数据...
2026-04-20T10:22:35:   [上证指数] 开始获取数据...
2026-04-20T10:22:35:   [恒生科技] 蛋卷基金: PE=23.1832, PE百分位=33.98%, 估值=high
2026-04-20T10:22:35:   [恒生科技] 完成: price=5063.32, PE=23.1832, PE%=33.98%, temp=11°, src=danjuan-wind
2026-04-20T10:22:35:   [标普500] 完成: price=7126.06, PE=null, PE%=null%, temp=N/A, src=none
2026-04-20T10:22:35:   [纳斯达克100] 完成: price=24468.48, PE=null, PE%=null%, temp=N/A, src=none
2026-04-20T10:22:35:   [上证指数] 完成: price=4072, PE=null, PE%=null%, temp=N/A, src=none
2026-04-20T10:22:35: [数据] ===== 全部完成，耗时 0.5s =====
2026-04-20T10:22:35: [缓存] indices 数据获取完成，耗时 0.5s
2026-04-20T10:22:38: [数据] ===== 开始获取所有指数数据 =====
2026-04-20T10:22:38:   [配置] 核心指数: 沪深300, 中证500, 中证红利, 中证红利低波, 中证消费, 科创50, 恒生科技, 标普500, 纳斯达克100
2026-04-20T10:22:38:   [配置] Dashboard额外: 上证指数
2026-04-20T10:22:38:   [行情] 东方财富批量接口获取 9 条
2026-04-20T10:22:38:   [行情] 东方财富缺失 1 个指数(HSTECH), 用腾讯补漏
2026-04-20T10:22:38:   [行情] 腾讯备用源获取 1 条
2026-04-20T10:22:38:   [行情] 腾讯补漏成功: HSTECH
2026-04-20T10:22:38:   [天天基金] 最近连续失败，暂时跳过重试
2026-04-20T10:22:39:   [沪深300] 开始获取数据...
2026-04-20T10:22:39:   [中证500] 开始获取数据...
2026-04-20T10:22:39:   [中证红利] 开始获取数据...
2026-04-20T10:22:39:   [中证红利低波] 开始获取数据...
2026-04-20T10:22:39:   [中证消费] 开始获取数据...
2026-04-20T10:22:39:   [科创50] 开始获取数据...
2026-04-20T10:22:39:   [沪深300] 蛋卷基金: PE=14.4034, PE百分位=89.36%, 估值=high
2026-04-20T10:22:39:   [沪深300] 完成: price=4747.5, PE=14.4034, PE%=89.36%, temp=60°, src=danjuan-wind
2026-04-20T10:22:39:   [中证500] 蛋卷基金: PE=36.4631, PE百分位=85.52%, 估值=high
2026-04-20T10:22:39:   [中证500] 完成: price=8280.62, PE=36.4631, PE%=85.52%, temp=74°, src=danjuan-wind
2026-04-20T10:22:39:   [中证红利] 蛋卷基金: PE=8.6124, PE百分位=80.68%, 估值=high
2026-04-20T10:22:39:   [中证红利] 完成: price=5695.14, PE=8.6124, PE%=80.68%, temp=29°, src=danjuan-wind
2026-04-20T10:22:39:   [中证红利低波] 蛋卷基金: PE=8.4035, PE百分位=77.92%, 估值=high
2026-04-20T10:22:39:   [中证红利低波] 完成: price=11380.54, PE=8.4035, PE%=77.92%, temp=N/A, src=danjuan-wind
2026-04-20T10:22:39:   [中证消费] 蛋卷基金: PE=19.9003, PE百分位=7.92%, 估值=low
2026-04-20T10:22:39:   [中证消费] 完成: price=14258.02, PE=19.9003, PE%=7.92%, temp=0°, src=danjuan-wind
2026-04-20T10:22:39:   [科创50] 蛋卷基金: PE=159.6906, PE百分位=92.33%, 估值=high
2026-04-20T10:22:39:   [科创50] 完成: price=1439.38, PE=159.6906, PE%=92.33%, temp=N/A, src=danjuan-wind
2026-04-20T10:22:39:   [恒生科技] 开始获取数据...
2026-04-20T10:22:39:   [标普500] 开始获取数据...
2026-04-20T10:22:39:   [纳斯达克100] 开始获取数据...
2026-04-20T10:22:39:   [上证指数] 开始获取数据...
2026-04-20T10:22:39:   [恒生科技] 蛋卷基金: PE=23.1832, PE百分位=33.98%, 估值=high
2026-04-20T10:22:39:   [恒生科技] 完成: price=5063.45, PE=23.1832, PE%=33.98%, temp=11°, src=danjuan-wind
2026-04-20T10:22:39:   [标普500] 完成: price=7126.06, PE=null, PE%=null%, temp=N/A, src=none
2026-04-20T10:22:39:   [纳斯达克100] 完成: price=24468.48, PE=null, PE%=null%, temp=N/A, src=none
2026-04-20T10:22:39:   [上证指数] 完成: price=4072.19, PE=null, PE%=null%, temp=N/A, src=none
2026-04-20T10:22:39: [数据] ===== 全部完成，耗时 0.4s =====
2026-04-20T10:22:39: [缓存] indices 数据获取完成，耗时 0.4s
